Sharma to Marsh, 1 leg bye
Sharma to Hussey, OUT
Sharma to Hussey, 2 runs
Sharma to Hussey, SIX runs
Sharma to Bailey, 1 run
Sharma to Bailey, no run
Vinay to Hussey, no run
Vinay to Bailey, 1 run
Vinay to Hussey, 1 run
Vinay to Bailey, 1 run
Vinay to Hussey, 1 run
Vinay to Bailey, 1 run
Raina to Hussey, no run
Raina to Bailey, 1 run
Raina to Bailey, FOUR runs
Raina to Hussey, 1 run
Raina to Hussey, SIX runs
Raina to Hussey, 2 runs
Vinay to Hussey, 1 run
Vinay to Bailey, 1 run
Vinay to Bailey, no run
Vinay to Hussey, 1 run
Vinay to Bailey, 1 run
Vinay to Hussey, 1 run
Raina to Hussey, 1 run
Raina to Bailey, 1 run
Raina to Wade, OUT
Raina to Wade, 2 runs
Raina to Hussey, 1 run
Raina to Hussey, no run
Sharma to Hussey, 1 run
Sharma to Hussey, no run
Sharma to Hussey, SIX runs
Sharma to Wade, 1 run
Sharma to Wade, no run
Sharma to Hussey, 1 run
Praveen to Wade, SIX runs
Praveen to Hussey, 1 run
Praveen to Hussey, 2 runs
Praveen to Hussey, FOUR runs
Praveen to Wade, 1 run
Praveen to Wade, FOUR runs
Jadeja to Wade, 1 run
Jadeja to Wade, FOUR runs
Jadeja to Wade, SIX runs
Jadeja to Wade, FOUR runs
Jadeja to Hussey, 1 run
Jadeja to Wade, 1 run
Sharma to Hussey, no run
Sharma to Wade, 1 run
Sharma to Hussey, 1 run
Sharma to Hussey, 1 wide
Sharma to Hussey, no run
Sharma to Hussey, no run
Sharma to Hussey, no run
Jadeja to Wade, no run
Jadeja to Wade, no run
Jadeja to Wade, no run
Jadeja to Wade, FOUR runs
Jadeja to Hussey, 1 run
Jadeja to Wade, 1 run
Ashwin to Birt, OUT
Ashwin to Wade, 1 run
Ashwin to Wade, no run
Ashwin to Wade, 2 runs
Ashwin to Birt, 1 run
Ashwin to Wade, 1 run
Rohit Sharma to Wade, 1 run
Rohit Sharma to Birt, 1 run
Sharma to Birt, no run
Sharma to Birt, 2 runs
Sharma to Birt, FOUR runs
Sharma to Birt, no run
Ashwin to Birt, 1 run
Ashwin to Birt, no run
Ashwin to Birt, no run
Ashwin to Birt, no run
Ashwin to Wade, 1 run
Ashwin to Wade, SIX runs
Raina to Wade, 1 run
Raina to Birt, 1 run
Raina to Birt, no run
Raina to Birt, no run
Raina to Wade, 1 run
Raina to Wade, no run
Vinay to Birt, no run
Vinay to Birt, SIX runs
Vinay to Birt, no run
Vinay to Birt, no run
Vinay to Birt, no run
Vinay to Wade, 1 run
Praveen to Wade, 3 runs
Praveen to Birt, 1 run
Praveen to Birt, no run
Praveen to Wade, 3 runs
Praveen to Wade, no run
Praveen to Wade, 2 runs
Vinay to Wade, 1 run
Vinay to Warner, OUT
Vinay to Wade, 1 run
Vinay to Wade, 1 wide
Vinay to Warner, 3 runs
Vinay to Warner, 2 runs
Vinay to Wade, 3 runs
Ashwin to Warner, 2 runs
Ashwin to Warner, SIX runs
Ashwin to Warner, FOUR runs
Ashwin to Warner, SIX runs
Ashwin to Warner, no run
Ashwin to Wade, 1 run
Praveen to Wade, 1 run
Praveen to Wade, no run
Praveen to Wade, FOUR runs
Praveen to Warner, 1 run
Praveen to Warner, no run
Praveen to Wade, 1 run
Ashwin to Wade, 1 run
Ashwin to Wade, no run
Ashwin to Warner, 1 run
Ashwin to Warner, no run
Ashwin to Warner, no run
Ashwin to Warner, no run
