Doherty to Dhoni, 2 runs
Doherty to Ashwin, 1 run
Doherty to Ashwin, no run
Doherty to Ashwin, no run
Doherty to Dhoni, 1 run
Doherty to Ashwin, 1 run
Doherty to Ashwin, 1 wide
Lee to Dhoni, SIX runs
Lee to Dhoni, no run
Lee to Dhoni, no run
Lee to Dhoni, 1 wide
Lee to Dhoni, 2 runs
Lee to Dhoni, no run
Lee to Ashwin, 1 run
Doherty to Ashwin, 1 run
Doherty to Dhoni, 1 run
Doherty to Ashwin, 1 run
Doherty to Dhoni, 1 run
Doherty to Ashwin, 1 run
Doherty to Ashwin, no run
Faulkner to Dhoni, SIX runs
Faulkner to Dhoni, no run
Faulkner to Ashwin, 1 run
Faulkner to Dhoni, 1 run
Faulkner to Ashwin, 1 run
Faulkner to Ashwin, no run
Christian to Dhoni, no run
Christian to Ashwin, 1 leg bye
Christian to Dhoni, 1 run
Christian to Dhoni, FOUR runs
Christian to Dhoni, no run
Christian to Dhoni, 2 runs
Christian to Dhoni, (no ball) SIX runs
Hogg to Ashwin, 2 runs
Hogg to Ashwin, FOUR runs
Hogg to Dhoni, 1 run
Hogg to Dhoni, no run
Hogg to Ashwin, 1 run
Hogg to Dhoni, 1 run
Christian to Dhoni, 1 run
Christian to Dhoni, 2 runs
Christian to Dhoni, 2 runs
Christian to Jadeja, OUT
Christian to Jadeja, no run
Christian to Jadeja, FOUR runs
Lee to Jadeja, 1 run
Lee to Jadeja, no run
Lee to Dhoni, 1 run
Lee to Dhoni, 1 wide
Lee to Dhoni, no run
Lee to Jadeja, 1 run
Lee to Jadeja, no run
Christian to Dhoni, no run
Christian to Dhoni, no run
Christian to Jadeja, 1 run
Christian to Raina, OUT
Christian to Dhoni, 1 run
Christian to Raina, 1 run
Hogg to Dhoni, no run
Hogg to Dhoni, no run
Hogg to Raina, 1 run
Hogg to Dhoni, 1 run
Hogg to Raina, 1 run
Hogg to Dhoni, 1 run
Doherty to Raina, FOUR runs
Doherty to Dhoni, 1 run
Doherty to Raina, 1 run
Doherty to Dhoni, 1 run
Doherty to Dhoni, no run
Doherty to Raina, 1 run
Hogg to Raina, 1 run
Hogg to Raina, 2 runs
Hogg to Raina, no run
Hogg to Dhoni, 1 run
Hogg to Dhoni, no run
Hogg to Dhoni, no run
Hussey to Raina, no run
Hussey to Dhoni, 1 run
Hussey to Dhoni, no run
Hussey to Dhoni, no run
Hussey to Dhoni, no run
Hussey to Rohit Sharma, OUT
Hogg to Raina, no run
Hogg to Raina, no run
Hogg to Kohli, OUT
Hogg to Raina, 1 run
Hogg to Kohli, 1 run
Hogg to Kohli, 2 runs
Hussey to Kohli, 1 run
Hussey to Kohli, no run
Hussey to Raina, 1 run
Hussey to Gambhir, OUT
Hussey to Kohli, 1 run
Hussey to Kohli, no run
Christian to Kohli, 1 run
Christian to Gambhir, 1 run
Christian to Kohli, 1 run
Christian to Gambhir, 1 run
Christian to Gambhir, FOUR runs
Christian to Kohli, 1 run
Faulkner to Gambhir, FOUR runs
Faulkner to Kohli, 1 run
Faulkner to Gambhir, 1 run
Faulkner to Kohli, 1 run
Faulkner to Gambhir, 1 run
Faulkner to Kohli, 1 run
Lee to Kohli, 1 run
Lee to Kohli, SIX runs
Lee to Gambhir, 1 run
Lee to Kohli, 1 leg bye
Lee to Kohli, 2 runs
Lee to Kohli, 1 wide
Lee to Kohli, no run
Doherty to Gambhir, no run
Doherty to Kohli, 1 run
Doherty to Kohli, no run
Doherty to Gambhir, 1 run
Doherty to Gambhir, 2 runs
Doherty to Gambhir, no run
Lee to Gambhir, 1 leg bye
Lee to Gambhir, FOUR runs
Lee to Kohli, 1 run
Lee to Sehwag, OUT
Lee to Sehwag, FOUR runs
Lee to Sehwag, no run
Lee to Gambhir, 2 wide
