Kulasekara to Ajmal, OUT
Kulasekara to Ajmal, 1 wide
Kulasekara to Usman Shinwari, 1 run
Malinga to Usman Shinwari, 1 run
Malinga to Usman Shinwari, no run
Malinga to Tanvir, OUT
Malinga to Tanvir, no run
Malinga to Tanvir, no run
Malinga to Tanvir, 1 wide
Malinga to Tanvir, no run
Perera to Ajmal, 2 runs
Perera to Ajmal, SIX runs
Perera to Tanvir, 1 run
Perera to Tanvir, 2 runs
Perera to Ajmal, 1 run
Perera to Ajmal, no run
Malinga to Tanvir, FOUR runs
Malinga to Ajmal, (no ball) 1 run
Malinga to Tanvir, (no ball) 1 run
Malinga to Ajmal, 1 run
Malinga to Ajmal, 2 runs
Malinga to Tanvir, 1 run
Malinga to Tanvir, FOUR runs
Malinga to Tanvir, FOUR runs
Kulasekara to Tanvir, 1 run
Kulasekara to Ajmal, 1 run
Kulasekara to Ajmal, no run
Kulasekara to Tanvir, 1 run
Kulasekara to Ajmal, 1 run
Kulasekara to Tanvir, 1 run
Senanayake to Tanvir, 1 run
Senanayake to Ajmal, 1 run
Senanayake to Tanvir, 1 run
Senanayake to Tanvir, SIX runs
Senanayake to Ajmal, 1 leg bye
Senanayake to Tanvir, 1 run
Perera to Ajmal, no run
Perera to Ajmal, FOUR runs
Perera to Tanvir, 1 bye
Perera to Tanvir, FOUR runs
Perera to Tanvir, 1 wide
Perera to Tanvir, FOUR runs
Perera to Afridi, OUT
Malinga to Tanvir, no run
Malinga to Afridi, 1 run
Malinga to Tanvir, 1 run
Malinga to Afridi, 1 run
Malinga to Tanvir, 1 run
Malinga to Afridi, 1 run
Prasanna to Afridi, 1 run
Prasanna to Tanvir, 1 run
Prasanna to Afridi, 1 run
Prasanna to Afridi, FOUR runs
Prasanna to Afridi, SIX runs
Prasanna to Afridi, 1 wide
Prasanna to Afridi, SIX runs
Prasanna to Afridi, 5 wide
Senanayake to Afridi, 1 run
Senanayake to Afridi, FOUR runs
Senanayake to Tanvir, 1 run
Senanayake to Bhatti, OUT
Senanayake to Umar Amin, OUT
Senanayake to Afridi, 1 run
Prasanna to Umar Amin, no run
Prasanna to Umar Akmal, OUT
Prasanna to Afridi, 1 run
Prasanna to Sharjeel, OUT
Prasanna to Sharjeel, SIX runs
Prasanna to Sharjeel, SIX runs
Perera to Sharjeel, 1 run
Perera to Sharjeel, FOUR runs
Perera to Sharjeel, FOUR runs
Perera to Maqsood, OUT
Perera to Sharjeel, 1 run
Perera to Maqsood, 1 run
Prasanna to Sharjeel, 2 runs
Prasanna to Maqsood, 1 run
Prasanna to Maqsood, no run
Prasanna to Maqsood, no run
Prasanna to Maqsood, FOUR runs
Prasanna to Maqsood, no run
Dilshan to Sharjeel, SIX runs
Dilshan to Maqsood, 1 run
Dilshan to Maqsood, no run
Dilshan to Sharjeel, 1 run
Dilshan to Maqsood, 1 run
Dilshan to Maqsood, FOUR runs
Angelo Mathews to Sharjeel, FOUR runs
Angelo Mathews to Sharjeel, FOUR runs
Angelo Mathews to Sharjeel, no run
Angelo Mathews to Maqsood, 1 run
Angelo Mathews to Sharjeel, 1 run
Angelo Mathews to Sharjeel, no run
Senanayake to Maqsood, no run
Senanayake to Maqsood, no run
Senanayake to Maqsood, no run
Senanayake to Maqsood, 2 runs
Senanayake to Sharjeel, 1 run
Senanayake to Sharjeel, no run
Kulasekara to Hafeez, OUT
Kulasekara to Hafeez, 2 runs
Kulasekara to Hafeez, no run
Kulasekara to Hafeez, no run
Kulasekara to Hafeez, no run
Kulasekara to Hafeez, FOUR runs
Senanayake to Sharjeel, 2 runs
Senanayake to Sharjeel, no run
Senanayake to Hafeez, 1 run
Senanayake to Shehzad, OUT
Senanayake to Shehzad, FOUR runs
Senanayake to Shehzad, no run
Kulasekara to Sharjeel, FOUR runs
Kulasekara to Shehzad, 1 run
Kulasekara to Shehzad, no run
Kulasekara to Shehzad, no run
Kulasekara to Sharjeel, 3 runs
Kulasekara to Sharjeel, 1 wide
Kulasekara to Shehzad, 1 run
Malinga to Sharjeel, no run
Malinga to Shehzad, 1 run
Malinga to Shehzad, no run
Malinga to Sharjeel, 1 leg bye
Malinga to Sharjeel, no run
Malinga to Sharjeel, no run
Malinga to Shehzad, (no ball) 1 run
