Tanvir to Sangakkara, 1 run, OUT
Tanvir to Perera, 1 run
Tanvir to Sangakkara, 1 run
Tanvir to Sangakkara, no run
Tanvir to Sangakkara, FOUR runs
Tanvir to Sangakkara, SIX runs
Usman Shinwari to Perera, 2 runs
Usman Shinwari to Perera, SIX runs
Usman Shinwari to Perera, SIX runs
Usman Shinwari to Sangakkara, 1 run
Usman Shinwari to Perera, 1 run
Usman Shinwari to Perera, 2 runs
Tanvir to Sangakkara, 2 runs
Tanvir to Sangakkara, no run
Tanvir to Sangakkara, 2 runs
Tanvir to Sangakkara, 2 runs
Tanvir to Perera, 1 run
Tanvir to Perera, 2 runs
Usman Shinwari to Perera, 1 run
Usman Shinwari to Sangakkara, 1 run
Usman Shinwari to Sangakkara, no run
Usman Shinwari to Sangakkara, FOUR runs
Usman Shinwari to Perera, 1 leg bye
Usman Shinwari to Perera, FOUR runs
Ajmal to Sangakkara, SIX runs
Ajmal to Perera, 1 run
Ajmal to Perera, no run
Ajmal to Sangakkara, 1 run
Ajmal to Sangakkara, 2 runs
Ajmal to Perera, 1 run
Bhatti to Perera, 1 run
Bhatti to Perera, 2 runs
Bhatti to Sangakkara, 1 run
Bhatti to Sangakkara, no run
Bhatti to Sangakkara, (no ball) FOUR runs
Bhatti to Sangakkara, 1 wide
Bhatti to Sangakkara, FOUR runs
Bhatti to Sangakkara, 2 runs
Ajmal to Perera, no run
Ajmal to Prasanna, OUT
Ajmal to Prasanna, 1 wide
Ajmal to Prasanna, FOUR runs
Ajmal to Prasanna, 1 wide
Ajmal to Perera, 1 run
Ajmal to Prasanna, 1 run
Ajmal to Perera, 1 run
Hafeez to Prasanna, no run
Hafeez to Prasanna, SIX runs
Hafeez to Prasanna, SIX runs
Hafeez to Perera, 1 run
Hafeez to Prasanna, 2 wide
Hafeez to Prasanna, 5 wide
Hafeez to Prasanna, FOUR runs
Hafeez to Prasanna, no run
Ajmal to Dilshan, OUT
Ajmal to Perera, 1 run
Ajmal to Perera, no run
Ajmal to Dilshan, 1 run
Ajmal to Dilshan, no run
Ajmal to Dilshan, no run
Hafeez to Dilshan, 1 run
Hafeez to Dilshan, 2 runs
Hafeez to Perera, 1 run
Hafeez to Perera, 2 runs
Hafeez to Dilshan, 1 run
Hafeez to Perera, 1 run
Afridi to Perera, 1 run
Afridi to Perera, SIX runs
Afridi to Perera, FOUR runs
Afridi to Perera, FOUR runs
Afridi to Dilshan, 1 run
Afridi to Perera, 1 run
Hafeez to Dilshan, FOUR runs
Hafeez to Perera, 1 run
Hafeez to Perera, 2 runs
Hafeez to Dilshan, 1 run
Hafeez to Perera, 1 run
Hafeez to Dilshan, 1 run
Afridi to Dilshan, 1 run
Afridi to Dilshan, FOUR runs
Afridi to Dilshan, no run
Afridi to Perera, 1 run
Afridi to Dilshan, 1 run
Afridi to Perera, 1 run
Hafeez to Dilshan, no run
Hafeez to Dilshan, no run
Hafeez to Perera, 1 run
Hafeez to Dilshan, 1 run
Hafeez to Perera, 1 run
Hafeez to Perera, no run
Ajmal to Perera, 1 run
Ajmal to Perera, no run
Ajmal to Perera, no run
Ajmal to Perera, no run
Ajmal to Dilshan, 1 run
Ajmal to Perera, 1 run
Bhatti to Dilshan, no run
Bhatti to Dilshan, FOUR runs
Bhatti to Dilshan, FOUR runs
Bhatti to Dilshan, no run
Bhatti to Dilshan, FOUR runs
Bhatti to Dilshan, FOUR runs
Tanvir to Perera, FOUR runs
Tanvir to Perera, no run
Tanvir to Dilshan, 1 run
Tanvir to Perera, 1 run
Tanvir to Perera, no run
Tanvir to Perera, no run
Usman Shinwari to Dilshan, FOUR runs
Usman Shinwari to Perera, 1 run
Usman Shinwari to Dilshan, 1 run
Usman Shinwari to Dilshan, no run
Usman Shinwari to Dilshan, no run
Usman Shinwari to Dilshan, FOUR runs
Usman Shinwari to Dilshan, 1 wide
Tanvir to Dilshan, 1 run
Tanvir to Perera, 1 run
Tanvir to Perera, no run
Tanvir to Perera, no run
Tanvir to Perera, no run
Tanvir to Dilshan, 1 run
Usman Shinwari to Perera, 2 runs
Usman Shinwari to Perera, no run
Usman Shinwari to Perera, 1 wide
Usman Shinwari to Perera, FOUR runs
Usman Shinwari to Perera, SIX runs
Usman Shinwari to Perera, no run
Usman Shinwari to Perera, no run
