Dwayne Bravo to McCullum, OUT
Dwayne Bravo to Mills, 1 run
Dwayne Bravo to McCullum, 1 run
Dwayne Bravo to Doug Bracewell, OUT
Edwards to McCullum, no run
Edwards to Doug Bracewell, 1 run
Edwards to McCullum, 1 run
Edwards to Doug Bracewell, 1 run
Edwards to McCullum, 1 run
Edwards to Doug Bracewell, 1 run
Samuels to Doug Bracewell, 1 run
Samuels to McCullum, 1 run
Samuels to Doug Bracewell, 1 run
Samuels to Doug Bracewell, no run
Samuels to Doug Bracewell, SIX runs
Samuels to Doug Bracewell, SIX runs
Narine to Doug Bracewell, 1 run
Narine to Doug Bracewell, 2 runs
Narine to McCullum, 1 run
Narine to Ellis, OUT
Narine to McCullum, 1 run
Narine to McCullum, no run
Samuels to Ellis, no run
Samuels to McCullum, 1 run
Samuels to McCullum, 2 runs
Samuels to McCullum, no run
Samuels to Ellis, 1 run
Samuels to Latham, OUT
Dwayne Bravo to McCullum, 2 runs
Dwayne Bravo to Latham, 1 run
Dwayne Bravo to Latham, no run
Dwayne Bravo to Latham, FOUR runs
Dwayne Bravo to McCullum, 1 run
Dwayne Bravo to McCullum, 2 runs
Samuels to Latham, 2 runs
Samuels to Latham, 2 runs
Samuels to Latham, no run
Samuels to Latham, 2 runs
Samuels to Latham, no run
Samuels to Flynn, OUT
Sammy to Flynn, 1 leg bye
Sammy to Flynn, 2 runs
Sammy to Flynn, no run
Sammy to Latham, 1 run
Sammy to Latham, no run
Sammy to Latham, 2 runs
Dwayne Bravo to Flynn, SIX runs
Dwayne Bravo to Latham, 1 run
Dwayne Bravo to Flynn, 1 run
Dwayne Bravo to Latham, 1 run
Dwayne Bravo to Latham, no run
Dwayne Bravo to Latham, 2 runs
Sammy to Latham, 1 run
Sammy to Latham, 1 wide
Sammy to Latham, no run
Sammy to Flynn, 1 run
Sammy to Flynn, no run
Sammy to Flynn, no run
Sammy to Flynn, SIX runs
Narine to Latham, no run
Narine to Brownlie, OUT
Narine to Brownlie, no run
Narine to Flynn, 1 run
Narine to Brownlie, 1 run
Narine to Flynn, 1 run
Badree to Brownlie, no run
Badree to Flynn, 1 run
Badree to Southee, OUT
Badree to Southee, no run
Badree to Southee, 2 runs
Badree to Flynn, 1 run
Narine to Flynn, 1 run
Narine to Flynn, no run
Narine to Southee, 1 run
Narine to Flynn, 1 run
Narine to Flynn, no run
Narine to Flynn, no run
Badree to Williamson, OUT
Badree to Williamson, FOUR runs
Badree to Williamson, no run
Badree to Williamson, no run
Badree to Williamson, 2 runs
Badree to Southee, 1 leg bye
Narine to Nicol, OUT
Narine to Guptill, OUT
Narine to Guptill, no run
Narine to Guptill, no run
Narine to Guptill, no run
Narine to Guptill, 1 wide
Narine to Guptill, no run
Badree to Nicol, no run
Badree to Nicol, 2 runs
Badree to Nicol, no run
Badree to Guptill, 1 run
Badree to Nicol, 1 run
Badree to Nicol, no run
Edwards to Nicol, 1 run
Edwards to Guptill, 1 run
Edwards to Guptill, SIX runs
Edwards to Guptill, no run
Edwards to Guptill, no run
Edwards to Nicol, 1 run
Badree to Guptill, no run
Badree to Guptill, FOUR runs
Badree to Nicol, 1 run
Badree to Nicol, no run
Badree to Nicol, no run
Badree to Guptill, 1 run
Edwards to Guptill, 1 run
Edwards to Guptill, no run
Edwards to Guptill, FOUR runs
Edwards to Guptill, no run
Edwards to Guptill, no run
Edwards to Nicol, 1 run
