Ellis to Samuels, 1 leg bye
Ellis to Samuels, 2 runs
Ellis to Dwayne Bravo, 1 run
Ellis to Dwayne Bravo, SIX runs
Ellis to Dwayne Bravo, FOUR runs
Ellis to Samuels, 1 run
Southee to Samuels, 1 run
Southee to Sammy, OUT
Southee to Sammy, 2 runs
Southee to Dwayne Bravo, 1 run
Southee to Dwayne Bravo, SIX runs
Southee to Sammy, 1 run
Ellis to Dwayne Bravo, 2 runs
Ellis to Sammy, 1 run
Ellis to Dwayne Bravo, 1 run
Ellis to Dwayne Bravo, SIX runs
Ellis to Sammy, 1 run
Ellis to Dwayne Bravo, 1 run
Southee to Sammy, no run
Southee to Sammy, 1 wide
Southee to Sammy, 2 runs
Southee to Sammy, FOUR runs
Southee to Dwayne Bravo, 1 run
Southee to Dwayne Bravo, SIX runs
Southee to Sammy, 1 run
McCullum to Simmons, OUT
McCullum to Simmons, SIX runs
McCullum to Sammy, 1 run
McCullum to Sammy, no run
McCullum to Gayle, OUT
McCullum to Simmons, 1 run
Mills to Gayle, no run
Mills to Simmons, 1 run
Mills to Gayle, 1 run
Mills to Gayle, no run
Mills to Simmons, 1 run
Mills to Simmons, no run
Nicol to Simmons, 1 run
Nicol to Simmons, SIX runs
Nicol to Simmons, no run
Nicol to Simmons, no run
Nicol to Simmons, no run
Nicol to Simmons, no run
Doug Bracewell to Gayle, no run
Doug Bracewell to Gayle, FOUR runs
Doug Bracewell to Gayle, SIX runs
Doug Bracewell to Gayle, SIX runs
Doug Bracewell to Simmons, 1 run
Doug Bracewell to Simmons, no run
Nicol to Gayle, no run
Nicol to Gayle, 2 runs
Nicol to Simmons, 1 run
Nicol to Simmons, no run
Nicol to Charles, OUT
Nicol to Gayle, 1 run
Southee to Charles, no run
Southee to Charles, no run
Southee to Charles, no run
Southee to Charles, 1 wide
Southee to Charles, FOUR runs
Southee to Gayle, 1 run
Southee to Charles, 1 run
Ellis to Charles, 1 run
Ellis to Gayle, 1 run
Ellis to Charles, 1 run
Ellis to Gayle, 1 run
Ellis to Gayle, 1 wide
Ellis to Charles, 1 run
Ellis to Charles, no run
McCullum to Charles, 1 run
McCullum to Gayle, 1 run
McCullum to Gayle, SIX runs
McCullum to Gayle, no run
McCullum to Charles, 1 run
McCullum to Charles, no run
Doug Bracewell to Gayle, FOUR runs
Doug Bracewell to Gayle, SIX runs
Doug Bracewell to Charles, 1 run
Doug Bracewell to Charles, SIX runs
Doug Bracewell to Gayle, 1 run
Doug Bracewell to Gayle, no run
McCullum to Gayle, 1 run
McCullum to Gayle, no run
McCullum to Gayle, no run
McCullum to Charles, 1 run
McCullum to Charles, no run
McCullum to Charles, no run
Ellis to Gayle, 2 runs
Ellis to Gayle, no run
Ellis to Gayle, no run
Ellis to Charles, 1 run
Ellis to Gayle, 1 run
Ellis to Gayle, FOUR runs
Mills to Gayle, 1 run
Mills to Charles, 1 run
Mills to Charles, no run
Mills to Charles, no run
Mills to Charles, no run
Mills to Gayle, 1 run
Southee to Gayle, 1 run
Southee to Charles, 1 run
Southee to Gayle, 1 run
Southee to Charles, 1 run
Southee to Charles, FOUR runs
Southee to Charles, 2 runs
Mills to Gayle, no run
Mills to Gayle, no run
Mills to Gayle, no run
Mills to Gayle, no run
Mills to Gayle, no run
Mills to Gayle, no run
Doug Bracewell to Charles, no run
Doug Bracewell to Charles, no run
Doug Bracewell to Charles, no run
Doug Bracewell to Charles, FOUR runs
Doug Bracewell to Charles, FOUR runs
Doug Bracewell to Smith, OUT
Mills to Smith, 1 run
Mills to Smith, no run
Mills to Smith, no run
Mills to Smith, SIX runs
Mills to Smith, (no ball)
Mills to Smith, SIX runs
Mills to Smith, no run
