Tanvir to Waller, 1 run
Tanvir to Taylor, 1 leg bye
Tanvir to Waller, 1 run
Tanvir to Taylor, 1 run
Tanvir to Waller, 1 run
Tanvir to Taylor, 1 run
Ajmal to Waller, SIX runs
Ajmal to Waller, FOUR runs
Ajmal to Waller, no run
Ajmal to Taylor, 1 run
Ajmal to Waller, 1 run
Ajmal to Taylor, 1 run
Afridi to Chigumbura, OUT
Afridi to Chigumbura, 2 runs
Afridi to Chigumbura, FOUR runs
Afridi to Chigumbura, no run
Afridi to Chigumbura, no run
Afridi to Maruma, OUT
Ajmal to Maruma, 1 run
Ajmal to Maruma, no run
Ajmal to Taylor, 1 run
Ajmal to Maruma, 1 run
Ajmal to Maruma, FOUR runs
Ajmal to Maruma, no run
Tanvir to Taylor, FOUR runs
Tanvir to Maruma, 1 run
Tanvir to Maruma, 1 wide
Tanvir to Taylor, 1 run
Tanvir to Maruma, 1 run
Tanvir to Taylor, 1 run
Tanvir to Taylor, no run
Ajmal to Maruma, no run
Ajmal to Maruma, no run
Ajmal to Taylor, 1 run
Ajmal to Taylor, 1 wide
Ajmal to Maruma, 1 run
Ajmal to Maruma, no run
Ajmal to Taylor, 1 bye
Hafeez to Taylor, 1 run
Hafeez to Taylor, no run
Hafeez to Maruma, 1 run
Hafeez to Williams, OUT
Hafeez to Williams, 2 runs
Hafeez to Williams, no run
Afridi to Williams, 1 run
Afridi to Williams, 2 runs
Afridi to Williams, FOUR runs
Afridi to Williams, no run
Afridi to Sibanda, OUT
Afridi to Taylor, 1 run
Hafeez to Sibanda, no run
Hafeez to Taylor, 1 run
Hafeez to Taylor, FOUR runs
Hafeez to Sibanda, 1 run
Hafeez to Sibanda, 1 wide
Hafeez to Taylor, 1 run
Hafeez to Taylor, no run
Afridi to Sibanda, no run
Afridi to Taylor, 1 run
Afridi to Taylor, no run
Afridi to Taylor, FOUR runs
Afridi to Sibanda, 1 run
Afridi to Taylor, 1 run
Anwar Ali to Sibanda, no run
Anwar Ali to Taylor, 1 run
Anwar Ali to Taylor, 2 runs
Anwar Ali to Taylor, no run
Anwar Ali to Sibanda, 3 runs
Anwar Ali to Sibanda, no run
Afridi to Sibanda, 1 run
Afridi to Taylor, 1 run
Afridi to Sibanda, 1 run
Afridi to Sibanda, no run
Afridi to Taylor, 1 run
Afridi to Taylor, no run
Anwar Ali to Taylor, 1 run
Anwar Ali to Masakadza, OUT
Anwar Ali to Masakadza, no run
Anwar Ali to Sibanda, 1 run
Anwar Ali to Sibanda, no run
Anwar Ali to Sibanda, FOUR runs
Irfan to Masakadza, no run
Irfan to Sibanda, 1 run
Irfan to Sibanda, no run
Irfan to Sibanda, no run
Irfan to Sibanda, FOUR runs
Irfan to Masakadza, 1 run
Ajmal to Masakadza, 1 run
Ajmal to Sibanda, 1 run
Ajmal to Sibanda, 5 wide
Ajmal to Sibanda, no run
Ajmal to Sibanda, no run
Ajmal to Sibanda, no run
Ajmal to Sibanda, no run
Irfan to Sibanda, 1 run
Irfan to Sibanda, no run
Irfan to Sibanda, 4 byes
Irfan to Sibanda, no run
Irfan to Sibanda, 2 runs
Irfan to Sibanda, no run
Anwar Ali to Masakadza, no run
Anwar Ali to Masakadza, FOUR runs
Anwar Ali to Masakadza, no run
Anwar Ali to Sibanda, 1 run
Anwar Ali to Sibanda, FOUR runs
Anwar Ali to Sibanda, no run
Tanvir to Masakadza, no run
Tanvir to Sibanda, 1 run
Tanvir to Sibanda, no run
Tanvir to Sibanda, no run
Tanvir to Sibanda, no run
Tanvir to Sibanda, 2 runs
Irfan to Masakadza, no run
Irfan to Masakadza, FOUR runs
Irfan to Masakadza, FOUR runs
Irfan to Masakadza, no run
Irfan to Sibanda, 1 leg bye
Irfan to Masakadza, 1 run
Tanvir to Sibanda, no run
Tanvir to Sibanda, no run
Tanvir to Sibanda, 1 wide
Tanvir to Sibanda, 2 runs
Tanvir to Sibanda, no run
Tanvir to Masakadza, 3 runs
Tanvir to Masakadza, no run
