Chatara to Anwar Ali, no run
Chatara to Anwar Ali, 2 runs
Chatara to Anwar Ali, FOUR runs
Chatara to Anwar Ali, no run
Chatara to Afridi, 1 run
Chatara to Afridi, 2 runs
Vitori to Anwar Ali, 2 runs
Vitori to Afridi, 1 run
Vitori to Afridi, no run
Vitori to Anwar Ali, 1 run
Vitori to Afridi, 1 run
Vitori to Afridi, FOUR runs
Masakadza to Afridi, 1 run
Masakadza to Afridi, no run
Masakadza to Afridi, SIX runs
Masakadza to Anwar Ali, 1 run
Masakadza to Shehzad, OUT
Masakadza to Afridi, 1 run
Vitori to Shehzad, FOUR runs
Vitori to Afridi, 1 run
Vitori to Shehzad, 1 run
Vitori to Afridi, 1 run
Vitori to Afridi, 2 runs
Vitori to Shehzad, 1 run
Chatara to Shehzad, 1 run
Chatara to Afridi, 1 run
Chatara to Shehzad, 1 run
Chatara to Shehzad, SIX runs
Chatara to Shehzad, 2 runs
Chatara to Afridi, 1 leg bye
Chigumbura to Afridi, 1 run
Chigumbura to Shehzad, 1 run
Chigumbura to Shehzad, FOUR runs
Chigumbura to Maqsood, OUT
Chigumbura to Maqsood, SIX runs
Chigumbura to Shehzad, 1 run
Williams to Shehzad, 1 run
Williams to Maqsood, 1 run
Williams to Maqsood, FOUR runs
Williams to Shehzad, 1 run
Williams to Shehzad, FOUR runs
Williams to Shehzad, 2 runs
Masakadza to Maqsood, 2 runs
Masakadza to Shehzad, 1 run
Masakadza to Maqsood, 1 run
Masakadza to Shehzad, 1 run
Masakadza to Shehzad, 2 runs
Masakadza to Maqsood, 3 runs
Chigumbura to Maqsood, 1 run
Chigumbura to Shehzad, 1 run
Chigumbura to Shehzad, FOUR runs
Chigumbura to Shehzad, FOUR runs
Chigumbura to Maqsood, 1 run
Chigumbura to Maqsood, SIX runs
Utseya to Maqsood, 1 run
Utseya to Maqsood, no run
Utseya to Maqsood, no run
Utseya to Shehzad, 1 run
Utseya to Shehzad, no run
Utseya to Shehzad, no run
Williams to Shehzad, 1 run
Williams to Shehzad, 2 runs
Williams to Shehzad, no run
Williams to Shehzad, 2 runs
Williams to Shehzad, no run
Williams to Shehzad, no run
Utseya to Maqsood, no run
Utseya to Maqsood, no run
Utseya to Maqsood, no run
Utseya to Shehzad, 1 run
Utseya to Umar Amin, OUT
Utseya to Shehzad, 1 run
Masakadza to Shehzad, 1 run
Masakadza to Shehzad, 2 runs
Masakadza to Shehzad, 1 wide
Masakadza to Umar Amin, 1 run
Masakadza to Umar Amin, no run
Masakadza to Shehzad, 1 run
Masakadza to Umar Amin, 1 run
Utseya to Umar Amin, 1 run
Utseya to Umar Amin, no run
Utseya to Shehzad, 1 run
Utseya to Umar Amin, 1 run
Utseya to Umar Amin, 2 runs
Utseya to Shehzad, 1 run
Masakadza to Shehzad, 1 run
Masakadza to Shehzad, no run
Masakadza to Shehzad, FOUR runs
Masakadza to Shehzad, no run
Masakadza to Umar Amin, 1 run
Masakadza to Umar Amin, FOUR runs
Masakadza to Umar Amin, 1 wide
Vitori to Shehzad, no run
Vitori to Umar Amin, 1 run
Vitori to Shehzad, 1 run
Vitori to Umar Amin, 1 run
Vitori to Umar Amin, no run
Vitori to Umar Amin, no run
Chatara to Umar Amin, 1 run
Chatara to Umar Amin, no run
Chatara to Umar Amin, no run
Chatara to Umar Amin, 1 wide
Chatara to Umar Amin, no run
Chatara to Hafeez, OUT
Chatara to Hafeez, 2 runs
Chatara to Hafeez, 1 wide
Vitori to Hafeez, 1 run
Vitori to Hafeez, no run
Vitori to Hafeez, no run
Vitori to Hafeez, 1 wide
Vitori to Hafeez, no run
Vitori to Hafeez, no run
Vitori to Hafeez, 1 wide
Vitori to Shehzad, 1 run
Chatara to Hafeez, no run
Chatara to Jamshed, OUT
Chatara to Jamshed, 4 leg byes
Chatara to Shehzad, 3 runs
Chatara to Jamshed, 1 run
Chatara to Jamshed, no run
Chatara to Jamshed, 1 wide
Utseya to Jamshed, 1 run
Utseya to Jamshed, 1 wide
Utseya to Shehzad, 1 run
Utseya to Shehzad, no run
Utseya to Shehzad, no run
Utseya to Shehzad, no run
Utseya to Shehzad, 2 runs
