Mortaza to Imran Nazir, 2 runs
Mortaza to Imran Nazir, no run
Mortaza to Imran Nazir, FOUR runs
Mortaza to Kamran, 1 run
Mortaza to Imran Nazir, 1 run
Mortaza to Imran Nazir, FOUR runs
Razzak to Imran Nazir, 1 run
Razzak to Imran Nazir, no run
Razzak to Kamran, 1 run
Razzak to Kamran, no run
Razzak to Imran Nazir, 1 run
Razzak to Kamran, 1 run
Mahmudullah to Imran Nazir, no run
Mahmudullah to Imran Nazir, SIX runs
Mahmudullah to Salman Butt, 1 run, OUT
Mahmudullah to Imran Nazir, 1 run
Mahmudullah to Salman Butt, 1 run
Mahmudullah to Imran Nazir, 1 run
Mortaza to Imran Nazir, 1 run
Mortaza to Salman Butt, 3 runs
Mortaza to Imran Nazir, 1 run
Mortaza to Imran Nazir, FOUR runs
Mortaza to Misbah, OUT
Mortaza to Salman Butt, 1 run
Mahmudullah to Salman Butt, 1 run
Mahmudullah to Misbah, 1 run
Mahmudullah to Salman Butt, 1 run
Mahmudullah to Malik, OUT
Mahmudullah to Salman Butt, 1 run
Mahmudullah to Malik, 1 run
Shakib to Salman Butt, no run
Shakib to Malik, 1 run
Shakib to Malik, FOUR runs
Shakib to Salman Butt, 1 run
Shakib to Malik, 1 run
Shakib to Salman Butt, 1 run
Mahmudullah to Salman Butt, 1 run
Mahmudullah to Salman Butt, no run
Mahmudullah to Malik, 1 run
Mahmudullah to Malik, FOUR runs
Mahmudullah to Salman Butt, 1 run
Mahmudullah to Malik, 1 run
Shakib to Malik, 1 run
Shakib to Salman Butt, 1 run
Shakib to Salman Butt, no run
Shakib to Malik, 1 run
Shakib to Malik, no run
Shakib to Malik, no run
Mahmudullah to Salman Butt, no run
Mahmudullah to Salman Butt, 1 wide
Mahmudullah to Salman Butt, 2 runs
Mahmudullah to Malik, 1 run
Mahmudullah to Malik, no run
Mahmudullah to Malik, no run
Mahmudullah to Salman Butt, 1 run
Shakib to Salman Butt, 1 run
Shakib to Malik, 1 run
Shakib to Malik, 2 runs
Shakib to Malik, no run
Shakib to Malik, no run
Shakib to Malik, no run
Razzak to Malik, 1 run
Razzak to Salman Butt, 1 run
Razzak to Salman Butt, no run
Razzak to Malik, 1 run
Razzak to Malik, no run
Razzak to Younis, 1 wide, OUT
Razzak to Younis, no run
Shakib to Salman Butt, no run
Shakib to Salman Butt, no run
Shakib to Younis, 1 run
Shakib to Younis, no run
Shakib to Younis, no run
Shakib to Salman Butt, 1 run
Razzak to Afridi, OUT
Razzak to Afridi, no run
Razzak to Salman Butt, 1 run
Razzak to Salman Butt, no run
Razzak to Salman Butt, no run
Razzak to Salman Butt, no run
Syed Rasel to Afridi, SIX runs
Syed Rasel to Hafeez, OUT
Syed Rasel to Afridi, 1 run
Syed Rasel to Afridi, FOUR runs
Syed Rasel to Afridi, 2 runs
Syed Rasel to Afridi, FOUR runs
Razzak to Hafeez, no run
Razzak to Hafeez, no run
Razzak to Hafeez, 2 runs
Razzak to Hafeez, FOUR runs
Razzak to Hafeez, no run
Razzak to Afridi, 1 run
Syed Rasel to Hafeez, no run
Syed Rasel to Afridi, 1 run
Syed Rasel to Afridi, FOUR runs
Syed Rasel to Hafeez, 1 run
Syed Rasel to Hafeez, (no ball)
Syed Rasel to Hafeez, no run
Syed Rasel to Hafeez, FOUR runs
Mortaza to Afridi, FOUR runs
Mortaza to Afridi, SIX runs
Mortaza to Hafeez, 1 run
Mortaza to Hafeez, no run
Mortaza to Hafeez, 1 wide
Mortaza to Hafeez, FOUR runs
Mortaza to Afridi, 1 leg bye
Syed Rasel to Hafeez, no run
Syed Rasel to Hafeez, no run
Syed Rasel to Hafeez, FOUR runs
Syed Rasel to Hafeez, no run
Syed Rasel to Hafeez, 2 runs
Syed Rasel to Hafeez, no run
Mortaza to Afridi, FOUR runs
Mortaza to Afridi, 2 runs
Mortaza to Hafeez, 1 run
Mortaza to Imran Nazir, no run
Mortaza to Imran Nazir, no run
Mortaza to Imran Nazir, no run
