Umar Gul to Syed Rasel, OUT
Umar Gul to Syed Rasel, no run
Umar Gul to Syed Rasel, no run
Umar Gul to Mushfiqur, 1 run
Mohammad Asif to Mushfiqur, 1 run
Mohammad Asif to Syed Rasel, 1 run
Mohammad Asif to Syed Rasel, no run
Mohammad Asif to Syed Rasel, no run
Mohammad Asif to Razzak, OUT
Mohammad Asif to Mortaza, OUT
Umar Gul to Mushfiqur, no run
Umar Gul to Mortaza, 1 run
Umar Gul to Mortaza, (no ball) 2 runs
Umar Gul to Mushfiqur, 1 run
Umar Gul to Mortaza, 1 leg bye
Umar Gul to Mushfiqur, 1 run
Umar Gul to Mushfiqur, no run
Malik to Mushfiqur, 1 run
Malik to Mushfiqur, no run
Malik to Mortaza, 1 run
Malik to Mortaza, no run
Malik to Mortaza, 2 runs
Malik to Mortaza, 2 runs
Umar Gul to Mortaza, 1 run
Umar Gul to Mortaza, no run
Umar Gul to Mortaza, no run
Umar Gul to Mushfiqur, 1 run
Umar Gul to Mortaza, OUT
Umar Gul to Mahmudullah, 1 run
Malik to Mortaza, 2 runs
Malik to Mortaza, no run
Malik to Nadif, OUT
Malik to Nadif, FOUR runs
Malik to Nadif, (no ball)
Malik to Nadif, 2 runs
Malik to Siddique, OUT
Umar Gul to Nadif, 2 runs
Umar Gul to Siddique, 1 run
Umar Gul to Nadif, 1 run
Umar Gul to Siddique, 1 run
Umar Gul to Nadif, 1 run
Umar Gul to Siddique, 1 run
Afridi to Nadif, no run
Afridi to Siddique, 1 run
Afridi to Nadif, 1 run
Afridi to Siddique, 1 run
Afridi to Siddique, no run
Afridi to Siddique, no run
Hafeez to Siddique, 3 runs
Hafeez to Siddique, SIX runs
Hafeez to Siddique, SIX runs
Hafeez to Nadif, 1 run
Hafeez to Shakib, OUT
Hafeez to Shakib, 1 wide
Hafeez to Shakib, no run
Afridi to Siddique, no run
Afridi to Siddique, no run
Afridi to Shakib, 1 run
Afridi to Ashraful, OUT
Afridi to Ashraful, 2 runs
Afridi to Ashraful, 2 runs
Hafeez to Ashraful, 1 run
Hafeez to Aftab, OUT
Hafeez to Siddique, 1 run
Hafeez to Aftab, 1 leg bye
Hafeez to Aftab, 2 runs
Hafeez to Siddique, 1 run
Afridi to Siddique, 1 run
Afridi to Siddique, FOUR runs
Afridi to Aftab, 1 run
Afridi to Siddique, 1 run
Afridi to Siddique, FOUR runs
Afridi to Aftab, 1 run
Hafeez to Aftab, 1 run
Hafeez to Siddique, 1 run
Hafeez to Siddique, no run
Hafeez to Siddique, 2 runs
Hafeez to Aftab, 1 run
Hafeez to Siddique, 1 leg bye
Afridi to Siddique, 1 run
Afridi to Aftab, 1 run
Afridi to Aftab, no run
Afridi to Aftab, 2 runs
Afridi to Siddique, 1 run
Afridi to Siddique, no run
Tanvir to Aftab, no run
Tanvir to Siddique, 2 wide
Tanvir to Siddique, no run
Tanvir to Siddique, SIX runs
Tanvir to Siddique, 2 runs
Tanvir to Aftab, 1 run
Tanvir to Aftab, 2 runs
Mohammad Asif to Siddique, 2 runs
Mohammad Asif to Siddique, no run
Mohammad Asif to Siddique, FOUR runs
Mohammad Asif to Siddique, FOUR runs
Mohammad Asif to Aftab, 1 run
Mohammad Asif to Aftab, no run
Tanvir to Siddique, FOUR runs
Tanvir to Siddique, 2 runs
Tanvir to Siddique, no run
Tanvir to Siddique, 2 runs
Tanvir to Siddique, no run
Tanvir to Siddique, 1 wide
Tanvir to Aftab, 1 run
Mohammad Asif to Aftab, 1 run
Mohammad Asif to Siddique, OUT
Mohammad Asif to Tamim, 1 run
Mohammad Asif to Tamim, no run
Mohammad Asif to Tamim, no run
Mohammad Asif to Tamim, no run
Mohammad Asif to Tamim, 1 wide
Tanvir to Siddique, no run
Tanvir to Siddique, no run
Tanvir to Siddique, no run
Tanvir to Siddique, no run
Tanvir to Siddique, (no ball)
Tanvir to Tamim, (no ball) 1 run
Tanvir to Tamim, no run
Tanvir to Tamim, no run
Tanvir to Tamim, 1 wide
Mohammad Asif to Siddique, FOUR runs
Mohammad Asif to Siddique, no run
Mohammad Asif to Siddique, 1 wide
Mohammad Asif to Siddique, 2 runs
Mohammad Asif to Siddique, no run
Mohammad Asif to Siddique, 2 runs
Mohammad Asif to Tamim, 1 run
