Umar Gul to Fernando, OUT
Umar Gul to Perera, OUT
Umar Gul to Perera, no run
Umar Gul to Perera, 1 wide
Cheema to Malinga, OUT
Cheema to Perera, 1 run
Cheema to Perera, OUT
Cheema to Malinga, 1 run
Cheema to Chandimal, OUT
Cheema to Chandimal, FOUR runs
Ajmal to Perera, no run
Ajmal to Chandimal, 1 run
Ajmal to Silva, OUT
Ajmal to Chandimal, 1 run
Ajmal to Silva, 1 run
Ajmal to Chandimal, 1 run
Cheema to Chandimal, 1 run
Cheema to Silva, 1 leg bye
Cheema to Chandimal, 1 run
Cheema to Silva, 1 run
Cheema to Chandimal, 1 run
Cheema to Silva, 1 run
Ajmal to Chandimal, FOUR runs
Ajmal to Silva, 1 run
Ajmal to Silva, no run
Ajmal to Silva, no run
Ajmal to Angelo Mathews, OUT
Ajmal to Angelo Mathews, no run
Cheema to Angelo Mathews, 1 leg bye
Cheema to Chandimal, 1 run
Cheema to Angelo Mathews, 1 run
Cheema to Chandimal, 1 run
Cheema to Chandimal, FOUR runs
Cheema to Angelo Mathews, 1 run
Ajmal to Chandimal, no run
Ajmal to Chandimal, 2 runs
Ajmal to Chandimal, no run
Ajmal to Angelo Mathews, 1 run
Ajmal to Chandimal, 1 run
Ajmal to Angelo Mathews, 1 run
Afridi to Angelo Mathews, 1 run
Afridi to Angelo Mathews, no run
Afridi to Chandimal, 1 leg bye
Afridi to Angelo Mathews, 1 run
Afridi to Chandimal, 1 run
Afridi to Angelo Mathews, 1 run
Hafeez to Chandimal, no run
Hafeez to Angelo Mathews, 1 run
Hafeez to Chandimal, 1 run
Hafeez to Angelo Mathews, 1 run
Hafeez to Chandimal, 1 run
Hafeez to Angelo Mathews, 1 run
Afridi to Angelo Mathews, 1 run
Afridi to Angelo Mathews, no run
Afridi to Chandimal, 1 run
Afridi to Angelo Mathews, 1 run
Afridi to Angelo Mathews, no run
Afridi to Chandimal, 1 run
Hafeez to Chandimal, 1 run
Hafeez to Angelo Mathews, 1 run
Hafeez to Chandimal, 1 run
Hafeez to Angelo Mathews, 1 run
Hafeez to Sangakkara, OUT
Hafeez to Sangakkara, 2 runs
Afridi to Sangakkara, 1 run
Afridi to Chandimal, 1 run
Afridi to Sangakkara, 1 run
Afridi to Chandimal, 1 run
Afridi to Sangakkara, 1 run
Afridi to Chandimal, 1 run
Afridi to Chandimal, 1 wide
Hafeez to Chandimal, 1 run
Hafeez to Sangakkara, 1 run
Hafeez to Chandimal, 1 run
Hafeez to Chandimal, FOUR runs
Hafeez to Chandimal, no run
Hafeez to Chandimal, 2 runs
Afridi to Chandimal, 1 run
Afridi to Sangakkara, 1 run
Afridi to Chandimal, 1 run
Afridi to Sangakkara, 1 run
Afridi to Chandimal, 1 run
Afridi to Sangakkara, 1 run
Ajmal to Chandimal, 2 runs
Ajmal to Chandimal, no run
Ajmal to Chandimal, no run
Ajmal to Dilshan, OUT
Ajmal to Dilshan, FOUR runs
Ajmal to Dilshan, 2 runs
Tanvir to Chandimal, FOUR runs
Tanvir to Dilshan, 1 run
Tanvir to Chandimal, 1 run
Tanvir to Chandimal, no run
Tanvir to Dilshan, 1 run
Tanvir to Dilshan, 1 wide
Tanvir to Dilshan, 5 wide
Tanvir to Dilshan, 2 runs
Cheema to Chandimal, FOUR runs
Cheema to Dilshan, 1 run
Cheema to Dilshan, FOUR runs
Cheema to Chandimal, 1 run
Cheema to Upul Tharanga, OUT
Cheema to Dilshan, 1 run
Umar Gul to Upul Tharanga, 2 runs
Umar Gul to Upul Tharanga, no run
Umar Gul to Upul Tharanga, FOUR runs
Umar Gul to Upul Tharanga, 1 wide
Umar Gul to Upul Tharanga, FOUR runs
Umar Gul to Upul Tharanga, no run
Umar Gul to Upul Tharanga, no run
Tanvir to Dilshan, no run
Tanvir to Dilshan, no run
Tanvir to Dilshan, 2 runs
Tanvir to Dilshan, 2 runs
Tanvir to Dilshan, FOUR runs
Tanvir to Dilshan, FOUR runs
Tanvir to Dilshan, 1 wide
Tanvir to Dilshan, 1 wide
Umar Gul to Upul Tharanga, no run
Umar Gul to Upul Tharanga, no run
Umar Gul to Upul Tharanga, no run
Umar Gul to Upul Tharanga, no run
Umar Gul to Upul Tharanga, no run
Umar Gul to Upul Tharanga, 2 runs
Umar Gul to Upul Tharanga, 1 wide
Umar Gul to Upul Tharanga, 1 wide
