Malinga to Malik, 2 runs
Malinga to Misbah, 1 run
Malinga to Misbah, 6 runs
Fernando to Afridi, OUT
Fernando to Afridi, 2 runs
Fernando to Afridi, no run
Fernando to Afridi, SIX runs
Fernando to Afridi, no run
Fernando to Afridi, SIX runs
Malinga to Misbah, no run
Malinga to Afridi, 1 run
Malinga to Misbah, 1 run
Malinga to Misbah, no run
Malinga to Misbah, 2 runs
Malinga to Afridi, 1 run
Malinga to Afridi, 1 wide
Fernando to Misbah, FOUR runs
Fernando to Afridi, 1 run
Fernando to Afridi, no run
Fernando to Misbah, 1 run
Fernando to Misbah, FOUR runs
Fernando to Misbah, FOUR runs
Perera to Afridi, 2 runs
Perera to Misbah, 1 run
Perera to Afridi, 1 run
Perera to Afridi, 1 wide
Perera to Afridi, no run
Perera to Misbah, 1 run
Perera to Afridi, 1 run
Perera to Afridi, 1 wide
Malinga to Afridi, 1 run
Malinga to Shafiq, OUT
Malinga to Shafiq, no run
Malinga to Shafiq, 2 runs
Malinga to Misbah, 1 run
Malinga to Misbah, no run
Perera to Misbah, 1 run
Perera to Misbah, no run
Perera to Shafiq, 1 run
Perera to Misbah, 1 run
Perera to Misbah, no run
Perera to Misbah, no run
Mendis to Misbah, 1 run
Mendis to Shafiq, 1 run
Mendis to Misbah, 1 run
Mendis to Shafiq, 1 run
Mendis to Shafiq, FOUR runs
Mendis to Misbah, 1 run
Perera to Shafiq, 2 runs
Perera to Shafiq, no run
Perera to Shafiq, no run
Perera to Misbah, 1 run
Perera to Misbah, 2 runs
Perera to Misbah, SIX runs
Mendis to Shafiq, no run
Mendis to Shafiq, 2 runs
Mendis to Misbah, 1 run
Mendis to Misbah, no run
Mendis to Misbah, no run
Mendis to Shafiq, 1 run
Mendis to Misbah, 2 wide
Perera to Misbah, 1 run
Perera to Misbah, no run
Perera to Shafiq, 1 run
Perera to Shafiq, no run
Perera to Misbah, 1 run
Perera to Shafiq, 1 run
Dilshan to Shafiq, 1 run
Dilshan to Misbah, 1 run
Dilshan to Shafiq, 1 run
Dilshan to Shafiq, no run
Dilshan to Misbah, 1 run
Dilshan to Misbah, no run
Perera to Shafiq, no run
Perera to Misbah, 1 run
Perera to Shafiq, 1 run
Perera to Shafiq, 2 runs
Perera to Misbah, 1 run
Perera to Misbah, no run
Dilshan to Shafiq, no run
Dilshan to Shafiq, no run
Dilshan to Misbah, 1 run
Dilshan to Umar Akmal, OUT
Dilshan to Shafiq, 1 run
Dilshan to Shafiq, 2 runs
Mendis to Shafiq, 1 run
Mendis to Shafiq, no run
Mendis to Shafiq, FOUR runs
Mendis to Farhat, OUT
Mendis to Farhat, no run
Mendis to Farhat, no run
Fernando to Shafiq, no run
Fernando to Shafiq, no run
Fernando to Shafiq, no run
Fernando to Shafiq, FOUR runs
Fernando to Farhat, 1 run
Fernando to Farhat, no run
Perera to Hafeez, OUT
Perera to Hafeez, 2 runs
Perera to Hafeez, no run
Perera to Hafeez, no run
Perera to Hafeez, 2 runs
Perera to Hafeez, FOUR runs
Fernando to Farhat, no run
Fernando to Farhat, no run
Fernando to Hafeez, 1 run
Fernando to Hafeez, no run
Fernando to Hafeez, 2 runs
Fernando to Hafeez, no run
Perera to Farhat, no run
Perera to Farhat, FOUR runs
Perera to Farhat, 2 runs
Perera to Hafeez, 1 run
Perera to Hafeez, no run
Perera to Hafeez, no run
Malinga to Farhat, no run
Malinga to Farhat, no run
Malinga to Farhat, FOUR runs
Malinga to Farhat, FOUR runs
Malinga to Farhat, FOUR runs
Malinga to Hafeez, 1 run
