Tanvir to Perera, 2 runs
Tanvir to Perera, no run
Tanvir to Thirimanne, 1 run
Tanvir to Thirimanne, no run
Tanvir to Angelo Mathews, OUT
Tanvir to Angelo Mathews, FOUR runs
Ajmal to Thirimanne, SIX runs
Ajmal to Thirimanne, 2 runs
Ajmal to Angelo Mathews, 1 run
Ajmal to Thirimanne, 1 run
Ajmal to Angelo Mathews, 1 run
Ajmal to Thirimanne, 1 run
Bhatti to Angelo Mathews, FOUR runs
Bhatti to Angelo Mathews, 2 runs
Bhatti to Angelo Mathews, 2 runs
Bhatti to Angelo Mathews, FOUR runs
Bhatti to Angelo Mathews, FOUR runs
Bhatti to Angelo Mathews, 2 runs
Tanvir to Angelo Mathews, 1 run
Tanvir to Thirimanne, 1 run
Tanvir to Angelo Mathews, 1 run
Tanvir to Thirimanne, 1 run
Tanvir to Thirimanne, FOUR runs
Tanvir to Thirimanne, 2 runs
Tanvir to Thirimanne, 1 wide
Ajmal to Thirimanne, 1 run
Ajmal to Angelo Mathews, 1 run
Ajmal to Angelo Mathews, FOUR runs
Ajmal to Thirimanne, 1 run
Ajmal to Thirimanne, no run
Ajmal to Angelo Mathews, 1 run
Afridi to Thirimanne, no run
Afridi to Angelo Mathews, 1 run
Afridi to Angelo Mathews, no run
Afridi to Thirimanne, 1 run
Afridi to Angelo Mathews, 1 run
Afridi to Angelo Mathews, no run
Ajmal to Angelo Mathews, 1 run
Ajmal to Thirimanne, 1 run
Ajmal to Sangakkara, OUT
Ajmal to Angelo Mathews, 1 run
Ajmal to Sangakkara, 1 run
Ajmal to Sangakkara, no run
Hafeez to Angelo Mathews, no run
Hafeez to Sangakkara, 1 run
Hafeez to Angelo Mathews, 1 run
Hafeez to Angelo Mathews, SIX runs
Hafeez to Sangakkara, 1 run
Hafeez to Angelo Mathews, 1 run
Afridi to Angelo Mathews, 1 run
Afridi to Sangakkara, 1 run
Afridi to Sangakkara, no run
Afridi to Angelo Mathews, 1 run
Afridi to Sangakkara, 1 run
Afridi to Sangakkara, 2 runs
Hafeez to Sangakkara, 1 run
Hafeez to Angelo Mathews, 1 run
Hafeez to Sangakkara, 1 run
Hafeez to Angelo Mathews, 1 run
Hafeez to Angelo Mathews, no run
Hafeez to Angelo Mathews, no run
Afridi to Sangakkara, no run
Afridi to Angelo Mathews, 1 run
Afridi to Angelo Mathews, no run
Afridi to Sangakkara, 1 run
Afridi to Angelo Mathews, 1 run
Afridi to Chandimal, OUT
Hafeez to Sangakkara, no run
Hafeez to Sangakkara, 2 runs
Hafeez to Chandimal, 1 run
Hafeez to Sangakkara, 1 run
Hafeez to Sangakkara, 2 runs
Hafeez to Chandimal, 1 run
Afridi to Sangakkara, FOUR runs
Afridi to Chandimal, 1 run
Afridi to Chandimal, no run
Afridi to Sangakkara, 1 run
Afridi to Chandimal, 1 run
Afridi to Chandimal, no run
Afridi to Chandimal, 1 wide
Bhatti to Sangakkara, no run
Bhatti to Sangakkara, no run
Bhatti to Chandimal, 1 run
Bhatti to Chandimal, no run
Bhatti to Sangakkara, 1 run
Bhatti to Chandimal, 1 run
Ajmal to Perera, OUT
Ajmal to Chandimal, 1 run
Ajmal to Chandimal, FOUR runs
Ajmal to Chandimal, 1 wide
Ajmal to Chandimal, FOUR runs
Ajmal to Chandimal, no run
Ajmal to Perera, 1 run
Bhatti to Chandimal, no run
Bhatti to Chandimal, no run
Bhatti to Perera, 1 run
Bhatti to Perera, no run
Bhatti to Perera, no run
Bhatti to Chandimal, 1 run
Tanvir to Perera, SIX runs
Tanvir to Perera, 2 runs
Tanvir to Perera, no run
Tanvir to Perera, 2 runs
Tanvir to Perera, no run
Tanvir to Perera, no run
Usman Shinwari to Chandimal, FOUR runs
Usman Shinwari to Chandimal, no run
Usman Shinwari to Chandimal, no run
Usman Shinwari to Chandimal, 2 runs
Usman Shinwari to Chandimal, 1 wide
Usman Shinwari to Chandimal, no run
Usman Shinwari to Chandimal, 1 wide
Usman Shinwari to Perera, 1 run
Tanvir to Dilshan, OUT
Tanvir to Perera, 1 run
Tanvir to Dilshan, 1 run
Tanvir to Dilshan, FOUR runs
Tanvir to Dilshan, no run
Tanvir to Dilshan, no run
Hafeez to Dilshan, 1 run
Hafeez to Dilshan, no run
Hafeez to Perera, 1 run
Hafeez to Perera, no run
Hafeez to Perera, no run
Hafeez to Dilshan, 1 run
