Kulasekara to Afridi, SIX runs
Malinga to Afridi, 1 run
Malinga to Bhatti, OUT
Malinga to Afridi, 1 run
Malinga to Bhatti, 1 run
Malinga to Bhatti, 2 runs
Malinga to Afridi, 1 run
Perera to Afridi, 1 run
Perera to Afridi, 2 runs
Perera to Afridi, FOUR runs
Perera to Bhatti, 1 run
Perera to Bhatti, FOUR runs
Perera to Afridi, 1 run
Malinga to Bhatti, no run
Malinga to Afridi, 1 run
Malinga to Bhatti, 1 run
Malinga to Afridi, 1 run
Malinga to Bhatti, 1 run
Malinga to Maqsood, OUT
Kulasekara to Afridi, SIX runs
Kulasekara to Afridi, no run
Kulasekara to Afridi, no run
Kulasekara to Afridi, SIX runs
Kulasekara to Maqsood, 1 run
Kulasekara to Afridi, 1 run
Malinga to Afridi, 1 run
Malinga to Afridi, FOUR runs
Malinga to Afridi, 2 runs
Malinga to Afridi, no run
Malinga to Afridi, no run
Malinga to Umar Amin, OUT
Mendis to Maqsood, SIX runs
Mendis to Umar Amin, 1 run
Mendis to Umar Amin, no run
Mendis to Maqsood, 1 run
Mendis to Umar Amin, 1 run
Mendis to Umar Amin, no run
Perera to Umar Amin, 1 run
Perera to Umar Amin, FOUR runs
Perera to Umar Amin, no run
Perera to Maqsood, 1 run
Perera to Maqsood, no run
Perera to Umar Amin, 1 run
Mendis to Maqsood, no run
Mendis to Maqsood, FOUR runs
Mendis to Maqsood, OUT
Mendis to Hafeez, OUT
Mendis to Umar Akmal, 1 run
Mendis to Hafeez, 1 run
Perera to Umar Akmal, FOUR runs
Perera to Umar Akmal, no run
Perera to Hafeez, 1 run
Perera to Sharjeel, OUT
Perera to Hafeez, 1 run
Perera to Sharjeel, 1 run
Angelo Mathews to Hafeez, 2 runs
Angelo Mathews to Hafeez, SIX runs
Angelo Mathews to Hafeez, FOUR runs
Angelo Mathews to Sharjeel, 1 run
Angelo Mathews to Sharjeel, no run
Angelo Mathews to Sharjeel, 2 runs
Mendis to Sharjeel, 1 run
Mendis to Hafeez, 1 run
Mendis to Hafeez, no run
Mendis to Hafeez, 2 runs
Mendis to Sharjeel, 1 run
Mendis to Sharjeel, 2 runs
Angelo Mathews to Sharjeel, 1 run
Angelo Mathews to Hafeez, 1 run
Angelo Mathews to Hafeez, 2 runs
Angelo Mathews to Hafeez, no run
Angelo Mathews to Sharjeel, 1 run
Angelo Mathews to Sharjeel, no run
Senanayake to Sharjeel, 1 run
Senanayake to Hafeez, 1 run
Senanayake to Sharjeel, 1 run
Senanayake to Sharjeel, no run
Senanayake to Hafeez, 1 run
Senanayake to Hafeez, no run
Mendis to Sharjeel, no run
Mendis to Sharjeel, 2 runs
Mendis to Sharjeel, no run
Mendis to Sharjeel, FOUR runs
Mendis to Hafeez, 1 run
Mendis to Hafeez, no run
Senanayake to Sharjeel, no run
Senanayake to Hafeez, 1 run
Senanayake to Hafeez, no run
Senanayake to Sharjeel, 1 run
Senanayake to Hafeez, 1 run
Senanayake to Hafeez, no run
Kulasekara to Sharjeel, no run
Kulasekara to Sharjeel, 2 runs
Kulasekara to Sharjeel, FOUR runs
Kulasekara to Hafeez, 1 run
Kulasekara to Hafeez, no run
Kulasekara to Sharjeel, 1 run
Senanayake to Hafeez, no run
Senanayake to Hafeez, FOUR runs
Senanayake to Sharjeel, 1 run
Senanayake to Hafeez, 1 run
Senanayake to Shehzad, OUT
Senanayake to Sharjeel, 1 run
Kulasekara to Shehzad, no run
Kulasekara to Shehzad, no run
Kulasekara to Shehzad, no run
Kulasekara to Sharjeel, 1 run
Kulasekara to Shehzad, 1 run
Kulasekara to Shehzad, no run
Malinga to Shehzad, 3 runs
Malinga to Shehzad, no run
Malinga to Shehzad, no run
Malinga to Sharjeel, 1 run
Malinga to Sharjeel, FOUR runs
Malinga to Sharjeel, (no ball)
Malinga to Sharjeel, no run
