Harris to Mortaza, OUT
Harris to Razzak, 1 run
Harris to Razzak, 2 runs
Harris to Mortaza, 1 run
Tait to Razzak, no run
Tait to Razzak, no run
Tait to Razzak, no run
Tait to Razzak, no run
Tait to Razzak, no run
Tait to Razzak, no run
Nannes to Mortaza, FOUR runs
Nannes to Jahurul, OUT
Nannes to Mortaza, 1 run
Nannes to Mortaza, no run
Nannes to Jahurul, 1 run
Nannes to Jahurul, FOUR runs
Smith to Shafiul, OUT
Smith to Shafiul, no run
Smith to Jahurul, 1 run
Smith to Shafiul, 1 run
Smith to Shafiul, no run
Smith to Shafiul, SIX runs
Harris to Shafiul, 1 run
Harris to Shafiul, 2 runs
Harris to Shafiul, no run
Harris to Jahurul, 1 run
Harris to Shafiul, 1 run
Harris to Shafiul, FOUR runs
Hussey to Shafiul, 1 run
Hussey to Shafiul, no run
Hussey to Shafiul, no run
Hussey to Jahurul, 1 run
Hussey to Mushfiqur, OUT
Hussey to Mushfiqur, no run
Smith to Jahurul, 2 runs
Smith to Jahurul, 1 wide
Smith to Jahurul, SIX runs
Smith to Jahurul, no run
Smith to Jahurul, no run
Smith to Jahurul, 2 runs
Smith to Jahurul, no run
Hussey to Mushfiqur, no run
Hussey to Mushfiqur, no run
Hussey to Md Naeem, OUT
Hussey to Md Naeem, no run
Hussey to Md Naeem, SIX runs
Hussey to Md Naeem, no run
Smith to Md Naeem, 1 run
Smith to Md Naeem, no run
Smith to Shakib, OUT
Smith to Mushfiqur, 1 run
Smith to Mushfiqur, no run
Smith to Shakib, 1 run
Harris to Mushfiqur, FOUR runs
Harris to Mushfiqur, no run
Harris to Mushfiqur, SIX runs
Harris to Mushfiqur, no run
Harris to Shakib, 1 run
Harris to Shakib, no run
Smith to Shakib, 1 run
Smith to Shakib, no run
Smith to Shakib, 2 runs
Smith to Shakib, no run
Smith to Shakib, 2 runs
Smith to Shakib, 2 runs
Harris to Shakib, 1 run
Harris to Mushfiqur, 1 run
Harris to Shakib, 1 run
Harris to Shakib, no run
Harris to Shakib, no run
Harris to Mushfiqur, 1 run
Clarke to Shakib, 2 runs
Clarke to Shakib, SIX runs
Clarke to Mushfiqur, 1 run
Clarke to Mushfiqur, no run
Clarke to Mushfiqur, 2 runs
Clarke to Shakib, 1 run
Nannes to Mushfiqur, no run
Nannes to Mushfiqur, no run
Nannes to Mushfiqur, no run
Nannes to Shakib, 1 run
Nannes to Shakib, no run
Nannes to Mushfiqur, 1 run
Tait to Mushfiqur, 1 run
Tait to Mushfiqur, FOUR runs
Tait to Mushfiqur, no run
Tait to Mushfiqur, no run
Tait to Shakib, 1 run
Tait to Shakib, 1 wide
Tait to Mushfiqur, 1 run
Tait to Mushfiqur, 1 wide
Nannes to Mushfiqur, 1 run
Nannes to Mahmudullah, OUT
Nannes to Mahmudullah, 2 runs
Nannes to Mahmudullah, no run
Nannes to Aftab, OUT
Nannes to Aftab, no run
Tait to Shakib, no run
Tait to Aftab, 1 run
Tait to Shakib, 1 run
Tait to Shakib, no run
Tait to Shakib, 2 runs
Tait to Shakib, 1 wide
Tait to Shakib, 1 wide
Tait to Shakib, no run
Nannes to Shakib, 1 run
Nannes to Shakib, no run
Nannes to Shakib, 2 runs
Nannes to Ashraful, OUT
Nannes to Ashraful, no run
Nannes to Ashraful, no run
Tait to Imrul, OUT
Tait to Imrul, no run
Tait to Imrul, no run
Tait to Imrul, 4 leg byes
Tait to Imrul, no run
Tait to Imrul, no run
