Shafiul to Harris, 2 runs
Shafiul to Hussey, 1 wide, OUT
Shafiul to Hussey, 2 runs
Shafiul to Smith, 1 run
Shafiul to Hussey, 1 run
Shafiul to Smith, 1 run
Shafiul to Hussey, 1 run
Razzak to Smith, no run
Razzak to Smith, no run
Razzak to Smith, SIX runs
Razzak to Hussey, 1 run
Razzak to Smith, 1 run
Razzak to Smith, SIX runs
Shakib to Smith, 1 bye
Shakib to Hussey, 1 run
Shakib to Smith, 1 run
Shakib to Smith, FOUR runs
Shakib to Hussey, 1 run
Shakib to Hussey, FOUR runs
Mortaza to Hussey, 1 run
Mortaza to Hussey, FOUR runs
Mortaza to Hussey, FOUR runs
Mortaza to Smith, 1 run
Mortaza to Hussey, 1 run
Mortaza to Hussey, SIX runs
Shafiul to Smith, 2 runs
Shafiul to Hussey, 1 run
Shafiul to Smith, 1 run
Shafiul to Hussey, 1 run
Shafiul to Hussey, no run
Shafiul to Hussey, 2 runs
Razzak to Smith, no run
Razzak to Smith, no run
Razzak to Hussey, 1 run
Razzak to Hussey, 1 wide
Razzak to Hussey, FOUR runs
Razzak to Hussey, 2 runs
Razzak to Hussey, no run
Ashraful to Hussey, 1 run
Ashraful to Hussey, 2 runs
Ashraful to Smith, 1 run
Ashraful to Hussey, 1 run
Ashraful to Hussey, 2 runs
Ashraful to Smith, 1 run
Shakib to Smith, 1 run
Shakib to White, OUT
Shakib to Hussey, 1 run
Shakib to Hussey, no run
Shakib to Hussey, no run
Shakib to White, 1 run
Ashraful to White, 1 run
Ashraful to Hussey, 1 run
Ashraful to White, 1 run
Ashraful to Hussey, 1 run
Ashraful to White, 1 run
Ashraful to White, no run
Mortaza to White, 1 run
Mortaza to Hussey, OUT
Mortaza to White, 1 run
Mortaza to White, no run
Mortaza to Hussey, 1 run
Mortaza to White, 1 run
Ashraful to White, 1 run
Ashraful to Hussey, 1 run
Ashraful to Clarke, OUT
Ashraful to Hussey, 1 run
Ashraful to Clarke, 1 run
Ashraful to Hussey, 1 run
Shakib to Clarke, no run
Shakib to Hussey, 1 run
Shakib to Hussey, no run
Shakib to Hussey, no run
Shakib to Clarke, 1 run
Shakib to Clarke, 2 runs
Ashraful to Hussey, 2 runs
Ashraful to Hussey, no run
Ashraful to Hussey, no run
Ashraful to Clarke, 1 run
Ashraful to Hussey, 1 run
Ashraful to Hussey, 1 wide
Ashraful to Clarke, 1 run
Razzak to Clarke, 1 run
Razzak to Clarke, no run
Razzak to Hussey, 1 run
Razzak to Haddin, OUT
Razzak to Haddin, 2 runs
Razzak to Haddin, no run
Shafiul to Haddin, 1 run
Shafiul to Clarke, 1 run
Shafiul to Clarke, no run
Shafiul to Haddin, 1 leg bye
Shafiul to Clarke, 1 run
Shafiul to Haddin, 1 run
Razzak to Haddin, 1 run
Razzak to Clarke, 1 run
Razzak to Clarke, no run
Razzak to Clarke, no run
Razzak to Haddin, 1 run
Razzak to Haddin, no run
Shakib to Clarke, SIX runs
Shakib to Clarke, no run
Shakib to Clarke, no run
Shakib to Clarke, no run
Shakib to Warner, OUT
Shakib to Warner, no run
Mortaza to Clarke, no run
Mortaza to Clarke, no run
Mortaza to Warner, 1 run
Mortaza to Warner, FOUR runs
Mortaza to Warner, no run
Mortaza to Watson, OUT
Shafiul to Warner, FOUR runs
Shafiul to Warner, SIX runs
Shafiul to Watson, 1 run
Shafiul to Watson, 2 runs
Shafiul to Watson, no run
Shafiul to Watson, 1 wide
Shafiul to Watson, no run
Mortaza to Warner, no run
Mortaza to Watson, 1 run
Mortaza to Watson, no run
Mortaza to Warner, 1 run
Mortaza to Warner, no run
Mortaza to Warner, no run
