Mendis to Wiese, 2 runs
Mendis to Duminy, OUT
Mendis to Duminy, no run
Mendis to Wiese, 1 run
Mendis to Duminy, 1 run
Mendis to Duminy, FOUR runs
Malinga to Duminy, 1 run
Malinga to Miller, OUT
Malinga to Duminy, 1 run
Malinga to Miller, 1 run
Malinga to Duminy, 1 run
Malinga to Miller, 1 run
Mendis to Miller, 1 run
Mendis to Duminy, 1 run
Mendis to Miller, 1 run
Mendis to Miller, 2 runs
Mendis to Miller, SIX runs
Mendis to Duminy, 1 run
Malinga to Miller, no run
Malinga to Duminy, 1 run
Malinga to Duminy, FOUR runs
Malinga to Miller, 1 run
Malinga to Miller, 1 wide
Malinga to Duminy, 1 run
Malinga to Miller, 1 run
Senanayake to Miller, 1 run
Senanayake to Miller, 2 runs
Senanayake to Duminy, 1 run
Senanayake to Miller, 1 run
Senanayake to Duminy, 1 run
Senanayake to Duminy, no run
Mendis to Duminy, 1 run
Mendis to Duminy, SIX runs
Mendis to Miller, 1 run
Mendis to Duminy, 1 run
Mendis to Miller, 1 run
Mendis to Miller, no run
Dilshan to Duminy, 2 runs
Dilshan to Miller, 1 run
Dilshan to Duminy, 1 run
Dilshan to Miller, 1 run
Dilshan to Miller, no run
Dilshan to Duminy, 1 run
Angelo Mathews to Duminy, 1 run
Angelo Mathews to Duminy, no run
Angelo Mathews to Duminy, no run
Angelo Mathews to Miller, 1 run
Angelo Mathews to Miller, no run
Angelo Mathews to Duminy, 1 run
Dilshan to Duminy, 1 run
Dilshan to Miller, 1 run
Dilshan to Duminy, 1 run
Dilshan to Miller, 1 run
Dilshan to Duminy, 1 run
Dilshan to Duminy, no run
Angelo Mathews to Miller, no run
Angelo Mathews to Duminy, 1 run
Angelo Mathews to Duminy, no run
Angelo Mathews to Duminy, no run
Angelo Mathews to de Villiers, OUT
Angelo Mathews to de Villiers, no run
Mendis to Duminy, 4 leg byes
Mendis to Duminy, no run
Mendis to Duminy, no run
Mendis to de Villiers, 1 run
Mendis to Duminy, 1 run
Mendis to Duminy, no run
Malinga to Duminy, 1 run
Malinga to Duminy, 2 runs
Malinga to de Villiers, 1 run
Malinga to de Villiers, no run
Malinga to Duminy, 1 run
Malinga to de Villiers, 1 run
Perera to de Villiers, 1 run
Perera to de Villiers, no run
Perera to de Villiers, FOUR runs
Perera to Duminy, 1 run
Perera to de Villiers, 1 run
Perera to de Villiers, FOUR runs
Dilshan to Duminy, no run
Dilshan to de Villiers, 1 run
Dilshan to Duminy, 1 run
Dilshan to de Villiers, 1 run
Dilshan to Duminy, 1 run
Dilshan to Duminy, no run
Senanayake to de Villiers, no run
Senanayake to de Villiers, no run
Senanayake to de Villiers, no run
Senanayake to du Plessis, OUT
Senanayake to du Plessis, no run
Senanayake to du Plessis, FOUR runs
Angelo Mathews to Duminy, no run
Angelo Mathews to Duminy, 2 runs
Angelo Mathews to Duminy, FOUR runs
Angelo Mathews to Duminy, no run
Angelo Mathews to Duminy, no run
Angelo Mathews to Duminy, no run
Senanayake to du Plessis, no run
Senanayake to Duminy, 1 run
Senanayake to Davids, OUT
Senanayake to Davids, no run
Senanayake to du Plessis, 1 run
Senanayake to du Plessis, 1 wide
Senanayake to du Plessis, no run
Angelo Mathews to Davids, no run
Angelo Mathews to du Plessis, 1 run
Angelo Mathews to du Plessis, no run
Angelo Mathews to Davids, 1 run
Angelo Mathews to du Plessis, 1 run
Angelo Mathews to du Plessis, no run
Senanayake to Davids, no run
Senanayake to Davids, no run
Senanayake to Davids, no run
Senanayake to du Plessis, 1 run
Senanayake to de Kock, OUT
Senanayake to de Kock, no run
Malinga to de Kock, 1 run
Malinga to de Kock, FOUR runs
Malinga to de Kock, no run
Malinga to de Kock, no run
Malinga to de Kock, no run
Malinga to Davids, 1 leg bye
