Morkel to Sangakkara, no run
Morkel to Sangakkara, no run
Morkel to Sangakkara, no run
Morkel to Sangakkara, FOUR runs
Morkel to Sangakkara, FOUR runs
Morkel to Sangakkara, no run
Parnell to Malinga, OUT
Parnell to Malinga, no run
Parnell to Senanayake, OUT
Parnell to Senanayake, no run
Parnell to Senanayake, no run
Parnell to Senanayake, no run
Morkel to Sangakkara, FOUR runs
Morkel to Perera, OUT
Morkel to Perera, no run
Morkel to Perera, no run
Morkel to Sangakkara, 1 run
Morkel to Sangakkara, no run
Tahir to Thirimanne, OUT
Tahir to Sangakkara, 1 run
Tahir to Sangakkara, no run
Tahir to Sangakkara, FOUR runs
Tahir to Thirimanne, 1 run
Tahir to Sangakkara, 1 run
Duminy to Thirimanne, no run
Duminy to Thirimanne, no run
Duminy to Sangakkara, 1 run
Duminy to Thirimanne, 1 run
Duminy to Sangakkara, 1 run
Duminy to Thirimanne, 1 run
Davids to Sangakkara, FOUR runs
Davids to Thirimanne, 1 run
Davids to Sangakkara, 1 run
Davids to Sangakkara, no run
Davids to Thirimanne, 1 run
Davids to Thirimanne, no run
Duminy to Sangakkara, no run
Duminy to Jeevan Mendis, OUT
Duminy to Angelo Mathews, OUT
Duminy to Sangakkara, 1 run
Duminy to Sangakkara, no run
Duminy to Sangakkara, 2 runs
Wiese to Sangakkara, 1 run
Wiese to Sangakkara, no run
Wiese to Angelo Mathews, 1 run
Wiese to Angelo Mathews, 1 wide
Wiese to Sangakkara, 1 run
Wiese to Sangakkara, FOUR runs
Wiese to Sangakkara, no run
Duminy to Angelo Mathews, no run
Duminy to Sangakkara, 1 run
Duminy to Sangakkara, no run
Duminy to Sangakkara, FOUR runs
Duminy to Sangakkara, FOUR runs
Duminy to Sangakkara, no run
Tahir to Sangakkara, 1 run
Tahir to Angelo Mathews, 1 run
Tahir to Angelo Mathews, no run
Tahir to Angelo Mathews, 1 wide
Tahir to Sangakkara, 1 run
Tahir to Angelo Mathews, 1 run
Tahir to Sangakkara, 1 run
Duminy to Sangakkara, 1 run
Duminy to Sangakkara, no run
Duminy to Sangakkara, no run
Duminy to Angelo Mathews, 1 run
Duminy to Dilshan, OUT
Duminy to Dilshan, no run
Tahir to Dilshan, 1 run
Tahir to Dilshan, no run
Tahir to Dilshan, no run
Tahir to Sangakkara, 1 run
Tahir to Sangakkara, no run
Tahir to Dilshan, 1 run
Parnell to Dilshan, 1 run
Parnell to Sangakkara, 1 run
Parnell to Dilshan, 1 run
Parnell to Sangakkara, 1 run
Parnell to Sangakkara, no run
Parnell to Sangakkara, 2 runs
Tahir to Sangakkara, 1 run
Tahir to Sangakkara, FOUR runs
Tahir to Sangakkara, no run
Tahir to Sangakkara, no run
Tahir to Dilshan, 1 run
Tahir to Dilshan, no run
Parnell to Sangakkara, no run
Parnell to Sangakkara, no run
Parnell to Sangakkara, no run
Parnell to Sangakkara, no run
Parnell to Dilshan, 1 run
Parnell to Dilshan, 1 wide
Parnell to Dilshan, no run
Tsotsobe to Dilshan, 1 run
Tsotsobe to Sangakkara, 1 run
Tsotsobe to Chandimal, OUT
Tsotsobe to Chandimal, no run
Tsotsobe to Chandimal, no run
Tsotsobe to Dilshan, 1 run
Morkel to Chandimal, FOUR runs
Morkel to Chandimal, no run
Morkel to Chandimal, no run
Morkel to Chandimal, FOUR runs
Morkel to Chandimal, (no ball)
Morkel to Chandimal, no run
Morkel to Perera, OUT
Tsotsobe to Dilshan, no run
Tsotsobe to Perera, 1 run
Tsotsobe to Dilshan, 1 run
Tsotsobe to Dilshan, no run
Tsotsobe to Dilshan, no run
Tsotsobe to Dilshan, no run
Morkel to Perera, no run
Morkel to Perera, FOUR runs
Morkel to Perera, no run
Morkel to Perera, 1 wide
Morkel to Perera, no run
Morkel to Perera, no run
Morkel to Perera, 1 wide
Morkel to Perera, no run
Tsotsobe to Perera, 1 leg bye
Tsotsobe to Perera, no run
Tsotsobe to Perera, 2 runs
Tsotsobe to Perera, no run
Tsotsobe to Perera, FOUR runs
Tsotsobe to Perera, no run
