Sharma to Doherty, 1 run, OUT
Sharma to Hogg, OUT
Sharma to Lee, 1 run
Sharma to Lee, FOUR runs
Vinay to Hogg, FOUR runs
Vinay to Hogg, no run
Vinay to Hogg, no run
Vinay to McKay, OUT
Vinay to Wade, OUT
Vinay to Wade, no run
Sharma to Lee, no run
Sharma to Wade, 1 run
Sharma to Lee, 1 run
Sharma to Marsh, OUT
Sharma to Marsh, FOUR runs
Sharma to Wade, 1 run
Ashwin to Marsh, no run
Ashwin to Wade, 1 run
Ashwin to Wade, 2 runs
Ashwin to Marsh, 1 run
Ashwin to Marsh, no run
Ashwin to Marsh, FOUR runs
Jadeja to Marsh, 1 run
Jadeja to Marsh, no run
Jadeja to Marsh, no run
Jadeja to Wade, 1 run
Jadeja to Wade, no run
Jadeja to Wade, FOUR runs
Ashwin to Wade, 1 run
Ashwin to Wade, no run
Ashwin to Wade, no run
Ashwin to Wade, 2 runs
Ashwin to Marsh, 1 run
Ashwin to Marsh, no run
Jadeja to Marsh, 1 run
Jadeja to Wade, 1 run
Jadeja to Marsh, 1 run
Jadeja to Hussey, OUT
Jadeja to Hussey, no run
Jadeja to Hussey, 1 wide
Jadeja to Wade, 1 run
Ashwin to Wade, 1 run
Ashwin to Hussey, 1 run
Ashwin to Wade, 1 run
Ashwin to Wade, no run
Ashwin to Hussey, 1 run
Ashwin to Hussey, no run
Sharma to Wade, 2 runs
Sharma to Hussey, 1 run
Sharma to Wade, 1 run
Sharma to Wade, SIX runs
Sharma to Wade, no run
Sharma to Hussey, 1 run
Ashwin to Wade, 2 runs
Ashwin to Hussey, 1 run
Ashwin to Wade, 1 run
Ashwin to Wade, 1 wide
Ashwin to Wade, no run
Ashwin to Hussey, 1 run
Ashwin to Wade, 1 run
Raina to Hussey, SIX runs
Raina to Wade, 1 run
Raina to Hussey, 1 run
Raina to Wade, 1 run
Raina to Wade, no run
Raina to Hussey, 1 run
Sharma to Hussey, 1 run
Sharma to Hussey, no run
Sharma to Hussey, FOUR runs
Sharma to Hussey, OUT
Sharma to Hussey, no run
Sharma to Hussey, no run
Jadeja to Hussey, 1 run
Jadeja to Bailey, 1 run
Jadeja to Bailey, no run
Jadeja to Bailey, no run
Jadeja to Bailey, 2 runs
Jadeja to Hussey, 1 run
Kohli to Hussey, OUT
Kohli to Finch, 1 run
Kohli to Finch, FOUR runs
Kohli to Hussey, 1 run
Kohli to Hussey, no run
Kohli to Finch, 1 run
Vinay to Hussey, 2 runs
Vinay to Hussey, no run
Vinay to Hussey, no run
Vinay to Hussey, no run
Vinay to Finch, 1 run
Vinay to Finch, no run
Praveen to Finch, 1 run
Praveen to Finch, FOUR runs
Praveen to Finch, FOUR runs
Praveen to Finch, no run
Praveen to Finch, 2 runs
Praveen to Finch, no run
Praveen to Finch, 1 wide
Vinay to Hussey, no run
Vinay to Finch, 1 run
Vinay to Finch, 2 runs
Vinay to Finch, FOUR runs
Vinay to Finch, no run
Vinay to Finch, no run
Praveen to Hussey, no run
Praveen to Marsh, OUT
Praveen to Marsh, no run
Praveen to Finch, 1 run
Praveen to Warner, OUT
Praveen to Finch, 1 run
Vinay to Warner, FOUR runs
Vinay to Warner, no run
Vinay to Warner, 1 wide
Vinay to Finch, 1 run
Vinay to Finch, no run
Vinay to Finch, FOUR runs
Vinay to Warner, 1 run
Praveen to Finch, FOUR runs
Praveen to Finch, no run
Praveen to Warner, 1 run
Praveen to Warner, 2 runs
Praveen to Warner, no run
Praveen to Warner, no run
