McKay to Gambhir, FOUR runs
McKay to Gambhir, no run
McKay to Gambhir, no run
McKay to Gambhir, no run
Hussey to Dhoni, no run
Hussey to Dhoni, no run
Hussey to Gambhir, 1 run
Hussey to Dhoni, 1 run
Hussey to Dhoni, no run
Hussey to Dhoni, no run
Marsh to Dhoni, 1 run
Marsh to Gambhir, 1 run
Marsh to Dhoni, 3 runs
Marsh to Gambhir, 3 runs
Marsh to Gambhir, no run
Marsh to Dhoni, 1 run
Lee to Gambhir, no run
Lee to Dhoni, 1 run
Lee to Dhoni, FOUR runs
Lee to Gambhir, 1 run
Lee to Dhoni, 1 run
Lee to Gambhir, 1 run
Marsh to Gambhir, 1 run
Marsh to Gambhir, no run
Marsh to Dhoni, 1 run
Marsh to Dhoni, FOUR runs
Marsh to Dhoni, 2 runs
Marsh to Dhoni, 1 wide
Marsh to Gambhir, 1 run
Hogg to Dhoni, no run
Hogg to Gambhir, 1 run
Hogg to Gambhir, no run
Hogg to Dhoni, 1 run
Hogg to Dhoni, no run
Hogg to Gambhir, 1 run
Marsh to Gambhir, 1 run
Marsh to Dhoni, 1 run
Marsh to Kohli, OUT
Marsh to Gambhir, 1 run
Marsh to Kohli, 1 run
Marsh to Kohli, 2 runs
McKay to Kohli, 1 run
McKay to Kohli, FOUR runs
McKay to Gambhir, 1 run
McKay to Gambhir, no run
McKay to Kohli, 1 run
McKay to Gambhir, 1 run
Doherty to Gambhir, 1 run
Doherty to Kohli, 1 run
Doherty to Kohli, FOUR runs
Doherty to Gambhir, 1 run
Doherty to Kohli, 1 run
Doherty to Kohli, no run
Hussey to Gambhir, 2 runs
Hussey to Gambhir, no run
Hussey to Gambhir, 2 runs
Hussey to Gambhir, no run
Hussey to Kohli, 1 run
Hussey to Gambhir, 1 run
Marsh to Gambhir, 1 run
Marsh to Kohli, 1 run
Marsh to Kohli, no run
Marsh to Kohli, 2 runs
Marsh to Kohli, no run
Marsh to Gambhir, 1 run
Hogg to Gambhir, 1 run
Hogg to Kohli, 1 run
Hogg to Gambhir, 1 run
Hogg to Gambhir, FOUR runs
Hogg to Kohli, 1 run
Hogg to Kohli, FOUR runs
Doherty to Kohli, 1 run
Doherty to Gambhir, 3 runs
Doherty to Kohli, 1 run
Doherty to Kohli, 1 wide
Doherty to Gambhir, 1 run
Doherty to Gambhir, no run
Doherty to Kohli, 1 run
Hogg to Kohli, 1 run
Hogg to Kohli, 2 runs
Hogg to Kohli, no run
Hogg to Sehwag, OUT
Hogg to Sehwag, no run
Hogg to Gambhir, 1 run
Doherty to Gambhir, 1 run
Doherty to Sehwag, 1 run
Doherty to Gambhir, 1 run
Doherty to Sehwag, 3 runs
Doherty to Sehwag, SIX runs
Doherty to Gambhir, 1 run
Lee to Gambhir, 1 run
Lee to Gambhir, no run
Lee to Sehwag, 1 run
Lee to Sehwag, no run
Lee to Sehwag, no run
Lee to Gambhir, 1 run
McKay to Gambhir, 1 run
McKay to Gambhir, no run
McKay to Sehwag, 1 run
McKay to Sehwag, FOUR runs
McKay to Gambhir, 1 run
McKay to Sehwag, 1 run
Lee to Gambhir, no run
Lee to Sehwag, 1 run
Lee to Gambhir, 1 run
Lee to Sehwag, 1 run
Lee to Sehwag, no run
Lee to Sehwag, FOUR runs
McKay to Gambhir, no run
McKay to Gambhir, FOUR runs
McKay to Gambhir, 1 wide
McKay to Gambhir, no run
McKay to Gambhir, no run
McKay to Gambhir, no run
McKay to Gambhir, no run
Lee to Sehwag, no run
Lee to Gambhir, 1 run
Lee to Gambhir, no run
Lee to Gambhir, no run
Lee to Gambhir, 1 wide
Lee to Gambhir, FOUR runs
Lee to Gambhir, no run
