Awana to Buttler, 1 run
Awana to Buttler, 2 runs
Awana to Buttler, SIX runs
Awana to Buttler, SIX runs
Awana to Tredwell, 1 run
Awana to Buttler, 1 run
Dinda to Buttler, 1 run
Dinda to Buttler, no run
Dinda to Bresnan, OUT
Dinda to Buttler, 1 run
Dinda to Buttler, no run
Dinda to Patel, OUT
Ashwin to Buttler, no run
Ashwin to Patel, 1 run
Ashwin to Patel, SIX runs
Ashwin to Buttler, 1 run
Ashwin to Buttler, SIX runs
Ashwin to Patel, 1 run
Jadeja to Patel, 1 run
Jadeja to Buttler, 1 run
Jadeja to Patel, 1 run
Jadeja to Buttler, 1 run
Jadeja to Patel, 1 run
Jadeja to Buttler, 1 run
Chawla to Buttler, 1 run
Chawla to Patel, 1 run
Chawla to Patel, no run
Chawla to Patel, no run
Chawla to Buttler, 1 run
Chawla to Patel, 1 run
Yuvraj to Patel, 1 run
Yuvraj to Patel, no run
Yuvraj to Patel, no run
Yuvraj to Buttler, 1 run
Yuvraj to Patel, 1 run
Yuvraj to Patel, FOUR runs
Chawla to Patel, 1 run
Chawla to Buttler, 1 run
Chawla to Buttler, no run
Chawla to Patel, 1 run
Chawla to Buttler, 1 run
Chawla to Patel, 1 run
Yuvraj to Patel, 1 run
Yuvraj to Patel, no run
Yuvraj to Morgan, OUT
Yuvraj to Patel, 1 run
Yuvraj to Hales, OUT
Yuvraj to Morgan, 1 run
Jadeja to Morgan, 1 leg bye
Jadeja to Hales, 1 run
Jadeja to Morgan, 1 run
Jadeja to Morgan, no run
Jadeja to Hales, 1 run
Jadeja to Morgan, 1 run
Yuvraj to Morgan, 1 run
Yuvraj to Morgan, no run
Yuvraj to Hales, 1 run
Yuvraj to Morgan, 1 run
Yuvraj to Hales, 1 run
Yuvraj to Wright, OUT
Dinda to Hales, no run
Dinda to Wright, 1 run
Dinda to Wright, FOUR runs
Dinda to Wright, 2 runs
Dinda to Wright, no run
Dinda to Hales, 1 run
Yuvraj to Hales, 1 run
Yuvraj to Hales, no run
Yuvraj to Wright, 1 run
Yuvraj to Hales, 1 run
Yuvraj to Wright, 1 run
Yuvraj to Hales, 1 run
Kohli to Wright, no run
Kohli to Wright, SIX runs
Kohli to Hales, 1 run
Kohli to Wright, 1 run
Kohli to Hales, 1 run
Kohli to Wright, 1 run
Chawla to Hales, FOUR runs
Chawla to Wright, 1 run
Chawla to Wright, FOUR runs
Chawla to Wright, FOUR runs
Chawla to Wright, no run
Chawla to Wright, 2 runs
Ashwin to Hales, no run
Ashwin to Hales, FOUR runs
Ashwin to Hales, SIX runs
Ashwin to Hales, no run
Ashwin to Wright, 1 run
Ashwin to Hales, 1 run
Jadeja to Hales, 1 run
Jadeja to Hales, 1 wide
Jadeja to Hales, no run
Jadeja to Hales, no run
Jadeja to Hales, FOUR runs
Jadeja to Hales, SIX runs
Jadeja to Hales, no run
Ashwin to Wright, 2 runs
Ashwin to Wright, 2 runs
Ashwin to Wright, no run
Ashwin to Hales, 1 run
Ashwin to Wright, 1 run
Ashwin to Lumb, OUT
Awana to Lumb, 1 run
Awana to Hales, 1 run
Awana to Hales, FOUR runs
Awana to Hales, no run
Awana to Hales, FOUR runs
Awana to Hales, 2 runs
Ashwin to Lumb, no run
Ashwin to Lumb, no run
Ashwin to Lumb, no run
Ashwin to Lumb, no run
Ashwin to Lumb, no run
Ashwin to Lumb, no run
Dinda to Hales, FOUR runs
Dinda to Hales, FOUR runs
Dinda to Hales, no run
Dinda to Hales, no run
Dinda to Lumb, 1 leg bye
Dinda to Lumb, no run
