Meaker to Dhoni, 2 runs
Meaker to Dhoni, FOUR runs
Meaker to Dhoni, no run
Meaker to Dhoni, FOUR runs
Meaker to Dhoni, OUT
Bresnan to Raina, no run
Bresnan to Raina, 2 runs
Bresnan to Dhoni, 1 run
Bresnan to Raina, 1 run
Bresnan to Raina, SIX runs
Bresnan to Dhoni, 1 run
Wright to Dhoni, 1 run
Wright to Raina, 1 run
Wright to Dhoni, 1 run
Wright to Dhoni, no run
Wright to Dhoni, no run
Wright to Raina, 1 run
Wright to Raina, 1 wide
Dernbach to Raina, 1 run
Dernbach to Dhoni, 1 run
Dernbach to Dhoni, 2 runs
Dernbach to Dhoni, no run
Dernbach to Raina, 1 run
Dernbach to Dhoni, 1 run
Tredwell to Dhoni, 1 run
Tredwell to Dhoni, 2 runs
Tredwell to Raina, 1 run
Tredwell to Raina, FOUR runs
Tredwell to Raina, 2 runs
Tredwell to Dhoni, 1 run
Meaker to Dhoni, 1 run
Meaker to Dhoni, 1 wide
Meaker to Dhoni, 1 wide
Meaker to Raina, 1 run
Meaker to Raina, no run
Meaker to Dhoni, 1 run
Meaker to Dhoni, no run
Meaker to Kohli, OUT
Meaker to Kohli, 1 wide
Wright to Kohli, 1 run
Wright to Raina, 1 run
Wright to Raina, 1 wide
Wright to Kohli, 1 run
Wright to Kohli, FOUR runs
Wright to Raina, 1 run
Wright to Raina, no run
Tredwell to Kohli, 2 runs
Tredwell to Raina, 1 run
Tredwell to Kohli, 1 run
Tredwell to Raina, 1 run
Tredwell to Kohli, 1 run
Tredwell to Raina, 1 run
Wright to Yuvraj, OUT
Wright to Yuvraj, SIX runs
Wright to Yuvraj, 2 runs
Wright to Kohli, 1 run
Wright to Yuvraj, 1 run
Wright to Yuvraj, no run
Tredwell to Kohli, FOUR runs
Tredwell to Yuvraj, 1 run
Tredwell to Kohli, 1 run
Tredwell to Yuvraj, 1 run
Tredwell to Yuvraj, no run
Tredwell to Kohli, 1 run
Briggs to Yuvraj, SIX runs
Briggs to Yuvraj, FOUR runs
Briggs to Yuvraj, SIX runs
Briggs to Kohli, 1 run
Briggs to Kohli, no run
Briggs to Yuvraj, 1 run
Tredwell to Yuvraj, 1 run
Tredwell to Yuvraj, 2 runs
Tredwell to Kohli, 1 run
Tredwell to Kohli, no run
Tredwell to Yuvraj, 1 run
Tredwell to Yuvraj, no run
Meaker to Yuvraj, 1 run
Meaker to Yuvraj, no run
Meaker to Yuvraj, no run
Meaker to Yuvraj, 1 wide
Meaker to Kohli, 1 run
Meaker to Yuvraj, 1 run
Meaker to Yuvraj, FOUR runs
Bresnan to Rahane, OUT
Bresnan to Kohli, 1 run
Bresnan to Rahane, 1 run
Bresnan to Gambhir, OUT
Bresnan to Gambhir, no run
Bresnan to Rahane, 1 run
Meaker to Rahane, 1 run
Meaker to Gambhir, 1 run
Meaker to Gambhir, no run
Meaker to Rahane, 1 run
Meaker to Gambhir, 1 run
Meaker to Gambhir, no run
Dernbach to Gambhir, 1 run
Dernbach to Gambhir, FOUR runs
Dernbach to Gambhir, no run
Dernbach to Rahane, 1 run
Dernbach to Rahane, SIX runs
Dernbach to Rahane, 4 leg byes
Bresnan to Gambhir, no run
Bresnan to Gambhir, no run
Bresnan to Gambhir, FOUR runs
Bresnan to Rahane, 1 run
Bresnan to Rahane, SIX runs
Bresnan to Rahane, no run
Bresnan to Rahane, 1 wide
Dernbach to Gambhir, no run
Dernbach to Gambhir, no run
Dernbach to Gambhir, FOUR runs
Dernbach to Gambhir, 1 wide
Dernbach to Rahane, 1 run
Dernbach to Rahane, no run
Dernbach to Gambhir, 1 run
Dernbach to Gambhir, 1 wide
Dernbach to Gambhir, 1 wide
