Plunkett to Fernando, OUT
Plunkett to Fernando, 2 runs
Plunkett to Malinga, OUT
Plunkett to Malinga, 2 runs
Plunkett to Fernando, 1 run
Plunkett to Fernando, no run
Mahmood to Malinga, FOUR runs
Mahmood to Malinga, no run
Mahmood to Kapugedera, OUT
Mahmood to Kapugedera, no run
Mahmood to Malinga, 1 run
Mahmood to Malinga, no run
Mahmood to Kapugedera, (no ball) 1 run
Plunkett to Malinga, 2 runs
Plunkett to Kapugedera, 1 run
Plunkett to Kapugedera, 2 runs
Plunkett to Kapugedera, 2 runs
Plunkett to Malinga, 3 runs
Plunkett to Malinga, no run
Mahmood to Kapugedera, no run
Mahmood to Malinga, 1 run
Mahmood to Malinga, no run
Mahmood to Malinga, no run
Mahmood to Kapugedera, 1 run
Mahmood to Kapugedera, 2 runs
Plunkett to Kapugedera, 1 run
Plunkett to Maharoof, OUT
Plunkett to Kapugedera, 1 run
Plunkett to Kapugedera, SIX runs
Plunkett to Kapugedera, 2 runs
Plunkett to Maharoof, 1 run
Harmison to Maharoof, 3 runs
Harmison to Kapugedera, 1 run
Harmison to Kapugedera, 1 wide
Harmison to Maharoof, 1 run
Harmison to Maharoof, 2 runs
Harmison to Maharoof, no run
Harmison to Maharoof, no run
PD Collingwood to Maharoof, 1 run
PD Collingwood to Sangakkara, OUT
PD Collingwood to Sangakkara, 2 runs
PD Collingwood to Kapugedera, 1 run
PD Collingwood to Sangakkara, 1 run
PD Collingwood to Sangakkara, 2 runs
Harmison to Sangakkara, 1 run
Harmison to Kapugedera, 1 run
Harmison to Sangakkara, 1 bye
Harmison to Sangakkara, no run
Harmison to Sangakkara, FOUR runs
Harmison to Sangakkara, 2 runs
PD Collingwood to Arnold, OUT
PD Collingwood to Arnold, 1 wide
PD Collingwood to Arnold, 2 runs
PD Collingwood to Arnold, 2 runs
PD Collingwood to Sangakkara, 1 run
PD Collingwood to Arnold, 1 run
PD Collingwood to Arnold, no run
Dalrymple to Sangakkara, FOUR runs
Dalrymple to Arnold, 1 run
Dalrymple to Sangakkara, 1 leg bye
Dalrymple to Sangakkara, FOUR runs
Dalrymple to Arnold, 1 run
Dalrymple to Dilshan, OUT
PD Collingwood to Sangakkara, no run
PD Collingwood to Jayasuriya, OUT
PD Collingwood to Jayasuriya, no run
PD Collingwood to Dilshan, 1 run
PD Collingwood to Dilshan, no run
PD Collingwood to Jayasuriya, 1 run
Dalrymple to Dilshan, no run
Dalrymple to Jayasuriya, 1 run
Dalrymple to Jayasuriya, FOUR runs
Dalrymple to Dilshan, 1 run
Dalrymple to Jayasuriya, 1 run
Dalrymple to Jayasuriya, OUT
PD Collingwood to Mahela Jayawardene, no run
PD Collingwood to Upul Tharanga, OUT
PD Collingwood to Jayasuriya, 1 run
PD Collingwood to Upul Tharanga, 1 leg bye
PD Collingwood to Upul Tharanga, FOUR runs
PD Collingwood to Jayasuriya, 1 run
Mahmood to Upul Tharanga, no run
Mahmood to Upul Tharanga, no run
Mahmood to Jayasuriya, 1 run
Mahmood to Upul Tharanga, 1 run
Mahmood to Upul Tharanga, no run
Mahmood to Jayasuriya, 1 run
Mahmood to Jayasuriya, (no ball) SIX runs
Plunkett to Jayasuriya, 1 leg bye
Plunkett to Upul Tharanga, 1 run
Plunkett to Upul Tharanga, 2 runs
Plunkett to Upul Tharanga, no run
Plunkett to Upul Tharanga, FOUR runs
Plunkett to Upul Tharanga, FOUR runs
Mahmood to Jayasuriya, no run
Mahmood to Upul Tharanga, 1 run
Mahmood to Upul Tharanga, 2 runs
Mahmood to Upul Tharanga, SIX runs
Mahmood to Upul Tharanga, FOUR runs
Mahmood to Upul Tharanga, no run
Harmison to Jayasuriya, 2 runs
Harmison to Jayasuriya, no run
Harmison to Jayasuriya, 1 wide
Harmison to Upul Tharanga, 1 run
Harmison to Jayasuriya, 3 runs
Harmison to Jayasuriya, no run
Harmison to Upul Tharanga, 1 run
Bresnan to Jayasuriya, no run
Bresnan to Jayasuriya, no run
Bresnan to Jayasuriya, SIX runs
Bresnan to Jayasuriya, FOUR runs
Bresnan to Jayasuriya, FOUR runs
Bresnan to Upul Tharanga, 1 run
Harmison to Jayasuriya, FOUR runs
Harmison to Jayasuriya, no run
Harmison to Upul Tharanga, 1 run
Harmison to Upul Tharanga, no run
Harmison to Upul Tharanga, no run
Harmison to Upul Tharanga, no run
Bresnan to Jayasuriya, no run
Bresnan to Jayasuriya, no run
Bresnan to Jayasuriya, no run
Bresnan to Jayasuriya, no run
Bresnan to Upul Tharanga, 1 run
Bresnan to Upul Tharanga, 1 wide
Bresnan to Upul Tharanga, 1 wide
Bresnan to Jayasuriya, 1 run
Bresnan to Jayasuriya, 1 wide
