Fernando to Bresnan, 2 runs
Fernando to Jones, 1 leg bye
Fernando to Bresnan, 1 run
Fernando to Bresnan, no run
Fernando to Jones, 1 run
Fernando to Bresnan, 1 run
Jayasuriya to Bresnan, 1 leg bye
Jayasuriya to Bresnan, 2 runs
Jayasuriya to ME Trescothick, OUT
Jayasuriya to Jones, 1 run
Jayasuriya to Jones, FOUR runs
Jayasuriya to Jones, 2 runs
Malinga to ME Trescothick, FOUR runs
Malinga to ME Trescothick, FOUR runs
Malinga to ME Trescothick, FOUR runs
Malinga to Jones, 1 run
Malinga to ME Trescothick, 1 run
Malinga to ME Trescothick, no run
Dilshan to ME Trescothick, 1 run
Dilshan to ME Trescothick, SIX runs
Dilshan to Jones, 1 run
Dilshan to ME Trescothick, 1 run
Dilshan to Jones, 1 run
Dilshan to ME Trescothick, 1 run
Jayasuriya to Jones, 2 runs
Jayasuriya to Jones, no run
Jayasuriya to ME Trescothick, 1 run
Jayasuriya to ME Trescothick, 2 runs
Jayasuriya to Jones, 1 run
Jayasuriya to Dalrymple, OUT
Dilshan to ME Trescothick, FOUR runs
Dilshan to ME Trescothick, no run
Dilshan to Dalrymple, 1 run
Dilshan to PD Collingwood, OUT
Dilshan to ME Trescothick, 1 run
Dilshan to PD Collingwood, 1 run
Jayasuriya to ME Trescothick, FOUR runs
Jayasuriya to ME Trescothick, 2 runs
Jayasuriya to ME Trescothick, no run
Jayasuriya to ME Trescothick, 2 runs
Jayasuriya to PD Collingwood, 1 run
Jayasuriya to PD Collingwood, no run
Maharoof to ME Trescothick, FOUR runs
Maharoof to PD Collingwood, 1 run
Maharoof to ME Trescothick, 1 run
Maharoof to PD Collingwood, 1 run
Maharoof to ME Trescothick, 1 run
Maharoof to PD Collingwood, 1 run
Jayasuriya to Pietersen, OUT
Jayasuriya to Pietersen, FOUR runs
Jayasuriya to ME Trescothick, 1 run
Jayasuriya to Pietersen, 1 run
Jayasuriya to Pietersen, 2 runs
Jayasuriya to Pietersen, no run
Maharoof to ME Trescothick, no run
Maharoof to ME Trescothick, 2 runs
Maharoof to ME Trescothick, (no ball)
Maharoof to ME Trescothick, 1 wide
Maharoof to ME Trescothick, no run
Maharoof to Pietersen, 1 run
Maharoof to Pietersen, 2 runs
Maharoof to Pietersen, 2 runs
Fernando to Pietersen, 1 run
Fernando to ME Trescothick, 1 run
Fernando to ME Trescothick, 2 runs
Fernando to Pietersen, 1 run
Fernando to ME Trescothick, 1 run
Fernando to Pietersen, 1 run
Maharoof to Pietersen, 1 run
Maharoof to ME Trescothick, 1 run
Maharoof to Pietersen, 1 run
Maharoof to Pietersen, no run
Maharoof to ME Trescothick, 1 run
Maharoof to ME Trescothick, no run
Fernando to Pietersen, no run
Fernando to ME Trescothick, 1 run
Fernando to Pietersen, 1 leg bye
Fernando to Strauss, OUT
Fernando to ME Trescothick, 1 run
Fernando to Strauss, 1 run
Maharoof to ME Trescothick, no run
Maharoof to Strauss, 1 run
Maharoof to ME Trescothick, 1 run
Maharoof to Strauss, 1 run
Maharoof to Strauss, FOUR runs
Maharoof to ME Trescothick, 1 run
Fernando to Strauss, FOUR runs
Fernando to ME Trescothick, 1 run
Fernando to ME Trescothick, no run
Fernando to Strauss, 1 run
Fernando to ME Trescothick, 1 run
Fernando to ME Trescothick, no run
Perera to Strauss, no run
Perera to Strauss, 3 wide
Perera to Strauss, FOUR runs
Perera to Strauss, FOUR runs
Perera to Strauss, FOUR runs
Perera to Strauss, FOUR runs
Perera to Strauss, no run
Malinga to ME Trescothick, no run
Malinga to ME Trescothick, no run
Malinga to ME Trescothick, FOUR runs
Malinga to ME Trescothick, no run
Malinga to ME Trescothick, no run
Malinga to ME Trescothick, FOUR runs
Perera to Strauss, 2 runs
Perera to ME Trescothick, 1 leg bye
Perera to Strauss, 1 run
Perera to ME Trescothick, 1 run
Perera to ME Trescothick, no run
Perera to ME Trescothick, no run
Malinga to Strauss, no run
Malinga to Strauss, no run
Malinga to Strauss, 2 runs
Malinga to Strauss, no run
Malinga to Strauss, 1 wide
Malinga to Strauss, no run
Malinga to Strauss, no run
Perera to ME Trescothick, no run
Perera to ME Trescothick, FOUR runs
Perera to ME Trescothick, no run
Perera to ME Trescothick, no run
Perera to ME Trescothick, 2 leg byes
Perera to ME Trescothick, no run
Perera to ME Trescothick, 1 wide
