Tendulkar to Telemachus, 2 runs
Tendulkar to Langeveldt, 1 leg bye
Tendulkar to Henderson, OUT
Tendulkar to Henderson, no run
Tendulkar to Telemachus, 1 run
Tendulkar to Telemachus, 2 runs
Harbhajan to JJ van der Wath, OUT
Harbhajan to Peterson, OUT
Harbhajan to JJ van der Wath, (no ball) 1 run
Harbhajan to JJ van der Wath, 2 runs
Harbhajan to Peterson, 1 run
Harbhajan to JJ van der Wath, 1 run
Harbhajan to Peterson, 1 run
Pathan to JJ van der Wath, 2 runs
Pathan to Peterson, 1 run
Pathan to JJ van der Wath, 1 run
Pathan to Peterson, 1 run
Pathan to Peterson, no run
Pathan to Peterson, no run
Harbhajan to Peterson, 1 run
Harbhajan to Peterson, 2 runs
Harbhajan to Peterson, no run
Harbhajan to JJ van der Wath, 1 run
Harbhajan to Peterson, 1 run
Harbhajan to Peterson, no run
Sreesanth to JJ van der Wath, 2 runs
Sreesanth to JJ van der Wath, no run
Sreesanth to Morkel, OUT
Sreesanth to JJ van der Wath, 1 run
Sreesanth to JJ van der Wath, 2 runs
Sreesanth to JJ van der Wath, FOUR runs
Harbhajan to JJ van der Wath, 1 run
Harbhajan to Morkel, 1 run
Harbhajan to Morkel, SIX runs
Harbhajan to JJ van der Wath, 1 run
Harbhajan to Morkel, 1 leg bye
Harbhajan to JJ van der Wath, 1 run
Sreesanth to Morkel, SIX runs
Sreesanth to Morkel, no run
Sreesanth to JJ van der Wath, 1 leg bye
Sreesanth to JJ van der Wath, no run
Sreesanth to JJ van der Wath, no run
Sreesanth to JJ van der Wath, no run
Pathan to JJ van der Wath, 1 run
Pathan to Morkel, 1 run
Pathan to Morkel, SIX runs
Pathan to Morkel, FOUR runs
Pathan to Morkel, no run
Pathan to Morkel, no run
Tendulkar to JJ van der Wath, no run
Tendulkar to Kemp, OUT
Tendulkar to Morkel, 1 run
Tendulkar to Morkel, no run
Tendulkar to Morkel, no run
Tendulkar to Kemp, 1 run
Pathan to Kemp, 1 run
Pathan to Morkel, 1 run
Pathan to Kemp, 1 run
Pathan to Kemp, no run
Pathan to Kemp, 2 runs
Pathan to Kemp, no run
Tendulkar to Morkel, no run
Tendulkar to Kemp, 1 run
Tendulkar to Kemp, FOUR runs
Agarkar to Kemp, 2 runs
Agarkar to Morkel, 1 run
Agarkar to Morkel, no run
Pathan to Kemp, no run
Pathan to Kemp, no run
Pathan to Kemp, no run
Pathan to Kemp, FOUR runs
Pathan to Kemp, no run
Pathan to Kemp, FOUR runs
Agarkar to de Villiers, OUT
Agarkar to de Villiers, no run
Agarkar to de Villiers, SIX runs
Agarkar to de Villiers, no run
Agarkar to Kemp, 1 run
Agarkar to Kemp, no run
Khan to Smith, OUT
Khan to Smith, no run
Khan to Kemp, 1 run
Khan to Kemp, no run
Khan to Smith, 1 run
Khan to Smith, 1 wide
Khan to Smith, no run
Agarkar to Kemp, no run
Agarkar to Kemp, no run
Agarkar to Kemp, no run
Agarkar to Kemp, no run
Agarkar to Kemp, no run
Agarkar to Gibbs, OUT
Khan to Gibbs, 1 run
Khan to Gibbs, FOUR runs
Khan to Gibbs, 2 runs
Khan to Gibbs, no run
Khan to Gibbs, no run
Khan to Gibbs, no run
Sreesanth to Smith, no run
Sreesanth to Smith, FOUR runs
Sreesanth to Smith, no run
Sreesanth to Smith, 1 wide
Sreesanth to Smith, no run
Sreesanth to Smith, no run
Sreesanth to Smith, no run
Khan to Bosman, OUT
Khan to Smith, 1 run
Khan to Smith, no run
Khan to Bosman, 1 run
Khan to Smith, 1 run
Khan to Bosman, 1 leg bye
Sreesanth to Smith, no run
Sreesanth to Smith, FOUR runs
Sreesanth to Smith, no run
Sreesanth to Smith, FOUR runs
Sreesanth to Smith, 5 wide
Sreesanth to Smith, no run
Sreesanth to Smith, no run
Khan to Bosman, no run
Khan to Bosman, no run
Khan to Bosman, no run
Khan to Bosman, no run
Khan to Bosman, 1 wide
Khan to Smith, 1 run
Khan to Smith, no run
