Peterson to Karthik, 1 run
Peterson to Raina, 1 run
Peterson to Karthik, 1 run
Peterson to Karthik, no run
Peterson to Karthik, SIX runs
JJ van der Wath to Raina, no run
JJ van der Wath to Karthik, 1 run
JJ van der Wath to Karthik, no run
JJ van der Wath to Raina, 1 run
JJ van der Wath to Karthik, 1 run
JJ van der Wath to Karthik, FOUR runs
Peterson to Karthik, 1 leg bye
Peterson to Raina, 1 run
Peterson to Karthik, 1 run
Peterson to Mongia, OUT
Peterson to Mongia, no run
Peterson to Mongia, no run
Telemachus to Karthik, 2 runs
Telemachus to Mongia, 1 run
Telemachus to Karthik, 1 run
Telemachus to Mongia, 1 run
Telemachus to Karthik, 1 run
Telemachus to Karthik, FOUR runs
Morkel to Karthik, 1 run
Morkel to Mongia, 1 run
Morkel to Karthik, 1 run
Morkel to Karthik, no run
Morkel to Karthik, no run
Morkel to Mongia, 1 run
Telemachus to Karthik, no run
Telemachus to Karthik, no run
Telemachus to Karthik, FOUR runs
Telemachus to Karthik, no run
Telemachus to Karthik, no run
Telemachus to Mongia, 1 run
Morkel to Karthik, no run
Morkel to Mongia, 1 run
Morkel to Mongia, SIX runs
Morkel to Mongia, no run
Morkel to Mongia, no run
Morkel to Karthik, 1 run
Henderson to Mongia, FOUR runs
Henderson to Mongia, no run
Henderson to Karthik, 1 run
Henderson to Mongia, 1 run
Henderson to Mongia, no run
Henderson to Mongia, no run
Langeveldt to Karthik, no run
Langeveldt to Mongia, 1 run
Langeveldt to Mongia, 2 runs
Langeveldt to Mongia, no run
Langeveldt to Karthik, 1 leg bye
Langeveldt to Dhoni, OUT
Henderson to Mongia, no run
Henderson to Mongia, no run
Henderson to Mongia, no run
Henderson to Mongia, FOUR runs
Henderson to Mongia, no run
Henderson to Mongia, 2 runs
Langeveldt to Dhoni, no run
Langeveldt to Mongia, 1 run
Langeveldt to Mongia, FOUR runs
Langeveldt to Mongia, OUT
Langeveldt to Mongia, no run
Langeveldt to Mongia, no run
Henderson to Mongia, 1 run
Henderson to Mongia, no run
Henderson to Sehwag, 1 run
Henderson to Sehwag, no run
Henderson to Sehwag, FOUR runs
Henderson to Sehwag, 2 runs
Telemachus to Mongia, no run
Telemachus to Sehwag, 1 run
Telemachus to Sehwag, 1 wide
Telemachus to Sehwag, no run
Telemachus to Sehwag, 4 leg byes
Telemachus to Sehwag, 2 runs
Telemachus to Sehwag, FOUR runs
Henderson to Mongia, no run
Henderson to Sehwag, 1 run
Henderson to Sehwag, FOUR runs
Henderson to Sehwag, SIX runs
Henderson to Sehwag, no run
Henderson to Sehwag, no run
Telemachus to Mongia, no run
Telemachus to Mongia, no run
Telemachus to Mongia, no run
Telemachus to Mongia, no run
Telemachus to Mongia, FOUR runs
Telemachus to Sehwag, 1 run
JJ van der Wath to Mongia, no run
JJ van der Wath to Mongia, no run
JJ van der Wath to Mongia, 2 runs
JJ van der Wath to Mongia, no run
JJ van der Wath to Sehwag, 1 leg bye
JJ van der Wath to Sehwag, FOUR runs
Langeveldt to Mongia, no run
Langeveldt to Tendulkar, OUT
Langeveldt to Tendulkar, no run
Langeveldt to Tendulkar, FOUR runs
Langeveldt to Tendulkar, no run
Langeveldt to Tendulkar, FOUR runs
JJ van der Wath to Sehwag, no run
JJ van der Wath to Sehwag, no run
JJ van der Wath to Sehwag, no run
JJ van der Wath to Sehwag, no run
JJ van der Wath to Sehwag, 1 wide
JJ van der Wath to Sehwag, no run
JJ van der Wath to Sehwag, no run
Langeveldt to Tendulkar, no run
Langeveldt to Tendulkar, (no ball)
Langeveldt to Tendulkar, no run
Langeveldt to Tendulkar, 2 runs
Langeveldt to Tendulkar, no run
Langeveldt to Tendulkar, no run
Langeveldt to Tendulkar, no run
Langeveldt to Tendulkar, 1 wide
JJ van der Wath to Sehwag, no run
JJ van der Wath to Sehwag, no run
JJ van der Wath to Sehwag, no run
JJ van der Wath to Sehwag, no run
JJ van der Wath to Sehwag, FOUR runs
JJ van der Wath to Sehwag, no run
