Christian to Sammy, SIX runs
Christian to Sammy, SIX runs
Christian to Deonarine, 1 run
Christian to Deonarine, 2 runs
Christian to Sammy, 1 run
Christian to Sammy, 2 runs
Tait to Deonarine, no run
Tait to Sammy, 1 run
Tait to Sammy, FOUR runs
Tait to Deonarine, 1 run
Tait to Sammy, 1 run
Tait to Sammy, 2 runs
Harris to Deonarine, FOUR runs
Harris to Sammy, 1 run
Harris to Deonarine, 1 run
Harris to Sammy, 1 run
Harris to Deonarine, 1 run
Harris to Deonarine, 2 runs
Tait to Deonarine, 1 run
Tait to Deonarine, no run
Tait to Sammy, 1 run
Tait to Sammy, 1 wide
Tait to Ramdin, OUT
Tait to Deonarine, 1 run
Tait to Deonarine, FOUR runs
Watson to Deonarine, 1 run
Watson to Deonarine, no run
Watson to Ramdin, 1 run
Watson to Deonarine, 1 leg bye
Watson to Deonarine, no run
Watson to Ramdin, 1 run
Christian to Deonarine, no run
Christian to Deonarine, no run
Christian to Ramdin, 1 run
Christian to Deonarine, 1 run
Christian to Ramdin, 1 run
Christian to Ramdin, no run
Johnson to Ramdin, 1 run
Johnson to Ramdin, 2 runs
Johnson to Deonarine, 1 run
Johnson to Deonarine, no run
Johnson to Ramdin, 1 run
Johnson to Deonarine, 1 run
Christian to Ramdin, no run
Christian to Deonarine, 1 run
Christian to Ramdin, 1 run
Christian to Ramdin, no run
Christian to Deonarine, 1 run
Christian to Smith, OUT
Smith to Deonarine, FOUR runs
Smith to Deonarine, 2 runs
Smith to Deonarine, FOUR runs
Smith to Deonarine, 2 runs
Smith to Deonarine, no run
Smith to Smith, 1 run
Christian to Smith, 1 run
Christian to Dowlin, OUT
Christian to Dowlin, 2 runs
Christian to Smith, 1 run
Christian to Smith, no run
Christian to Dowlin, 1 run
Watson to Smith, no run
Watson to Smith, 2 runs
Watson to Dowlin, 1 run
Watson to Smith, 1 run
Watson to Smith, 2 runs
Watson to Dowlin, 1 run
Johnson to Smith, no run
Johnson to Dowlin, 1 run
Johnson to Dowlin, no run
Johnson to Hinds, OUT
Johnson to Hinds, no run
Johnson to Dowlin, 1 run
Watson to Pollard, OUT
Watson to Dowlin, 3 leg byes
Watson to Pollard, 1 run
Watson to Pollard, 2 runs
Watson to Dowlin, 1 run
Watson to Pollard, 1 run
Johnson to Dowlin, FOUR runs
Johnson to Pollard, 1 run
Johnson to Pollard, no run
Johnson to Dowlin, 1 run
Johnson to Dowlin, no run
Johnson to Dowlin, no run
Johnson to Dowlin, 1 wide
Harris to Pollard, no run
Harris to Pollard, no run
Harris to Pollard, no run
Harris to Dowlin, 1 run
Harris to Dowlin, no run
Harris to Dowlin, no run
Johnson to Dowlin, 1 run
Johnson to Dowlin, no run
Johnson to Dowlin, FOUR runs
Johnson to Dowlin, no run
Johnson to Dowlin, 2 runs
Johnson to Dowlin, no run
Harris to Morton, OUT
Harris to Dowlin, 1 run
Harris to Gayle, OUT
Harris to Gayle, SIX runs
Harris to Gayle, FOUR runs
Harris to Dowlin, 1 run
Tait to Gayle, no run
Tait to Gayle, no run
Tait to Gayle, no run
Tait to Gayle, no run
Tait to Gayle, 1 wide
Tait to Gayle, no run
Tait to Gayle, no run
Harris to Dowlin, 2 runs
Harris to Dowlin, no run
Harris to Dowlin, no run
Harris to Gayle, 1 run
Harris to Gayle, no run
Harris to Gayle, no run
Harris to Gayle, 1 wide
Tait to Dowlin, no run
Tait to Dowlin, 2 runs
Tait to Dowlin, FOUR runs
Tait to Gayle, 2 wide
Tait to Dowlin, 1 leg bye
Tait to Gayle, 1 run
Tait to Gayle, no run
