Miller to Christian, FOUR runs
Miller to Christian, no run
Miller to Haddin, OUT
Miller to Watson, 1 run
Roach to Haddin, no run
Roach to Watson, 1 run
Roach to Watson, FOUR runs
Roach to Watson, 2 runs
Roach to Watson, no run
Roach to Watson, 2 runs
Miller to Haddin, FOUR runs
Miller to Watson, 1 run
Miller to Watson, 2 runs
Miller to Watson, SIX runs
Miller to Watson, 2 runs
Miller to Watson, SIX runs
Pollard to Watson, 1 run
Pollard to Watson, no run
Pollard to Haddin, 1 run
Pollard to Haddin, no run
Pollard to Watson, 1 run
Pollard to Haddin, 1 run
Miller to Watson, 2 runs
Miller to Watson, 2 runs
Miller to Warner, OUT
Miller to Warner, 2 runs
Miller to Warner, no run
Miller to Warner, SIX runs
Pollard to Watson, no run
Pollard to Warner, 1 run
Pollard to Warner, no run
Pollard to Warner, no run
Pollard to Watson, 1 run
Pollard to Watson, SIX runs
Deonarine to Warner, SIX runs
Deonarine to Warner, no run
Deonarine to Warner, no run
Deonarine to Warner, no run
Deonarine to Warner, FOUR runs
Deonarine to Warner, no run
Miller to Watson, FOUR runs
Miller to Watson, SIX runs
Miller to Watson, FOUR runs
Miller to Watson, FOUR runs
Miller to Watson, no run
Miller to Watson, no run
Deonarine to Warner, no run
Deonarine to Warner, no run
Deonarine to Warner, FOUR runs
Deonarine to Warner, no run
Deonarine to Warner, FOUR runs
Deonarine to Warner, no run
Smith to Watson, no run
Smith to Watson, no run
Smith to Warner, 1 run
Smith to Warner, SIX runs
Smith to Warner, 1 wide
Smith to Watson, 1 run
Smith to Watson, no run
Sammy to Warner, FOUR runs
Sammy to Warner, SIX runs
Sammy to Warner, 1 wide
Sammy to Warner, no run
Sammy to Watson, 1 run
Sammy to Warner, 1 run
Sammy to Watson, 1 run
Roach to Warner, SIX runs
Roach to Warner, FOUR runs
Roach to Warner, SIX runs
Roach to Warner, 1 wide
Roach to Warner, SIX runs
Roach to Watson, 1 run
Roach to Watson, no run
