Kulasekara to Southee, 2 runs
Kulasekara to Oram, 1 run
Kulasekara to Southee, 1 run
Kulasekara to Southee, 2 runs
Kulasekara to Southee, no run
Kulasekara to Oram, 1 run
Eranga to Southee, FOUR runs
Eranga to Southee, FOUR runs
Eranga to Southee, no run
Eranga to Southee, FOUR runs
Eranga to Southee, FOUR runs
Eranga to Southee, no run
Dananjaya to Oram, no run
Dananjaya to Oram, no run
Dananjaya to Ellis, OUT
Dananjaya to Oram, 1 run
Dananjaya to Ellis, 1 run
Dananjaya to Oram, 1 run
Perera to Ellis, SIX runs
Perera to Oram, 1 run
Perera to Ellis, 1 run
Perera to Ellis, FOUR runs
Perera to Ellis, 2 runs
Perera to Ellis, no run
Dananjaya to Ellis, 1 run
Dananjaya to Oram, 1 run
Dananjaya to Oram, FOUR runs
Dananjaya to Watling, OUT
Dananjaya to Watling, no run
Dananjaya to Watling, no run
Perera to Watling, 3 runs
Perera to Ellis, 1 run
Perera to Ellis, no run
Perera to Taylor, OUT
Perera to Taylor, no run
Perera to Taylor, no run
Eranga to Watling, no run
Eranga to Watling, FOUR runs
Eranga to Watling, no run
Eranga to Watling, no run
Eranga to Watling, no run
Eranga to Watling, no run
Perera to Watling, 1 run
Perera to Watling, 1 wide
Perera to Franklin, OUT
Perera to Taylor, 1 run
Perera to Franklin, 1 run
Perera to Franklin, no run
Perera to Franklin, no run
Eranga to Franklin, 1 run
Eranga to Franklin, no run
Eranga to Franklin, no run
Eranga to Nicol, OUT
Eranga to Taylor, 1 run
Eranga to Taylor, no run
Eranga to Taylor, 1 wide
Angelo Mathews to Taylor, 1 run
Angelo Mathews to Taylor, no run
Angelo Mathews to Taylor, no run
Angelo Mathews to Nicol, 1 run
Angelo Mathews to Nicol, no run
Angelo Mathews to Taylor, 1 run
Kulasekara to Nicol, no run
Kulasekara to McCullum, OUT
Kulasekara to McCullum, no run
Kulasekara to Nicol, 1 leg bye
Kulasekara to Nicol, no run
Kulasekara to Nicol, 1 wide
Kulasekara to McCullum, 1 leg bye
Kulasekara to McCullum, 1 wide
Angelo Mathews to McCullum, 1 run
Angelo Mathews to McCullum, no run
Angelo Mathews to McCullum, no run
Angelo Mathews to McCullum, no run
Angelo Mathews to McCullum, no run
Angelo Mathews to McCullum, no run
Kulasekara to McCullum, 1 leg bye
Kulasekara to Latham, OUT
Kulasekara to Latham, FOUR runs
Kulasekara to Latham, no run
Kulasekara to Latham, no run
Kulasekara to Latham, no run
Angelo Mathews to Nicol, no run
Angelo Mathews to Nicol, no run
Angelo Mathews to Nicol, no run
Angelo Mathews to Nicol, no run
Angelo Mathews to Nicol, no run
Angelo Mathews to Nicol, no run
