Botha to White, SIX runs
Botha to Hussey, 1 run
Botha to White, 1 run
Botha to Hussey, 1 run
Peterson to White, FOUR runs
Peterson to Hussey, 1 run
Peterson to Hussey, SIX runs
Peterson to Hussey, no run
Peterson to White, 1 run
Peterson to Hussey, 1 run
Botha to White, FOUR runs
Botha to White, no run
Botha to Hussey, 1 run
Botha to White, 1 run
Botha to White, no run
Botha to Hussey, 1 run
Steyn to White, no run
Steyn to White, no run
Steyn to White, no run
Steyn to White, FOUR runs
Steyn to Hussey, 1 bye
Steyn to Hussey, FOUR runs
Peterson to White, no run
Peterson to Watson, OUT
Peterson to Watson, 2 runs
Peterson to Watson, FOUR runs
Peterson to Watson, FOUR runs
Peterson to Hussey, 1 run
Duminy to Hussey, 1 run
Duminy to Hussey, no run
Duminy to Hussey, no run
Duminy to Watson, 1 run
Duminy to Hussey, 1 run
Duminy to Watson, 1 run
Parnell to Watson, 1 run
Parnell to Hussey, 1 run
Parnell to Hussey, SIX runs
Parnell to Hussey, FOUR runs
Parnell to Hussey, no run
Parnell to Watson, 1 run
Peterson to Hussey, no run
Peterson to Watson, 1 run
Peterson to Hussey, 1 run
Peterson to Hussey, no run
Peterson to Watson, 1 run
Peterson to Watson, 2 runs
Parnell to Hussey, 2 runs
Parnell to Hussey, no run
Parnell to Watson, 1 run
Parnell to Watson, SIX runs
Parnell to Hussey, 1 run
Parnell to Watson, 1 run
Botha to Watson, 1 run
Botha to Watson, 1 wide
Botha to Watson, no run
Botha to Hussey, 1 run
Botha to Hussey, no run
Botha to Hussey, no run
Botha to Hussey, 2 runs
Peterson to Watson, no run
Peterson to Watson, SIX runs
Peterson to Hussey, 1 run
Peterson to Watson, 1 run
Peterson to Watson, FOUR runs
Peterson to Watson, no run
Botha to Watson, 1 run
Botha to Watson, 1 wide
Botha to Watson, FOUR runs
Botha to Watson, no run
Botha to Hussey, 3 runs
Botha to Hussey, no run
Botha to Watson, 1 run
Morkel to Watson, 1 run
Morkel to Watson, FOUR runs
Morkel to Hussey, 1 run
Morkel to Watson, 1 run
Morkel to Watson, FOUR runs
Morkel to Watson, FOUR runs
Kallis to Watson, 1 run
Kallis to Watson, no run
Kallis to Watson, no run
Kallis to Hussey, 1 run
Kallis to Watson, 1 run
Kallis to Watson, 1 wide
Kallis to Watson, FOUR runs
Morkel to Watson, 1 run
Morkel to Hussey, 1 run
Morkel to Watson, 1 run
Morkel to Hussey, 1 run
Morkel to Hussey, 1 wide
Morkel to Hussey, no run
Morkel to Warner, OUT
Steyn to Watson, no run
Steyn to Watson, 1 wide
Steyn to Warner, 1 run
Steyn to Watson, 1 run
Steyn to Warner, 1 run
Steyn to Watson, 1 run
Steyn to Watson, no run
Morkel to Warner, 2 runs
Morkel to Warner, no run
Morkel to Warner, no run
Morkel to Watson, 1 run
Morkel to Watson, no run
Morkel to Watson, no run
Steyn to Watson, 1 run
Steyn to Watson, no run
Steyn to Watson, no run
Steyn to Warner, 1 run
Steyn to Warner, no run
Steyn to Warner, no run
