Starc to Behardien, 1 run
Starc to Peterson, 1 bye
Starc to Peterson, FOUR runs
Starc to Peterson, no run
Starc to Peterson, FOUR runs
Starc to Peterson, FOUR runs
Cummins to Behardien, SIX runs
Cummins to Behardien, 1 wide
Cummins to Behardien, no run
Cummins to Behardien, FOUR runs
Cummins to Peterson, 1 run
Cummins to Peterson, 2 runs
Cummins to Peterson, no run
Watson to Behardien, 2 runs
Watson to Peterson, 1 run
Watson to Peterson, FOUR runs
Watson to Behardien, 1 run
Watson to Behardien, 1 wide
Watson to Peterson, 1 run
Watson to Behardien, 1 run
Cummins to Behardien, 1 run
Cummins to Peterson, 1 run
Cummins to Peterson, no run
Cummins to Peterson, no run
Cummins to Peterson, no run
Cummins to Behardien, 1 run
Hogg to Peterson, FOUR runs
Hogg to Behardien, 1 run
Hogg to Behardien, no run
Hogg to Behardien, no run
Hogg to Peterson, 1 run
Hogg to Peterson, FOUR runs
Hogg to Behardien, 2 wide
Watson to Behardien, 1 run
Watson to Behardien, no run
Watson to Behardien, FOUR runs
Watson to Behardien, no run
Watson to Peterson, 1 run
Watson to de Villiers, OUT
Doherty to de Villiers, 1 run
Doherty to Behardien, 1 run
Doherty to de Villiers, 1 run
Doherty to Behardien, 1 run
Doherty to Behardien, no run
Doherty to Behardien, 2 runs
Doherty to de Villiers, 2 wide
Starc to de Villiers, 1 run
Starc to de Villiers, no run
Starc to de Villiers, no run
Starc to de Villiers, 2 runs
Starc to Behardien, 1 run
Starc to de Villiers, 1 run
Hogg to de Villiers, 1 run
Hogg to Behardien, 1 run
Hogg to de Villiers, 1 run
Hogg to Behardien, 1 run
Hogg to de Villiers, 1 run
Hogg to de Villiers, 2 runs
Doherty to Behardien, no run
Doherty to Behardien, no run
Doherty to Behardien, no run
Doherty to de Villiers, 1 run
Doherty to Behardien, 1 run
Doherty to Duminy, OUT
Maxwell to Duminy, 1 run
Maxwell to de Villiers, 1 run
Maxwell to Duminy, 1 run
Maxwell to de Villiers, 1 run
Maxwell to Duminy, 1 run
Maxwell to Duminy, 2 runs
Watson to Duminy, 1 run
Watson to de Villiers, 1 run
Watson to Duminy, 1 run
Watson to Duminy, FOUR runs
Watson to Duminy, no run
Watson to de Villiers, 1 run
Hogg to Duminy, no run
Hogg to Duminy, no run
Hogg to de Villiers, 1 run
Hogg to Duminy, 1 run
Hogg to Duminy, FOUR runs
Hogg to de Villiers, 1 run
Cummins to de Villiers, 1 run
Cummins to Duminy, 1 run
Cummins to Duminy, FOUR runs
Cummins to de Villiers, 1 run
Cummins to de Villiers, 1 wide
Cummins to de Villiers, no run
Cummins to de Villiers, no run
Watson to de Villiers, 1 run
Watson to Amla, OUT
Watson to Amla, no run
Watson to Duminy, 1 run
Watson to Amla, 1 run
Watson to Duminy, 1 run
Cummins to Duminy, 1 run
Cummins to Amla, 1 run
Cummins to Amla, FOUR runs
Cummins to Duminy, 1 run
Cummins to Duminy, no run
Cummins to Amla, 1 run
Starc to Duminy, FOUR runs
Starc to Duminy, no run
Starc to Duminy, no run
Starc to Duminy, 1 wide
Starc to Amla, 1 run
Starc to Amla, no run
Starc to Amla, no run
Doherty to Amla, 1 run
Doherty to Amla, no run
Doherty to Amla, SIX runs
Doherty to Duminy, 1 run
Doherty to Duminy, no run
Doherty to Kallis, OUT
Starc to Kallis, 1 run
Starc to Kallis, FOUR runs
Starc to Kallis, no run
Starc to Kallis, no run
Starc to Amla, 1 run
Starc to Amla, no run
Doherty to Kallis, no run
Doherty to Amla, 1 run
Doherty to Kallis, 1 run
Doherty to Levi, OUT
Doherty to Levi, no run
Doherty to Levi, no run
