Russell to Ajmal, 1 run
Russell to Junaid, 1 bye
Russell to Ajmal, 1 run
Russell to Junaid, 1 run
Russell to Junaid, no run
Russell to Ajmal, 1 run
Russell to Ajmal, 1 wide
Rampaul to Junaid, 2 runs
Rampaul to Ajmal, (no ball) 1 run
Rampaul to Ajmal, FOUR runs
Rampaul to Ajmal, FOUR runs
Rampaul to Ajmal, 2 runs
Rampaul to Wahab Riaz, OUT
Rampaul to Ajmal, 1 run
Nurse to Wahab Riaz, 2 runs
Nurse to Wahab Riaz, 2 runs
Nurse to Ajmal, 1 run
Nurse to Ajmal, 2 runs
Nurse to Ajmal, 2 runs
Nurse to Wahab Riaz, 1 run
Bishoo to Wahab Riaz, 1 run
Bishoo to Wahab Riaz, no run
Bishoo to Ajmal, 1 run
Bishoo to Ajmal, no run
Bishoo to Ajmal, no run
Bishoo to Abdur, OUT
Rampaul to Abdur, 1 run
Rampaul to Abdur, no run
Rampaul to Umar Akmal, OUT
Rampaul to Umar Akmal, (no ball)
Rampaul to Abdur, 1 run
Rampaul to Umar Akmal, (no ball) 1 run
Rampaul to Abdur, 1 run
Rampaul to Abdur, 2 runs
Nurse to Umar Akmal, no run
Nurse to Abdur, 1 run
Nurse to Umar Akmal, 1 run
Nurse to Umar Akmal, FOUR runs
Nurse to Umar Akmal, 2 runs
Nurse to Abdur, 1 run
Russell to Salman, OUT
Russell to Salman, 2 runs
Russell to Umar Akmal, 1 run
Russell to Umar Akmal, no run
Russell to Umar Akmal, no run
Russell to Umar Akmal, no run
Nurse to Umar Akmal, 1 run
Nurse to Salman, 1 run
Nurse to Salman, no run
Nurse to Umar Akmal, 1 run
Nurse to Salman, 1 run
Nurse to Umar Akmal, 1 run
Sammy to Umar Akmal, 1 run
Sammy to Umar Akmal, no run
Sammy to Umar Akmal, FOUR runs
Sammy to Umar Akmal, no run
Sammy to Salman, 1 run
Sammy to Umar Akmal, 1 run
Bishoo to Afridi, OUT
Bishoo to Afridi, FOUR runs
Bishoo to Umar Akmal, 1 run
Bishoo to Afridi, 1 run
Bishoo to Afridi, 2 runs
Bishoo to Umar Akmal, 1 run
Nurse to Umar Akmal, 1 run
Nurse to Afridi, 1 run
Nurse to Umar Akmal, 1 run
Nurse to Umar Akmal, no run
Nurse to Umar Akmal, FOUR runs
Nurse to Umar Akmal, 2 runs
Bishoo to Afridi, no run
Bishoo to Umar Akmal, 1 run
Bishoo to Umar Akmal, no run
Bishoo to Umar Akmal, no run
Bishoo to Umar Akmal, no run
Bishoo to Umar Akmal, (no ball) 2 runs
Bishoo to Umar Akmal, no run
Barnwell to Umar Akmal, 1 run
Barnwell to Afridi, 1 run
Barnwell to Afridi, 2 runs
Barnwell to Umar Akmal, 1 run
Barnwell to Afridi, 1 run
Barnwell to Umar Akmal, 1 run
Bishoo to Afridi, no run
Bishoo to Misbah, OUT
Bishoo to Shafiq, OUT
Bishoo to Shafiq, no run
Bishoo to Shafiq, 2 runs
Bishoo to Shafiq, no run
Russell to Umar Akmal, no run
Russell to Shafiq, 1 run
Russell to Shafiq, no run
Russell to Shafiq, FOUR runs
Russell to Shafiq, no run
Russell to Shafiq, (no ball) FOUR runs
Russell to Umar Akmal, 1 run
Sammy to Shafiq, SIX runs
Sammy to Umar Akmal, 1 run
Sammy to Umar Akmal, FOUR runs
Sammy to Umar Akmal, no run
Sammy to Shafiq, 1 run
Sammy to Shafiq, 2 runs
Rampaul to Shafiq, 1 run
Rampaul to Shafiq, no run
Rampaul to Shafiq, no run
Rampaul to Umar Akmal, 1 run
Rampaul to Shehzad, OUT
Rampaul to Shehzad, no run
Russell to Shehzad, 1 run
Russell to Shehzad, FOUR runs
Russell to Shehzad, FOUR runs
Russell to Shehzad, no run
Russell to Shehzad, no run
Russell to Shehzad, no run
Sammy to Shafiq, FOUR runs
Sammy to Shafiq, no run
Sammy to Hafeez, OUT
Sammy to Shehzad, 1 run
Sammy to Shehzad, no run
Sammy to Shehzad, no run
Rampaul to Hafeez, no run
Rampaul to Hafeez, (no ball)
Rampaul to Shehzad, 1 run
Rampaul to Shehzad, no run
Rampaul to Shehzad, no run
Rampaul to Hafeez, 3 runs
Rampaul to Shehzad, 1 run
