Wahab Riaz to Nurse, 2 runs
Wahab Riaz to Nurse, (no ball)
Wahab Riaz to Nurse, FOUR runs
Wahab Riaz to Barnwell, 1 run
Wahab Riaz to Barnwell, 1 wide
Wahab Riaz to Russell, OUT
Wahab Riaz to Russell, no run
Wahab Riaz to Russell, no run
Ajmal to Hyatt, OUT
Ajmal to Barnwell, 1 run
Ajmal to Barnwell, SIX runs
Ajmal to Barnwell, no run
Ajmal to Hyatt, 1 run
Ajmal to Hyatt, 2 runs
Wahab Riaz to Barnwell, 2 runs
Wahab Riaz to Barnwell, 1 wide
Wahab Riaz to Hyatt, 1 run
Wahab Riaz to Barnwell, 1 run
Wahab Riaz to Barnwell, no run
Wahab Riaz to Barnwell, no run
Wahab Riaz to Sammy, OUT
Ajmal to Sammy, 1 run
Ajmal to Samuels, OUT
Ajmal to Hyatt, 1 leg bye
Ajmal to Hyatt, no run
Ajmal to Hyatt, SIX runs
Ajmal to Hyatt, no run
Wahab Riaz to Samuels, no run
Wahab Riaz to Samuels, no run
Wahab Riaz to Samuels, no run
Wahab Riaz to Samuels, no run
Wahab Riaz to Samuels, no run
Wahab Riaz to Samuels, no run
Abdur to Hyatt, no run
Abdur to Hyatt, FOUR runs
Abdur to Hyatt, no run
Abdur to Samuels, OUT
Abdur to Samuels, no run
Abdur to Simmons, 1 run
Ajmal to Simmons, 1 run
Ajmal to Samuels, 1 run
Ajmal to Simmons, 1 run
Ajmal to Samuels, 1 run
Ajmal to Samuels, 2 runs
Ajmal to Simmons, 1 run
Abdur to Simmons, 1 run
Abdur to Simmons, FOUR runs
Abdur to Simmons, no run
Abdur to Simmons, no run
Abdur to Darren Bravo, OUT
Abdur to Simmons, 1 run
Hafeez to Darren Bravo, no run
Hafeez to Simmons, 1 run
Hafeez to Simmons, no run
Hafeez to Simmons, 1 wide
Hafeez to Darren Bravo, 1 run
Hafeez to Darren Bravo, SIX runs
Hafeez to Darren Bravo, FOUR runs
Afridi to Simmons, FOUR runs
Afridi to Simmons, no run
Afridi to Darren Bravo, 1 run
Afridi to Simmons, 1 run
Afridi to Simmons, FOUR runs
Afridi to Simmons, 2 runs
Hafeez to Simmons, 1 run
Hafeez to Darren Bravo, 1 run
Hafeez to Darren Bravo, no run
Hafeez to Darren Bravo, no run
Hafeez to Darren Bravo, no run
Hafeez to Simmons, 1 run
Afridi to Darren Bravo, no run
Afridi to Darren Bravo, no run
Afridi to Simmons, 1 run
Afridi to Simmons, 2 runs
Afridi to Darren Bravo, 1 run
Afridi to Darren Bravo, FOUR runs
Hafeez to Simmons, FOUR runs
Hafeez to Darren Bravo, 1 run
Hafeez to Darren Bravo, no run
Hafeez to Simmons, 1 run
Hafeez to Darren Bravo, 1 run
Hafeez to Darren Bravo, no run
Afridi to Simmons, no run
Afridi to Darren Bravo, 1 run
Afridi to Darren Bravo, SIX runs
Afridi to Simmons, 1 run
Afridi to Darren Bravo, 1 run
Afridi to Simmons, 1 run
Wahab Riaz to Darren Bravo, FOUR runs
Wahab Riaz to Darren Bravo, FOUR runs
Wahab Riaz to Simmons, 1 run
Wahab Riaz to Simmons, no run
Wahab Riaz to Darren Bravo, 1 run
Wahab Riaz to Darren Bravo, no run
Ajmal to Simmons, FOUR runs
Ajmal to Darren Bravo, 1 run
Ajmal to Simmons, 1 run
Ajmal to Simmons, FOUR runs
Ajmal to Darren Bravo, 1 run
Ajmal to Darren Bravo, no run
Abdur to Simmons, no run
Abdur to Simmons, no run
Abdur to Darren Bravo, 1 run
Abdur to Darren Bravo, no run
Abdur to Simmons, 1 run
Abdur to Simmons, SIX runs
Junaid to Simmons, 1 run
Junaid to Darren Bravo, 1 run
Junaid to Simmons, 1 run
Junaid to Simmons, no run
Junaid to Simmons, SIX runs
Junaid to Simmons, FOUR runs
Abdur to Darren Bravo, no run
Abdur to Simmons, 1 run
Abdur to Simmons, no run
Abdur to Simmons, no run
Abdur to Darren Bravo, 1 run
Abdur to Darren Bravo, 1 wide
Abdur to Fletcher, OUT
Junaid to Simmons, no run
Junaid to Fletcher, 1 run
Junaid to Fletcher, no run
Junaid to Fletcher, no run
Junaid to Fletcher, no run
Junaid to Simmons, 1 run
