Christian to Abdul Razzaq, 1 run
Christian to Kamran, 1 run
Christian to Abdul Razzaq, 1 run
Christian to Kamran, 1 run
Christian to Kamran, FOUR runs
Christian to Umar Akmal, OUT
Cummins to Umar Akmal, 1 run
Cummins to Umar Akmal, FOUR runs
Cummins to Kamran, 1 run
Cummins to Umar Akmal, 1 run
Cummins to Umar Akmal, no run
Cummins to Kamran, 1 run
Hogg to Kamran, 1 run
Hogg to Kamran, FOUR runs
Hogg to Umar Akmal, 1 run
Hogg to Kamran, 1 run
Hogg to Kamran, no run
Hogg to Kamran, 2 runs
Watson to Kamran, 1 run
Watson to Kamran, FOUR runs
Watson to Umar Akmal, 1 run
Watson to Umar Akmal, 2 runs
Watson to Kamran, 1 run
Watson to Kamran, FOUR runs
Hogg to Kamran, 1 run
Hogg to Kamran, no run
Hogg to Kamran, FOUR runs
Hogg to Umar Akmal, 1 leg bye
Hogg to Umar Akmal, 2 runs
Hogg to Kamran, 1 run
Watson to Kamran, 1 run
Watson to Kamran, FOUR runs
Watson to Umar Akmal, 1 run
Watson to Umar Akmal, no run
Watson to Kamran, 1 run
Watson to Hafeez, OUT
Starc to Hafeez, 1 run
Starc to Kamran, 1 run
Starc to Kamran, 2 runs
Starc to Hafeez, 1 run
Starc to Kamran, 1 run
Starc to Kamran, no run
Cummins to Hafeez, no run
Cummins to Kamran, 1 run
Cummins to Hafeez, 1 run
Cummins to Jamshed, OUT
Cummins to Jamshed, no run
Cummins to Jamshed, FOUR runs
Christian to Jamshed, 1 run
Christian to Hafeez, 3 runs
Christian to Jamshed, 1 run
Christian to Jamshed, FOUR runs
Christian to Hafeez, 1 run
Christian to Jamshed, 1 run
Hogg to Jamshed, 1 run
Hogg to Hafeez, 1 run
Hogg to Jamshed, 1 run
Hogg to Jamshed, 2 runs
Hogg to Jamshed, 2 runs
Hogg to Jamshed, SIX runs
Watson to Hafeez, 2 runs
Watson to Jamshed, 1 run
Watson to Hafeez, 1 run
Watson to Jamshed, 1 run
Watson to Jamshed, no run
Watson to Hafeez, 1 run
Hogg to Hafeez, 1 run
Hogg to Hafeez, FOUR runs
Hogg to Jamshed, 1 run
Hogg to Hafeez, 1 run
Hogg to Hafeez, no run
Hogg to Jamshed, 1 run
Christian to Jamshed, 1 run
Christian to Jamshed, no run
Christian to Hafeez, 1 run
Christian to Hafeez, no run
Christian to Jamshed, 1 run
Christian to Jamshed, no run
Hussey to Hafeez, FOUR runs
Hussey to Hafeez, no run
Hussey to Jamshed, 1 run
Hussey to Jamshed, 2 runs
Hussey to Jamshed, no run
Hussey to Jamshed, no run
Starc to Hafeez, no run
Starc to Jamshed, 1 run
Starc to Hafeez, 1 run
Starc to Jamshed, 1 run
Starc to Hafeez, 1 run
Starc to Hafeez, FOUR runs
Watson to Hafeez, 1 run
Watson to Hafeez, no run
Watson to Hafeez, no run
Watson to Hafeez, no run
Watson to Jamshed, 1 run
Watson to Hafeez, 1 run
Starc to Jamshed, no run
Starc to Hafeez, 1 run
Starc to Hafeez, no run
Starc to Hafeez, no run
Starc to Hafeez, no run
Starc to Hafeez, no run
Cummins to Jamshed, FOUR runs
Cummins to Jamshed, FOUR runs
Cummins to Hafeez, 1 run
Cummins to Hafeez, no run
Cummins to Jamshed, 1 run
Cummins to Jamshed, no run
Cummins to Jamshed, 1 wide
Starc to Hafeez, no run
Starc to Jamshed, 1 run
Starc to Jamshed, no run
Starc to Jamshed, no run
Starc to Imran Nazir, OUT
Starc to Imran Nazir, 1 wide
Starc to Imran Nazir, no run
Cummins to Hafeez, FOUR runs
Cummins to Hafeez, FOUR runs
Cummins to Hafeez, no run
Cummins to Hafeez, no run
Cummins to Hafeez, no run
Cummins to Hafeez, FOUR runs
