Barnwell to Masakadza, 1 run
Barnwell to Utseya, 1 run
Barnwell to Utseya, no run
Barnwell to Utseya, FOUR runs
Barnwell to Masakadza, 1 run
Barnwell to Utseya, 1 run
Russell to Masakadza, no run
Russell to Masakadza, 1 wide
Russell to Masakadza, FOUR runs
Russell to Masakadza, FOUR runs
Russell to Masakadza, no run
Russell to Utseya, 1 run
Russell to Utseya, no run
Narine to Utseya, 1 leg bye
Narine to Utseya, no run
Narine to Utseya, no run
Narine to Utseya, FOUR runs
Narine to Utseya, no run
Narine to Utseya, no run
Dwayne Bravo to Mutombodzi, OUT
Dwayne Bravo to Masakadza, 1 run
Dwayne Bravo to Masakadza, no run
Dwayne Bravo to Mutombodzi, 1 run
Dwayne Bravo to Mutombodzi, no run
Dwayne Bravo to Mutombodzi, 1 wide
Dwayne Bravo to Waller, 1 run, OUT
Pollard to Masakadza, 2 runs
Pollard to Masakadza, no run
Pollard to Waller, 1 run
Pollard to Masakadza, 1 leg bye
Pollard to Masakadza, 1 wide
Pollard to Waller, 1 run
Pollard to Waller, no run
Russell to Masakadza, FOUR runs
Russell to Masakadza, FOUR runs
Russell to Waller, 1 run
Russell to Masakadza, 1 run
Russell to Masakadza, no run
Russell to Waller, 1 run
Narine to Waller, 1 run
Narine to Waller, no run
Narine to Masakadza, 1 run
Narine to Waller, 1 run
Narine to Waller, no run
Narine to Masakadza, 1 run
Dwayne Bravo to Masakadza, 1 run
Dwayne Bravo to Ervine, OUT
Dwayne Bravo to Ervine, no run
Dwayne Bravo to Masakadza, 1 run
Dwayne Bravo to Masakadza, 2 runs
Dwayne Bravo to Ervine, 1 run
Narine to Masakadza, no run
Narine to Masakadza, no run
Narine to Ervine, 1 run
Narine to Masakadza, 1 run
Narine to Masakadza, FOUR runs
Narine to Masakadza, no run
Dwayne Bravo to Masakadza, 1 run
Dwayne Bravo to Ervine, 1 run
Dwayne Bravo to Masakadza, 1 run
Dwayne Bravo to Ervine, 3 runs
Dwayne Bravo to Ervine, no run
Dwayne Bravo to Ervine, no run
Narine to Masakadza, FOUR runs
Narine to Masakadza, no run
Narine to Ervine, 1 run
Narine to Masakadza, 1 run
Narine to Ervine, 1 run
Narine to Masakadza, 1 run
Sammy to Ervine, no run
Sammy to Ervine, no run
Sammy to Ervine, FOUR runs
Sammy to Masakadza, 1 run
Sammy to Ervine, 1 run
Sammy to Masakadza, 1 run
Badree to Masakadza, 1 run
Badree to Ervine, 1 run
Badree to Masakadza, 1 run
Badree to Ervine, 1 run
Badree to Taylor, OUT
Badree to Masakadza, 1 run
Sammy to Masakadza, 1 run
Sammy to Taylor, 1 run
Sammy to Masakadza, 1 run
Sammy to Taylor, 1 run
Sammy to Masakadza, 1 run
Sammy to Taylor, 1 run
Badree to Masakadza, no run
Badree to Masakadza, no run
Badree to Taylor, 1 run
Badree to Sibanda, OUT
Badree to Sibanda, 1 wide
Badree to Masakadza, 1 run
Badree to Sibanda, 1 run
Gabriel to Masakadza, no run
Gabriel to Masakadza, no run
Gabriel to Masakadza, no run
Gabriel to Sibanda, 1 leg bye
Gabriel to Masakadza, 1 run
Gabriel to Masakadza, no run
Badree to Masakadza, 1 run
Badree to Masakadza, no run
Badree to Sibanda, 1 run
Badree to Masakadza, 1 run
Badree to Masakadza, no run
Badree to Chibhabha, OUT
Gabriel to Sibanda, 2 runs
Gabriel to Sibanda, no run
Gabriel to Chibhabha, 1 leg bye
Gabriel to Chibhabha, 2 runs
Gabriel to Chibhabha, no run
Gabriel to Chibhabha, no run
Badree to Sibanda, no run
Badree to Chibhabha, 1 run
Badree to Chibhabha, no run
Badree to Chibhabha, FOUR runs
Badree to Chibhabha, no run
Badree to Chibhabha, no run
Gabriel to Chibhabha, 1 run
Gabriel to Chibhabha, no run
Gabriel to Chibhabha, no run
Gabriel to Chibhabha, FOUR runs
Gabriel to Sibanda, 1 run
Gabriel to Chibhabha, 1 run
