Mpofu to Pollard, no run
Mpofu to Pollard, no run
Mpofu to Pollard, 2 runs
Mpofu to Pollard, no run
Mpofu to Narine, 1 run
Mpofu to Ramdin, OUT
Mutombodzi to Pollard, SIX runs
Mutombodzi to Pollard, no run
Mutombodzi to Russell, OUT
Mutombodzi to Pollard, 1 run
Mutombodzi to Sammy, OUT
Mutombodzi to Sammy, FOUR runs
Chatara to Pollard, FOUR runs
Chatara to Sammy, 1 run
Chatara to Pollard, 1 run
Chatara to Pollard, FOUR runs
Chatara to Pollard, SIX runs
Chatara to Pollard, 1 wide
Chatara to Pollard, SIX runs
Utseya to Sammy, no run
Utseya to Pollard, 1 run
Utseya to Sammy, 2 wide
Utseya to Pollard, 1 run
Utseya to Sammy, 1 run
Utseya to Sammy, FOUR runs
Utseya to Pollard, 1 run
Mpofu to Pollard, 1 run
Mpofu to Sammy, 1 run
Mpofu to Sammy, SIX runs
Mpofu to Sammy, 1 wide
Mpofu to Pollard, 1 run
Mpofu to Sammy, 1 run
Mpofu to Pollard, 1 run
Mutombodzi to Sammy, no run
Mutombodzi to Sammy, no run
Mutombodzi to Pollard, 1 run
Mutombodzi to Pollard, FOUR runs
Mutombodzi to Sammy, 1 run
Mutombodzi to Pollard, 1 run
Mushangwe to Simmons, OUT
Mushangwe to Simmons, SIX runs
Mushangwe to Pollard, 1 run
Mushangwe to Simmons, 1 run
Mushangwe to Pollard, 1 run
Mushangwe to Simmons, 1 run
Utseya to Simmons, 1 run
Utseya to Simmons, no run
Utseya to Simmons, no run
Utseya to Simmons, 1 wide
Utseya to Pollard, 1 run
Utseya to Barnwell, OUT
Utseya to Simmons, 1 run
Mushangwe to Simmons, 1 run
Mushangwe to Barnwell, 1 run
Mushangwe to Simmons, 1 run
Mushangwe to Simmons, FOUR runs
Mushangwe to Simmons, 2 runs
Mushangwe to Barnwell, 1 run
Mutombodzi to Barnwell, 1 run
Mutombodzi to Barnwell, 1 wide
Mutombodzi to Simmons, 1 run
Mutombodzi to Simmons, no run
Mutombodzi to Barnwell, 1 run
Mutombodzi to Barnwell, no run
Mutombodzi to Barnwell, no run
Mushangwe to Simmons, no run
Mushangwe to Barnwell, 1 run
Mushangwe to Barnwell, no run
Mushangwe to Barnwell, 2 runs
Mushangwe to Dwayne Bravo, OUT
Mushangwe to Dwayne Bravo, SIX runs
Mutombodzi to Dwayne Bravo, 1 run
Mutombodzi to Simmons, 1 run
Mutombodzi to Dwayne Bravo, 1 run
Mutombodzi to Dwayne Bravo, no run
Mutombodzi to Dwayne Bravo, 2 runs
Mutombodzi to Simmons, 1 run
Mushangwe to Simmons, 1 run
Mushangwe to Simmons, no run
Mushangwe to Dwayne Bravo, 1 run
Mushangwe to Simmons, 1 run
Mushangwe to Dwayne Bravo, 1 run
Mushangwe to Dwayne Bravo, no run
Utseya to Dwayne Bravo, 1 run
Utseya to Simmons, 1 run
Utseya to Dwayne Bravo, 1 run
Utseya to Simmons, 1 run
Utseya to Dwayne Bravo, 1 run
Utseya to Simmons, 1 run
Chatara to Dwayne Bravo, FOUR runs
Chatara to Dwayne Bravo, (no ball)
Chatara to Simmons, 1 run
Chatara to Dwayne Bravo, 1 run
Chatara to Dwayne Bravo, 2 runs
Chatara to Simmons, 1 leg bye
Chatara to Simmons, SIX runs
Utseya to Simmons, 1 run
Utseya to Dwayne Bravo, 1 run
Utseya to Dwayne Bravo, no run
Utseya to Dwayne Bravo, no run
Utseya to Dwayne Bravo, no run
Utseya to Dwayne Bravo, no run
Chatara to Dwayne Bravo, 1 run
Chatara to Dwayne Bravo, no run
Chatara to Dwayne Bravo, 1 wide
Chatara to Dwayne Bravo, no run
Chatara to Dwayne Bravo, no run
Chatara to Charles, OUT
Chatara to Charles, FOUR runs
Mpofu to Charles, 1 leg bye
Mpofu to Charles, FOUR runs
Mpofu to Simmons, 1 run
Mpofu to Charles, 1 run
Mpofu to Charles, no run
Mpofu to Charles, no run
Mpofu to Charles, 1 wide
Chatara to Simmons, no run
Chatara to Simmons, no run
Chatara to Simmons, 2 runs
Chatara to Simmons, no run
Chatara to Simmons, no run
Chatara to Simmons, no run
Mpofu to Simmons, 1 run
Mpofu to Charles, 1 run
Mpofu to Simmons, 1 run
Mpofu to Simmons, 2 runs
Mpofu to Simmons, no run
Mpofu to Simmons, no run
