Mills to Taylor, 1 run
Mills to Chigumbura, 1 run
Mills to Taylor, 1 run
Mills to Chigumbura, 1 run
Mills to Chigumbura, no run
Mills to Taylor, 1 run
Southee to Taylor, 1 run
Southee to Taylor, FOUR runs
Southee to Taylor, no run
Southee to Taylor, FOUR runs
Southee to Chigumbura, 1 run
Southee to Taylor, 1 run
Bates to Taylor, 3 runs
Bates to Taylor, 2 runs
Bates to Chigumbura, 1 run
Bates to Taylor, 1 run
Bates to Taylor, FOUR runs
Bates to Taylor, SIX runs
Mills to Chigumbura, FOUR runs
Mills to Taylor, 1 run
Mills to Chigumbura, 1 run
Mills to Chigumbura, FOUR runs
Mills to Chigumbura, FOUR runs
Mills to Chigumbura, no run
Southee to Taylor, SIX runs
Southee to Taylor, 2 runs
Southee to Chigumbura, 1 run
Southee to Taylor, 1 run
Southee to Taylor, no run
Southee to Chigumbura, 1 run
Williamson to Taylor, FOUR runs
Williamson to Taylor, 2 runs
Williamson to Taylor, 2 runs
Williamson to Chigumbura, 1 run
Williamson to Taylor, 1 run
Williamson to Taylor, no run
Bates to Chigumbura, FOUR runs
Bates to Chigumbura, FOUR runs
Bates to Taylor, 1 run
Bates to Chigumbura, 1 run
Bates to Taylor, 1 run
Bates to Masakadza, OUT
Nicol to Taylor, no run
Nicol to Masakadza, 1 run
Nicol to Masakadza, no run
Nicol to Taylor, 1 run
Nicol to Masakadza, 1 run
Nicol to Masakadza, 2 runs
Hira to Masakadza, 1 run
Hira to Taylor, 1 run
Hira to Taylor, no run
Hira to Taylor, FOUR runs
Hira to Taylor, SIX runs
Hira to Taylor, no run
Williamson to Masakadza, no run
Williamson to Taylor, 1 run
Williamson to Masakadza, 1 run
Williamson to Taylor, 1 run
Williamson to Taylor, 2 runs
Williamson to Masakadza, 1 run
Hira to Masakadza, 1 run
Hira to Masakadza, no run
Hira to Taylor, 1 run
Hira to Masakadza, 1 run
Hira to Taylor, 1 run
Hira to Taylor, FOUR runs
Southee to Taylor, 1 run
Southee to Masakadza, 1 bye
Southee to Taylor, 1 run
Southee to Taylor, no run
Southee to Masakadza, 1 run
Southee to Masakadza, no run
Ellis to Taylor, no run
Ellis to Masakadza, 1 run
Ellis to Masakadza, SIX runs
Ellis to Masakadza, 2 runs
Ellis to Masakadza, no run
Ellis to Taylor, 1 run
Hira to Stuart, OUT
Hira to Stuart, no run
Hira to Stuart, no run
Hira to Stuart, SIX runs
Hira to Stuart, FOUR runs
Hira to Masakadza, 1 run
McCullum to Masakadza, 1 run
McCullum to Masakadza, SIX runs
McCullum to Masakadza, no run
McCullum to Masakadza, SIX runs
McCullum to Stuart, 1 run
McCullum to Masakadza, 1 run
Southee to Stuart, no run
Southee to Masakadza, 1 run
Southee to Masakadza, FOUR runs
Southee to Stuart, 1 run
Southee to Stuart, no run
Southee to Stuart, FOUR runs
Bates to Stuart, 1 run
Bates to Masakadza, 1 run
Bates to Stuart, 1 run
Bates to Stuart, SIX runs
Bates to Stuart, SIX runs
Bates to Masakadza, 1 run
Mills to Stuart, no run
Mills to Masakadza, 3 runs
Mills to Masakadza, SIX runs
Mills to Masakadza, FOUR runs
Mills to Masakadza, no run
Mills to Stuart, 1 run
Bates to Masakadza, no run
Bates to Stuart, 1 run
Bates to Stuart, 1 wide
Bates to Stuart, no run
Bates to Masakadza, 1 run
Bates to Masakadza, no run
Bates to Masakadza, no run
Mills to Stuart, no run
Mills to Masakadza, 1 run
Mills to Masakadza, no run
Mills to Masakadza, FOUR runs
Mills to Masakadza, 2 runs
Mills to Masakadza, no run
