Masakadza to Williamson, FOUR runs
Masakadza to Williamson, SIX runs
Masakadza to Williamson, FOUR runs
Masakadza to Ellis, 1 run
Jarvis to Williamson, 2 runs
Jarvis to Williamson, FOUR runs
Jarvis to Ellis, 1 run
Jarvis to McCullum, OUT
Jarvis to McCullum, OUT
Jarvis to McCullum, SIX runs
Utseya to McCullum, 1 run
Utseya to McCullum, 2 runs
Utseya to McCullum, 1 run
Utseya to McCullum, no run
Utseya to McCullum, 1 wide
Utseya to McCullum, 4 byes
Utseya to McCullum, 1 run
Chigumbura to McCullum, 2 runs
Chigumbura to McCullum, 2 runs
Chigumbura to de Grandhomme, OUT
Chigumbura to McCullum, 1 run
Chigumbura to McCullum, no run
Chigumbura to McCullum, 2 runs
Price to McCullum, 1 leg bye
Price to McCullum, FOUR runs
Price to de Grandhomme, 1 run
Price to de Grandhomme, no run
Price to de Grandhomme, 2 runs
Price to McCullum, 1 run
Chigumbura to de Grandhomme, FOUR runs
Chigumbura to McCullum, 1 run
Chigumbura to de Grandhomme, 1 run
Chigumbura to de Grandhomme, no run
Chigumbura to Franklin, 1 run, OUT
Chigumbura to Franklin, SIX runs
Utseya to Franklin, 1 run
Utseya to Franklin, 2 runs
Utseya to McCullum, 1 run
Utseya to McCullum, FOUR runs
Utseya to McCullum, FOUR runs
Utseya to McCullum, 2 runs
Price to McCullum, 1 leg bye
Price to Franklin, 1 run
Price to Franklin, FOUR runs
Price to McCullum, 1 run
Price to Franklin, 1 run
Price to McCullum, 1 run
Jarvis to Franklin, no run
Jarvis to McCullum, 1 run
Jarvis to McCullum, no run
Jarvis to McCullum, FOUR runs
Jarvis to McCullum, no run
Jarvis to Franklin, 1 run
Chigumbura to Franklin, 1 run
Chigumbura to Franklin, no run
Chigumbura to Franklin, no run
Chigumbura to McCullum, 1 run
Chigumbura to Franklin, 1 run
Chigumbura to Nicol, OUT
Utseya to Nicol, 1 run
Utseya to Franklin, 1 run
Utseya to Franklin, SIX runs
Utseya to Nicol, 1 run
Utseya to Nicol, SIX runs
Utseya to Nicol, no run
Price to Franklin, SIX runs
Price to Nicol, 1 run
Price to Nicol, no run
Price to Nicol, no run
Price to Nicol, 1 wide
Price to Nicol, SIX runs
Price to Nicol, FOUR runs
Masakadza to Franklin, SIX runs
Masakadza to Franklin, SIX runs
Masakadza to Nicol, 1 run
Masakadza to Franklin, 1 run
Masakadza to Nicol, 1 leg bye
Masakadza to Franklin, 1 run
Price to Franklin, 1 run
Price to Nicol, 1 run
Price to Franklin, 1 run
Price to Franklin, no run
Price to Nicol, 1 run
Price to Nicol, no run
Price to Nicol, 1 wide
Utseya to Nicol, 1 run
Utseya to Franklin, 1 run
Utseya to Franklin, no run
Utseya to Franklin, no run
Utseya to Nicol, 1 run
Utseya to Nicol, no run
Meth to Franklin, FOUR runs
Meth to Franklin, no run
Meth to Nicol, 1 run
Meth to Nicol, SIX runs
Meth to Nicol, no run
Meth to Nicol, FOUR runs
Meth to Nicol, 1 wide
Jarvis to Franklin, FOUR runs
Jarvis to Franklin, no run
Jarvis to Franklin, no run
Jarvis to Franklin, no run
Jarvis to Franklin, no run
Jarvis to Franklin, no run
Meth to Nicol, FOUR runs
Meth to Nicol, no run
Meth to Nicol, FOUR runs
Meth to Nicol, no run
Meth to Franklin, 1 run
Meth to Franklin, 2 runs
Jarvis to Nicol, 2 runs
Jarvis to Nicol, 2 runs
Jarvis to Nicol, 2 runs
Jarvis to Nicol, no run
Jarvis to Nicol, SIX runs
Jarvis to Nicol, no run
Meth to Franklin, no run
Meth to Nicol, 1 run
Meth to Nicol, no run
Meth to Nicol, 1 wide
Meth to Nicol, no run
Meth to Nicol, no run
Meth to Nicol, no run
Meth to Nicol, 1 wide
