Bond to Boucher, 1 bye
Bond to de Villiers, OUT
Bond to de Villiers, no run
Bond to de Villiers, 2 runs
Bond to Morkel, 1 bye
Bond to de Villiers, 1 run
Southee to Morkel, SIX runs
Southee to Morkel, no run
Southee to Morkel, SIX runs
Southee to Morkel, 2 runs
Southee to Morkel, SIX runs
Southee to de Villiers, 1 run
Bond to de Villiers, 1 run
Bond to de Villiers, SIX runs
Bond to Morkel, 1 run
Bond to de Villiers, 1 run
Bond to Morkel, 1 run
Bond to de Villiers, 1 run
Southee to de Villiers, 1 run
Southee to Morkel, 1 run
Southee to de Villiers, 1 run
Southee to de Villiers, 4 byes
Southee to Morkel, 1 run
Southee to Morkel, SIX runs
McCullum to de Villiers, 2 runs
McCullum to Morkel, 1 run
McCullum to de Villiers, 1 run
McCullum to de Villiers, no run
McCullum to de Villiers, SIX runs
McCullum to Morkel, 1 run
Vettori to de Villiers, no run
Vettori to Morkel, 1 run
Vettori to Morkel, no run
Vettori to Morkel, SIX runs
Vettori to Morkel, no run
Vettori to de Villiers, 1 run
McCullum to de Villiers, 1 run
McCullum to Morkel, 1 run
McCullum to de Villiers, 1 run
McCullum to Gibbs, OUT
McCullum to Gibbs, SIX runs
McCullum to de Villiers, 1 run
Oram to de Villiers, 1 run
Oram to de Villiers, no run
Oram to Gibbs, 1 run
Oram to Gibbs, SIX runs
Oram to de Villiers, 1 run
Oram to de Villiers, 2 runs
Styris to de Villiers, 1 run
Styris to de Villiers, no run
Styris to de Villiers, FOUR runs
Styris to de Villiers, 2 runs
Styris to Gibbs, 1 run
Styris to de Villiers, 1 run
Vettori to de Villiers, 1 run
Vettori to de Villiers, no run
Vettori to Gibbs, 1 run
Vettori to de Villiers, 1 run
Vettori to Gibbs, 1 run
Vettori to Gibbs, no run
Styris to Gibbs, 1 run
Styris to de Villiers, 1 run
Styris to Gibbs, 1 run
Styris to de Villiers, 1 run
Styris to Gibbs, 1 run
Styris to Gibbs, no run
Vettori to de Villiers, no run
Vettori to de Villiers, 2 runs
Vettori to Gibbs, 1 run
Vettori to Gibbs, 2 runs
Vettori to de Villiers, 1 run
Vettori to de Villiers, no run
Oram to Gibbs, no run
Oram to Kallis, OUT
Oram to Gibbs, 1 run
Oram to Kallis, 1 run
Oram to Gibbs, 1 run
Oram to Kallis, 1 run
Vettori to Kallis, 1 run
Vettori to Gibbs, 1 run
Vettori to Gibbs, no run
Vettori to Gibbs, no run
Vettori to Gibbs, no run
Vettori to Kallis, 1 run
Oram to Kallis, 1 run
Oram to Gibbs, 1 run
Oram to Gibbs, FOUR runs
Oram to Gibbs, no run
Oram to Kallis, 1 run
Oram to Kallis, no run
Southee to Kallis, 1 run
Southee to Smith, OUT
Southee to Smith, 2 runs
Southee to Smith, FOUR runs
Southee to Kallis, 1 run
Southee to Kallis, no run
Bond to Smith, FOUR runs
Bond to Smith, no run
Bond to Smith, no run
Bond to Kallis, 1 run
Bond to Smith, 1 run
Bond to Smith, no run
McCullum to Kallis, SIX runs
McCullum to Kallis, no run
McCullum to Smith, 1 run
McCullum to Kallis, 1 run
McCullum to Kallis, no run
McCullum to Kallis, no run
Bond to Kallis, 1 run
Bond to Kallis, FOUR runs
Bond to Smith, 1 run
Bond to Kallis, 1 run
Bond to Kallis, SIX runs
Bond to Kallis, no run
McCullum to Kallis, 1 run
McCullum to Kallis, no run
McCullum to Smith, 2 wide
McCullum to Kallis, 1 run
McCullum to Smith, 1 run
McCullum to Smith, no run
McCullum to Kallis, 1 run
