Morkel to Vettori, 1 run
Morkel to McCullum, 1 run
Morkel to McCullum, SIX runs
Morkel to Vettori, 1 run
Morkel to Vettori, no run
Morkel to Vettori, FOUR runs
Langeveldt to McCullum, 2 runs
Langeveldt to McCullum, FOUR runs
Langeveldt to Vettori, 1 run
Langeveldt to McCullum, 1 run
Langeveldt to Vettori, 1 run
Langeveldt to Vettori, no run
Steyn to McCullum, no run
Steyn to Vettori, 1 run
Steyn to McCullum, 1 run
Steyn to McCullum, 1 wide
Steyn to McCullum, no run
Steyn to Vettori, (no ball) 1 run
Steyn to Vettori, no run
Steyn to McCullum, 1 run
Morkel to McCullum, 1 run
Morkel to McCullum, (no ball) FOUR runs
Morkel to McCullum, no run
Morkel to McCullum, no run
Morkel to McCullum, no run
Morkel to Hopkins, OUT
Morkel to Hopkins, SIX runs
Steyn to McCullum, no run
Steyn to McCullum, 1 wide
Steyn to McCullum, FOUR runs
Steyn to Hopkins, 1 run
Steyn to McCullum, 1 run
Steyn to Oram, OUT
Steyn to Hopkins, 1 run
Langeveldt to Oram, no run
Langeveldt to Styris, OUT
Langeveldt to Hopkins, 1 run
Langeveldt to Hopkins, SIX runs
Langeveldt to Styris, 1 run
Langeveldt to Hopkins, 1 run
Kallis to Hopkins, 1 run
Kallis to Hopkins, no run
Kallis to Hopkins, no run
Kallis to Hopkins, 1 wide
Kallis to Styris, 1 run
Kallis to Styris, FOUR runs
Kallis to Styris, FOUR runs
Morkel to Hopkins, no run
Morkel to Styris, 1 run
Morkel to Hopkins, 1 run
Morkel to Hopkins, no run
Morkel to Taylor, OUT
Morkel to Taylor, no run
Botha to Styris, no run
Botha to Taylor, 1 run
Botha to Taylor, 2 runs
Botha to Taylor, SIX runs
Botha to Taylor, FOUR runs
Botha to Styris, 1 run
Kallis to Taylor, no run
Kallis to Taylor, no run
Kallis to Styris, 1 run
Kallis to Styris, 4 leg byes
Kallis to Taylor, 1 leg bye
Kallis to Taylor, no run
Botha to Styris, no run
Botha to Styris, no run
Botha to Ryder, OUT
Botha to Ryder, FOUR runs
Botha to Taylor, 1 run
Botha to Taylor, 2 runs
Kallis to Taylor, 1 run
Kallis to Taylor, 2 runs
Kallis to Taylor, no run
Kallis to Ryder, 1 run
Kallis to Ryder, no run
Kallis to Ryder, FOUR runs
Botha to Taylor, no run
Botha to Ryder, 1 leg bye
Botha to Ryder, no run
Botha to Guptill, OUT
Botha to Ryder, 1 run
Botha to Guptill, 1 run
Morkel to Guptill, 1 run
Morkel to Ryder, 1 run
Morkel to Guptill, 1 run
Morkel to Ryder, 1 run
Morkel to Ryder, SIX runs
Morkel to Ryder, no run
Kallis to Guptill, no run
Kallis to Ryder, 1 run
Kallis to Ryder, no run
Kallis to Ryder, no run
Kallis to Ryder, no run
Kallis to Ryder, 2 runs
Morkel to Guptill, no run
Morkel to Guptill, no run
Morkel to Guptill, no run
Morkel to Ryder, 1 run
Morkel to Ryder, no run
Morkel to Ryder, 2 runs
Steyn to Guptill, no run
Steyn to Guptill, FOUR runs
Steyn to Guptill, FOUR runs
Steyn to Guptill, no run
Steyn to Guptill, no run
Steyn to Guptill, no run
Langeveldt to Guptill, 1 run
Langeveldt to Guptill, 1 wide
Langeveldt to Guptill, FOUR runs
Langeveldt to Ryder, 1 leg bye
Langeveldt to Ryder, SIX runs
Langeveldt to Guptill, 1 run
Langeveldt to Ryder, 1 run
Steyn to Ryder, 1 run
Steyn to Ryder, no run
Steyn to Guptill, 1 run
Steyn to Ryder, 1 run
Steyn to Ryder, no run
Steyn to Ryder, no run
Langeveldt to Guptill, no run
Langeveldt to McCullum, OUT
Langeveldt to McCullum, FOUR runs
Langeveldt to McCullum, 2 runs
Langeveldt to McCullum, no run
Langeveldt to McCullum, no run
Langeveldt to McCullum, 1 wide
