Gillespie to Singh, 1 run
Gillespie to Sreesanth, 1 run
Gillespie to Sreesanth, FOUR runs
Gillespie to Sreesanth, no run
Gillespie to Sreesanth, 2 leg byes
Gillespie to Sreesanth, FOUR runs
Bond to Sreesanth, 1 run
Bond to Sreesanth, FOUR runs
Bond to Harbhajan, OUT
Bond to Sreesanth, 1 run
Bond to Sreesanth, no run
Bond to Sreesanth, FOUR runs
Gillespie to Harbhajan, FOUR runs
Gillespie to Harbhajan, no run
Gillespie to Harbhajan, no run
Gillespie to Harbhajan, 2 runs
Gillespie to Agarkar, OUT
Gillespie to Harbhajan, 1 run
Vettori to Karthik, OUT
Vettori to Karthik, FOUR runs
Vettori to Karthik, no run
Vettori to Agarkar, 1 run
Vettori to Pathan, OUT
Vettori to Karthik, 1 run
Patel to Pathan, FOUR runs
Patel to Pathan, FOUR runs
Patel to Pathan, no run
Patel to Karthik, 1 run
Patel to Karthik, no run
Patel to Pathan, 1 run
Vettori to Pathan, 1 run
Vettori to Karthik, 1 run
Vettori to Pathan, 1 run
Vettori to Pathan, no run
Vettori to Pathan, no run
Vettori to Pathan, no run
Styris to Karthik, FOUR runs
Styris to Karthik, OUT
Styris to Karthik, FOUR runs
Styris to Dhoni, 1 run
Styris to Dhoni, FOUR runs
Styris to Karthik, 1 run
Patel to Karthik, 1 run
Patel to Dhoni, 1 run
Patel to Yuvraj, OUT
Patel to Dhoni, 1 run
Patel to Dhoni, FOUR runs
Patel to Yuvraj, 1 run
Styris to Yuvraj, 1 run
Styris to Dhoni, 1 run
Styris to Yuvraj, 1 run
Styris to Yuvraj, no run
Styris to Dhoni, 1 run
Styris to Yuvraj, 1 run
Vettori to Yuvraj, 1 run
Vettori to Gambhir, OUT
Vettori to Dhoni, 1 run
Vettori to Gambhir, 1 run
Vettori to Gambhir, SIX runs
Vettori to Gambhir, no run
Styris to Gambhir, 1 run
Styris to Dhoni, 1 run
Styris to Gambhir, 1 run
Styris to Dhoni, 1 run
Styris to Gambhir, 1 run
Styris to Dhoni, 1 run
Bond to Dhoni, 1 run
Bond to Gambhir, 1 run
Bond to Dhoni, 1 run
Bond to Gambhir, 1 run
Bond to Gambhir, 2 runs
Bond to Dhoni, 1 run
Oram to Dhoni, 1 run
Oram to Gambhir, 1 run
Oram to Dhoni, 1 run
Oram to Gambhir, 1 run
Oram to Dhoni, 1 run
Oram to Dhoni, no run
Vettori to Gambhir, no run
Vettori to Dhoni, 1 run
Vettori to Dhoni, no run
Vettori to Uthappa, OUT
Vettori to Gambhir, 1 run
Vettori to Gambhir, no run
Oram to Uthappa, no run
Oram to Sehwag, OUT
Oram to Sehwag, no run
Oram to Sehwag, FOUR runs
Oram to Gambhir, 1 run
Oram to Gambhir, FOUR runs
Patel to Sehwag, SIX runs
Patel to Sehwag, FOUR runs
Patel to Gambhir, 1 run
Patel to Sehwag, 1 run
Patel to Sehwag, FOUR runs
Patel to Sehwag, FOUR runs
Gillespie to Gambhir, 2 runs
Gillespie to Gambhir, no run
Gillespie to Gambhir, 1 wide
Gillespie to Gambhir, FOUR runs
Gillespie to Sehwag, 1 run
Gillespie to Gambhir, 1 run
Gillespie to Sehwag, 1 run
Bond to Gambhir, FOUR runs
Bond to Gambhir, no run
Bond to Gambhir, FOUR runs
Bond to Gambhir, FOUR runs
Bond to Gambhir, SIX runs
Bond to Gambhir, no run
Gillespie to Sehwag, FOUR runs
Gillespie to Sehwag, no run
Gillespie to Sehwag, SIX runs
Gillespie to Sehwag, no run
Gillespie to Sehwag, no run
Gillespie to Sehwag, FOUR runs
Gillespie to Sehwag, 1 wide
Bond to Gambhir, 2 runs
Bond to Sehwag, 1 run
Bond to Gambhir, 1 run
Bond to Gambhir, no run
Bond to Gambhir, no run
Bond to Gambhir, no run
