Singh to Patel, OUT
Singh to Gillespie, OUT
Singh to McMillan, 1 run
Singh to Bond, OUT
Singh to Bond, FOUR runs
Singh to Vettori, OUT
Agarkar to McMillan, no run
Agarkar to McMillan, SIX runs
Agarkar to Vettori, 3 runs
Agarkar to Vettori, FOUR runs
Agarkar to Vettori, FOUR runs
Agarkar to Vettori, FOUR runs
Sreesanth to Oram, OUT
Sreesanth to Oram, SIX runs
Sreesanth to Oram, no run
Sreesanth to McMillan, 1 run
Sreesanth to McMillan, SIX runs
Sreesanth to McMillan, SIX runs
Agarkar to McMillan, 1 run
Agarkar to McMillan, 2 runs
Agarkar to Oram, 1 run
Agarkar to McMillan, 1 run
Agarkar to Oram, 1 run
Agarkar to Oram, 2 runs
Yuvraj to McMillan, 2 runs
Yuvraj to McMillan, FOUR runs
Yuvraj to McMillan, SIX runs
Yuvraj to Oram, 1 run
Yuvraj to Oram, SIX runs
Yuvraj to Oram, SIX runs
Harbhajan to McMillan, no run
Harbhajan to McMillan, 2 runs
Harbhajan to McMillan, no run
Harbhajan to Oram, 1 run
Harbhajan to Oram, FOUR runs
Harbhajan to McMillan, 1 run
Yuvraj to McMillan, 1 run
Yuvraj to Oram, 1 run
Yuvraj to McMillan, 1 run
Yuvraj to McMillan, 2 runs
Yuvraj to Oram, 1 run
Yuvraj to Oram, FOUR runs
Harbhajan to Oram, 1 run
Harbhajan to Oram, 1 wide
Harbhajan to McMillan, 1 leg bye
Harbhajan to Styris, OUT
Harbhajan to McMillan, 1 run
Harbhajan to McMillan, no run
Harbhajan to Styris, 1 run
Yuvraj to McMillan, no run
Yuvraj to Taylor, OUT
Yuvraj to Taylor, no run
Yuvraj to Taylor, 2 runs
Yuvraj to Styris, 1 run
Yuvraj to Styris, no run
Harbhajan to McCullum, OUT
Harbhajan to Taylor, 1 run
Harbhajan to Taylor, no run
Harbhajan to McCullum, 1 run
Harbhajan to Taylor, 1 run
Harbhajan to Taylor, SIX runs
Pathan to McCullum, FOUR runs
Pathan to McCullum, no run
Pathan to McCullum, 2 runs
Pathan to Taylor, 1 run
Pathan to Taylor, no run
Pathan to McCullum, 1 run
Harbhajan to Fulton, OUT
Harbhajan to Fulton, no run
Harbhajan to Fulton, no run
Harbhajan to Fulton, no run
Harbhajan to McCullum, 1 leg bye
Harbhajan to Fulton, 3 runs
Pathan to Fulton, 1 run
Pathan to Fulton, no run
Pathan to Fulton, 1 wide
Pathan to McCullum, 1 run
Pathan to McCullum, no run
Pathan to Fulton, 1 run
Pathan to Fulton, FOUR runs
Agarkar to Fulton, 1 run
Agarkar to Fulton, SIX runs
Agarkar to Fulton, no run
Agarkar to Fulton, no run
Agarkar to Fulton, 2 runs
Agarkar to Fulton, no run
Singh to Fulton, 1 run
Singh to McCullum, 1 leg bye
Singh to Fulton, 1 leg bye
Singh to McCullum, 1 run
Singh to McCullum, FOUR runs
Singh to McCullum, FOUR runs
Agarkar to Fulton, no run
Agarkar to Fulton, no run
Agarkar to McCullum, 1 run
Agarkar to Fulton, 1 run
Agarkar to Fulton, no run
Agarkar to Fulton, no run
Singh to McCullum, no run
Singh to McCullum, no run
Singh to McCullum, no run
Singh to McCullum, FOUR runs
Singh to McCullum, FOUR runs
Singh to McCullum, 1 wide
Singh to Fulton, 1 run
Singh to Fulton, 1 wide
Sreesanth to McCullum, no run
Sreesanth to McCullum, FOUR runs
Sreesanth to McCullum, FOUR runs
Sreesanth to McCullum, no run
Sreesanth to McCullum, no run
Sreesanth to McCullum, FOUR runs
Singh to Vincent, OUT
Singh to McCullum, 1 run
Singh to Vincent, 1 run
Singh to McCullum, 1 leg bye
Singh to McCullum, no run
Singh to Vincent, 1 run
Sreesanth to McCullum, FOUR runs
Sreesanth to McCullum, no run
Sreesanth to Vincent, 1 run
Sreesanth to Vincent, no run
Sreesanth to McCullum, 1 run
Sreesanth to Vincent, 1 leg bye
