Vitori to Shehzad, 1 run
Vitori to Hafeez, 1 run
Vitori to Shehzad, 1 run
Vitori to Shehzad, 2 runs
Vitori to Shehzad, 2 runs
Vitori to Shehzad, SIX runs
Panyangara to Shehzad, 1 run
Panyangara to Shehzad, 2 runs
Panyangara to Shehzad, SIX runs
Panyangara to Hafeez, 1 run
Panyangara to Shehzad, 1 run
Panyangara to Hafeez, 1 run
Masakadza to Hafeez, 1 run
Masakadza to Hafeez, SIX runs
Masakadza to Hafeez, FOUR runs
Masakadza to Hafeez, 2 runs
Masakadza to Shehzad, 1 run
Masakadza to Hafeez, 1 run
Panyangara to Shehzad, no run
Panyangara to Hafeez, 1 run
Panyangara to Hafeez, no run
Panyangara to Hafeez, 2 runs
Panyangara to Shehzad, 1 run
Panyangara to Hafeez, 1 run
Vitori to Shehzad, FOUR runs
Vitori to Shehzad, no run
Vitori to Shehzad, no run
Vitori to Shehzad, SIX runs
Vitori to Shehzad, FOUR runs
Vitori to Shehzad, no run
Utseya to Hafeez, SIX runs
Utseya to Shehzad, 1 run
Utseya to Hafeez, 1 run
Utseya to Hafeez, no run
Utseya to Shehzad, 1 run
Utseya to Hafeez, 1 run
Masakadza to Shehzad, 2 runs
Masakadza to Hafeez, 1 run
Masakadza to Shehzad, 3 runs
Masakadza to Shehzad, FOUR runs
Masakadza to Hafeez, 1 run
Masakadza to Shehzad, 1 run
Utseya to Hafeez, 2 runs
Utseya to Shehzad, 1 run
Utseya to Hafeez, 1 run
Utseya to Hafeez, no run
Utseya to Shehzad, 1 run
Utseya to Shehzad, FOUR runs
Masakadza to Shehzad, 1 run
Masakadza to Shehzad, no run
Masakadza to Shehzad, SIX runs
Masakadza to Hafeez, 1 run
Masakadza to Shehzad, 1 run
Masakadza to Hafeez, 1 run
Utseya to Hafeez, 1 run
Utseya to Hafeez, 2 runs
Utseya to Hafeez, FOUR runs
Utseya to Shehzad, 1 run
Utseya to Shehzad, no run
Utseya to Shehzad, 2 runs
Williams to Hafeez, no run
Williams to Shehzad, 1 run
Williams to Shehzad, SIX runs
Williams to Hafeez, 1 run
Williams to Shehzad, 1 run
Williams to Shehzad, no run
Waller to Hafeez, 2 runs
Waller to Hafeez, no run
Waller to Shehzad, 1 run
Waller to Shehzad, no run
Waller to Hafeez, 1 run
Waller to Hafeez, no run
Chigumbura to Shehzad, FOUR runs
Chigumbura to Hafeez, 1 run
Chigumbura to Hafeez, no run
Chigumbura to Hafeez, FOUR runs
Chigumbura to Shehzad, 1 run
Chigumbura to Hafeez, 1 run
Chigumbura to Hafeez, 1 wide
Chigumbura to Hafeez, (no ball)
Williams to Shehzad, no run
Williams to Shehzad, FOUR runs
Williams to Hafeez, 1 run
Williams to Hafeez, no run
Williams to Hafeez, no run
Williams to Shehzad, 1 run
Masakadza to Shehzad, 1 run
Masakadza to Shehzad, no run
Masakadza to Jamshed, OUT
Masakadza to Jamshed, no run
Masakadza to Jamshed, FOUR runs
Masakadza to Jamshed, no run
Panyangara to Jamshed, 1 run
Panyangara to Jamshed, FOUR runs
Panyangara to Shehzad, 1 run
Panyangara to Shehzad, no run
Panyangara to Shehzad, no run
Panyangara to Shehzad, no run
Vitori to Jamshed, SIX runs
Vitori to Shehzad, 1 run
Vitori to Jamshed, 1 run
Vitori to Shehzad, 1 run
Vitori to Shehzad, 2 runs
Vitori to Shehzad, no run
Panyangara to Jamshed, no run
Panyangara to Jamshed, FOUR runs
Panyangara to Jamshed, no run
Panyangara to Jamshed, no run
Panyangara to Jamshed, no run
Panyangara to Jamshed, 2 runs
Vitori to Shehzad, no run
Vitori to Shehzad, 1 wide
Vitori to Shehzad, no run
Vitori to Shehzad, no run
Vitori to Jamshed, 1 run
Vitori to Jamshed, no run
Vitori to Jamshed, 1 wide
Vitori to Jamshed, no run
Utseya to Shehzad, SIX runs
Utseya to Shehzad, no run
Utseya to Shehzad, no run
Utseya to Shehzad, no run
Utseya to Shehzad, no run
Utseya to Shehzad, no run
