Tanvir to Masakadza, no run
Tanvir to Chigumbura, 1 run
Tanvir to Chigumbura, FOUR runs
Tanvir to Chigumbura, no run
Tanvir to Chigumbura, no run
Tanvir to Chigumbura, SIX runs
Anwar Ali to Chigumbura, 1 run
Anwar Ali to Chigumbura, 2 runs
Anwar Ali to Waller, OUT
Anwar Ali to Waller, 2 runs
Anwar Ali to Waller, SIX runs
Anwar Ali to Waller, no run
Tanvir to Waller, 1 run
Tanvir to Chigumbura, 1 run
Tanvir to Waller, 1 run
Tanvir to Chigumbura, 1 run
Tanvir to Chigumbura, 2 runs
Tanvir to Chigumbura, 2 runs
Babar to Chigumbura, 1 run
Babar to Waller, 1 leg bye
Babar to Waller, no run
Babar to Waller, 2 runs
Babar to Chigumbura, 1 run
Babar to Chigumbura, SIX runs
Asad Ali to Waller, FOUR runs
Asad Ali to Waller, FOUR runs
Asad Ali to Waller, 1 wide
Asad Ali to Waller, no run
Asad Ali to Waller, no run
Asad Ali to Waller, no run
Asad Ali to Chigumbura, 1 run
Babar to Maruma, OUT
Babar to Maruma, no run
Babar to Williams, OUT
Babar to Chigumbura, 1 run
Babar to Chigumbura, FOUR runs
Babar to Chigumbura, no run
Hafeez to Williams, SIX runs
Hafeez to Williams, 2 runs
Hafeez to Williams, no run
Hafeez to Chigumbura, 1 run
Hafeez to Masakadza, OUT
Hafeez to Masakadza, 2 runs
Babar to Williams, 2 runs
Babar to Williams, no run
Babar to Masakadza, 1 run
Babar to Williams, 1 run
Babar to Masakadza, 1 run
Babar to Williams, 1 run
Hafeez to Williams, 1 run
Hafeez to Williams, no run
Hafeez to Masakadza, 2 wide
Hafeez to Williams, 1 run
Hafeez to Williams, FOUR runs
Hafeez to Masakadza, 1 run
Hafeez to Williams, 1 run
Afridi to Masakadza, FOUR runs
Afridi to Masakadza, SIX runs
Afridi to Masakadza, no run
Afridi to Williams, 1 run
Afridi to Masakadza, 1 run
Afridi to Masakadza, no run
Hafeez to Williams, FOUR runs
Hafeez to Masakadza, 1 run
Hafeez to Masakadza, 2 runs
Hafeez to Williams, 1 run
Hafeez to Taylor, OUT
Hafeez to Masakadza, 1 run
Afridi to Masakadza, 1 run
Afridi to Taylor, 1 run
Afridi to Masakadza, 1 run
Afridi to Taylor, 1 run
Afridi to Masakadza, 1 run
Afridi to Taylor, 1 run
Hafeez to Masakadza, no run
Hafeez to Masakadza, no run
Hafeez to Sibanda, OUT
Hafeez to Sibanda, no run
Hafeez to Sibanda, no run
Hafeez to Sibanda, no run
Afridi to Masakadza, 2 runs
Afridi to Sibanda, 1 run
Afridi to Sibanda, no run
Afridi to Masakadza, 1 run
Afridi to Sibanda, 1 run
Afridi to Masakadza, 1 run
Babar to Sibanda, no run
Babar to Sibanda, no run
Babar to Sibanda, no run
Babar to Sibanda, no run
Babar to Sibanda, no run
Babar to Sibanda, no run
Anwar Ali to Masakadza, FOUR runs
Anwar Ali to Masakadza, FOUR runs
Anwar Ali to Masakadza, no run
Anwar Ali to Masakadza, no run
Anwar Ali to Sibanda, 1 run
Anwar Ali to Sibanda, FOUR runs
Asad Ali to Sibanda, 1 run
Asad Ali to Sibanda, no run
Asad Ali to Sibanda, FOUR runs
Asad Ali to Sibanda, 1 wide
Asad Ali to Sibanda, (no ball)
Asad Ali to Sibanda, FOUR runs
Asad Ali to Sibanda, 2 runs
Asad Ali to Sibanda, no run
Asad Ali to Sibanda, 1 wide
Tanvir to Masakadza, no run
Tanvir to Sibanda, 1 run
Tanvir to Masakadza, 1 run
Tanvir to Masakadza, FOUR runs
Tanvir to Sibanda, 1 leg bye
Tanvir to Masakadza, 1 leg bye
Asad Ali to Sibanda, no run
Asad Ali to Masakadza, 1 run
Asad Ali to Masakadza, no run
Asad Ali to Sibanda, 1 run
Asad Ali to Sibanda, no run
Asad Ali to Sibanda, no run
Tanvir to Masakadza, no run
Tanvir to Sibanda, 1 run
Tanvir to Sibanda, 4 leg byes
Tanvir to Sibanda, no run
Tanvir to Sibanda, 2 runs
Tanvir to Sibanda, no run
