Rampaul to Watson, 1 run
Dwayne Bravo to Watson, 1 run
Dwayne Bravo to Hussey, 1 run
Dwayne Bravo to Hussey, no run
Dwayne Bravo to Hussey, FOUR runs
Dwayne Bravo to Watson, 1 run
Dwayne Bravo to Hussey, 1 run
Samuels to Watson, FOUR runs
Samuels to Watson, SIX runs
Samuels to Watson, SIX runs
Samuels to Watson, FOUR runs
Samuels to Hussey, 1 run
Samuels to Watson, 1 run
Sammy to Hussey, FOUR runs
Sammy to Watson, 1 run
Sammy to Watson, no run
Sammy to Watson, no run
Sammy to Hussey, 1 run
Sammy to Watson, 1 run
Narine to Watson, 1 run
Narine to Hussey, 1 run
Narine to Watson, 1 run
Narine to Watson, SIX runs
Narine to Watson, (no ball)
Narine to Watson, no run
Narine to Watson, 2 runs
Sammy to Hussey, no run
Sammy to Hussey, no run
Sammy to Hussey, SIX runs
Sammy to Hussey, no run
Sammy to Watson, 1 run
Sammy to Hussey, 1 run
Narine to Hussey, 1 run
Narine to Hussey, no run
Narine to Watson, 1 run
Narine to Watson, no run
Narine to Hussey, 1 run
Narine to Watson, 1 run
Edwards to Watson, 1 run
Edwards to Hussey, 1 run
Edwards to Hussey, FOUR runs
Edwards to Watson, 1 run
Edwards to Hussey, 1 run
Edwards to Warner, OUT
Rampaul to Warner, 1 run
Rampaul to Warner, FOUR runs
Rampaul to Warner, (no ball)
Rampaul to Warner, SIX runs
Rampaul to Warner, FOUR runs
Rampaul to Warner, no run
Rampaul to Warner, SIX runs
Edwards to Warner, 1 run
Edwards to Warner, no run
Edwards to Warner, 2 runs
Edwards to Warner, no run
Edwards to Warner, FOUR runs
Edwards to Warner, 1 wide
Edwards to Warner, no run
