Starc to Narine, FOUR runs
Starc to Ramdin, OUT
Starc to Sammy, OUT
Starc to Sammy, 2 leg byes
Starc to Sammy, SIX runs
Starc to Sammy, FOUR runs
Cummins to Sammy, 1 run
Cummins to Sammy, no run
Cummins to Ramdin, 3 runs
Cummins to Dwayne Bravo, OUT
Cummins to Dwayne Bravo, 2 runs
Cummins to Dwayne Bravo, FOUR runs
Watson to Dwayne Bravo, 1 run
Watson to Sammy, 1 run
Watson to Dwayne Bravo, 1 run
Watson to Pollard, OUT
Watson to Pollard, FOUR runs
Watson to Pollard, no run
Cummins to Dwayne Bravo, 2 runs
Cummins to Pollard, 1 run
Cummins to Pollard, no run
Cummins to Dwayne Bravo, 1 run
Cummins to Pollard, (no ball) 1 run
Cummins to Dwayne Bravo, 1 run
Cummins to Dwayne Bravo, SIX runs
Hogg to Pollard, no run
Hogg to Pollard, FOUR runs
Hogg to Dwayne Bravo, 1 run
Hogg to Samuels, OUT
Hogg to Dwayne Bravo, 1 run
Hogg to Samuels, 1 run
Watson to Samuels, 1 run
Watson to Samuels, SIX runs
Watson to Samuels, SIX runs
Watson to Samuels, no run
Watson to Dwayne Bravo, 1 run
Watson to Dwayne Bravo, no run
Hogg to Samuels, FOUR runs
Hogg to Samuels, no run
Hogg to Samuels, SIX runs
Hogg to Dwayne Bravo, 1 run
Hogg to Samuels, 1 leg bye
Hogg to Dwayne Bravo, 1 run
Christian to Samuels, SIX runs
Christian to Dwayne Bravo, 1 run
Christian to Dwayne Bravo, no run
Christian to Samuels, 1 run
Christian to Samuels, FOUR runs
Christian to Samuels, no run
Hogg to Dwayne Bravo, no run
Hogg to Samuels, 1 run
Hogg to Samuels, no run
Hogg to Samuels, no run
Hogg to Samuels, no run
Hogg to Dwayne Bravo, 1 run
Watson to Dwayne Bravo, 1 run
Watson to Samuels, 1 run
Watson to Samuels, no run
Watson to Dwayne Bravo, 1 run
Watson to Samuels, 1 run
Watson to Gayle, OUT
Starc to Gayle, 1 run
Starc to Samuels, 1 run
Starc to Gayle, 1 run
Starc to Gayle, no run
Starc to Samuels, 1 run
Starc to Gayle, 1 leg bye
Christian to Samuels, FOUR runs
Christian to Samuels, 2 runs
Christian to Gayle, 1 run
Christian to Gayle, no run
Christian to Samuels, 1 run
Christian to Samuels, no run
Maxwell to Gayle, FOUR runs
Maxwell to Gayle, SIX runs
Maxwell to Gayle, no run
Maxwell to Samuels, 1 run
Maxwell to Gayle, 1 leg bye
Maxwell to Gayle, SIX runs
Hogg to Gayle, 1 run
Hogg to Gayle, SIX runs
Hogg to Samuels, 1 run
Hogg to Samuels, no run
Hogg to Samuels, no run
Hogg to Gayle, 1 run
Christian to Gayle, 1 leg bye
Christian to Gayle, no run
Christian to Gayle, FOUR runs
Christian to Samuels, 1 run
Christian to Charles, OUT
Christian to Charles, FOUR runs
Cummins to Gayle, SIX runs
Cummins to Gayle, no run
Cummins to Gayle, FOUR runs
Cummins to Gayle, FOUR runs
Cummins to Gayle, no run
Cummins to Gayle, FOUR runs
Starc to Charles, FOUR runs
Starc to Charles, SIX runs
Starc to Gayle, 1 run
Starc to Gayle, no run
Starc to Gayle, 2 runs
Starc to Gayle, 1 wide
Starc to Gayle, no run
Cummins to Charles, no run
Cummins to Charles, no run
Cummins to Charles, no run
Cummins to Charles, no run
Cummins to Charles, no run
Cummins to Charles, no run
Starc to Charles, 1 run
Starc to Gayle, 1 run
Starc to Charles, 1 run
Starc to Smith, OUT
Starc to Smith, no run
Starc to Smith, no run
Watson to Gayle, no run
Watson to Smith, 1 run
Watson to Gayle, 1 run
Watson to Gayle, 1 wide
Watson to Gayle, 4 leg byes
Watson to Gayle, no run
Watson to Smith, 1 run
