Laughlin to Perera, 1 bye
Laughlin to Perera, SIX runs
Laughlin to Mahela Jayawardene, 1 run
Laughlin to Mahela Jayawardene, FOUR runs
Laughlin to Mahela Jayawardene, FOUR runs
Laughlin to Mahela Jayawardene, FOUR runs
Faulkner to Perera, FOUR runs
Faulkner to Perera, 2 runs
Faulkner to Mahela Jayawardene, 1 run
Faulkner to Perera, 1 run
Faulkner to Mahela Jayawardene, 1 run
Faulkner to Mahela Jayawardene, 2 runs
Starc to Perera, no run
Starc to Perera, FOUR runs
Starc to Mahela Jayawardene, 1 run
Starc to Mahela Jayawardene, 2 runs
Starc to Perera, 1 run
Starc to Perera, 2 runs
Faulkner to Mahela Jayawardene, no run
Faulkner to Perera, 1 run
Faulkner to Mahela Jayawardene, 1 run
Faulkner to Perera, 1 run
Faulkner to Perera, SIX runs
Faulkner to Mahela Jayawardene, 1 run
Doherty to Mahela Jayawardene, 1 run
Doherty to Perera, 1 run
Doherty to Perera, FOUR runs
Doherty to Perera, 2 runs
Doherty to Jeevan Mendis, OUT
Doherty to Mahela Jayawardene, 1 run
Laughlin to Mahela Jayawardene, 1 run
Laughlin to Mahela Jayawardene, no run
Laughlin to Jeevan Mendis, 1 run
Laughlin to Mahela Jayawardene, 1 run
Laughlin to Mahela Jayawardene, SIX runs
Laughlin to Mahela Jayawardene, no run
Doherty to Jeevan Mendis, no run
Doherty to Jeevan Mendis, 2 runs
Doherty to Jeevan Mendis, no run
Doherty to Jeevan Mendis, FOUR runs
Doherty to Jeevan Mendis, FOUR runs
Doherty to Mahela Jayawardene, 1 run
Laughlin to Mahela Jayawardene, 1 run
Laughlin to Mahela Jayawardene, no run
Laughlin to Mahela Jayawardene, FOUR runs
Laughlin to Mahela Jayawardene, no run
Laughlin to Mahela Jayawardene, no run
Laughlin to Jeevan Mendis, 1 run
Maxwell to Jeevan Mendis, 1 run
Maxwell to Jeevan Mendis, no run
Maxwell to Mahela Jayawardene, 1 run
Maxwell to Mahela Jayawardene, 2 runs
Maxwell to Mahela Jayawardene, SIX runs
Maxwell to Jeevan Mendis, 1 run
Starc to Mahela Jayawardene, no run
Starc to Jeevan Mendis, 1 run
Starc to Mahela Jayawardene, 1 run
Starc to Jeevan Mendis, 1 run
Starc to Jeevan Mendis, FOUR runs
Starc to Mahela Jayawardene, 1 run
Doherty to Jeevan Mendis, no run
Doherty to Jeevan Mendis, no run
Doherty to Jeevan Mendis, no run
Doherty to Jeevan Mendis, no run
Doherty to Mahela Jayawardene, 1 run
Doherty to Jeevan Mendis, 1 run
Maxwell to Jeevan Mendis, 1 run
Maxwell to Mahela Jayawardene, 1 run
Maxwell to Mahela Jayawardene, 1 wide
Maxwell to Mahela Jayawardene, no run
Maxwell to Mahela Jayawardene, 2 leg byes
Maxwell to Jeevan Mendis, 1 run
Maxwell to Mahela Jayawardene, 1 leg bye
Doherty to Mahela Jayawardene, 1 run
Doherty to Mahela Jayawardene, FOUR runs
Doherty to Jeevan Mendis, 1 run
Doherty to Mahela Jayawardene, 1 run
Doherty to Jeevan Mendis, 1 run
Doherty to Jeevan Mendis, no run
Maxwell to Mahela Jayawardene, no run
Maxwell to Mahela Jayawardene, no run
Maxwell to Perera, OUT
Maxwell to Mahela Jayawardene, 1 run
Maxwell to Perera, 1 run
Maxwell to Mahela Jayawardene, 1 run
Laughlin to Mahela Jayawardene, 1 run
Laughlin to Perera, 1 leg bye
Laughlin to Mahela Jayawardene, 1 run
Laughlin to Chandimal, OUT
Laughlin to Chandimal, no run
Laughlin to Chandimal, FOUR runs
Faulkner to Perera, no run
Faulkner to Chandimal, 1 run
Faulkner to Chandimal, no run
Faulkner to Chandimal, no run
Faulkner to Chandimal, no run
Faulkner to Chandimal, no run
Starc to Perera, FOUR runs
Starc to Perera, FOUR runs
Starc to Perera, 1 wide
Starc to Perera, no run
Starc to Perera, FOUR runs
Starc to Perera, no run
Starc to Perera, no run
Faulkner to Chandimal, no run
Faulkner to Dilshan, OUT
Faulkner to Dilshan, 4 leg byes
Faulkner to Dilshan, no run
Faulkner to Perera, 1 run
Faulkner to Dilshan, 1 run
Starc to Perera, no run
Starc to Perera, no run
Starc to Perera, 1 wide
Starc to Perera, 1 wide
Starc to Perera, no run
Starc to Dilshan, 1 run
Starc to Dilshan, no run
Starc to Dilshan, no run
Starc to Dilshan, 1 wide
Maxwell to Perera, no run
Maxwell to Dilshan, 1 run
Maxwell to Perera, 1 run
Maxwell to Perera, no run
Maxwell to Dilshan, 3 runs
Maxwell to Dilshan, no run
