Perera to Maxwell, 1 bye
Perera to Maxwell, FOUR runs
Perera to Maxwell, FOUR runs
Perera to Marsh, 1 run
Perera to Marsh, (no ball) 2 runs
Perera to Bailey, OUT
Perera to Bailey, 2 runs
Malinga to Marsh, FOUR runs
Malinga to Bailey, 1 run
Malinga to Bailey, 2 runs
Malinga to Bailey, FOUR runs
Malinga to Bailey, FOUR runs
Malinga to Marsh, 1 run
Kulasekara to Marsh, 1 run
Kulasekara to Marsh, no run
Kulasekara to Bailey, 1 run
Kulasekara to Marsh, 1 run
Kulasekara to Bailey, 1 run
Kulasekara to Bailey, 1 wide
Kulasekara to Bailey, FOUR runs
Perera to Bailey, 1 run
Perera to Marsh, 1 run
Perera to Marsh, no run
Perera to Bailey, 1 run
Perera to Marsh, 3 runs
Perera to Bailey, 1 run
Mendis to Marsh, no run
Mendis to Marsh, 2 runs
Mendis to Marsh, SIX runs
Mendis to Bailey, 1 run
Mendis to Marsh, 1 run
Mendis to Marsh, 2 runs
Malinga to Bailey, 2 runs
Malinga to Bailey, no run
Malinga to Marsh, 1 run
Malinga to Bailey, 1 run
Malinga to Marsh, 1 run
Malinga to Bailey, 1 run
Mendis to Marsh, no run
Mendis to Bailey, 1 run
Mendis to Bailey, 2 runs
Mendis to Bailey, 2 runs
Mendis to Bailey, no run
Mendis to Bailey, FOUR runs
Perera to Bailey, 1 run
Perera to Marsh, 1 run
Perera to Bailey, 1 run
Perera to Marsh, 1 run
Perera to Marsh, no run
Perera to Bailey, 1 leg bye
Dananjaya to Marsh, FOUR runs
Dananjaya to Marsh, SIX runs
Dananjaya to Bailey, 1 run
Dananjaya to Bailey, no run
Dananjaya to Marsh, 1 run
Dananjaya to Marsh, no run
Malinga to Bailey, no run
Malinga to Bailey, no run
Malinga to Bailey, no run
Malinga to Bailey, 2 runs
Malinga to Bailey, 1 run
Malinga to Marsh, 1 run
Mendis to Bailey, no run
Mendis to Marsh, 1 run
Mendis to Bailey, 1 run
Mendis to Bailey, no run
Mendis to Bailey, 2 runs
Mendis to Finch, OUT
Kulasekara to Marsh, no run
Kulasekara to Marsh, 2 runs
Kulasekara to Finch, 1 leg bye
Kulasekara to Marsh, 1 run
Kulasekara to Marsh, no run
Kulasekara to Marsh, no run
Dilshan to Marsh, 1 run
Dilshan to Marsh, no run
Dilshan to Marsh, no run
Dilshan to Marsh, no run
Dilshan to Marsh, no run
Dilshan to Marsh, no run
Kulasekara to Finch, FOUR runs
Kulasekara to Marsh, 1 run
Kulasekara to Marsh, no run
Kulasekara to Warner, OUT
Kulasekara to Warner, no run
Kulasekara to Finch, 1 run
Dilshan to Warner, 2 runs
Dilshan to Warner, FOUR runs
Dilshan to Finch, 1 run
Dilshan to Warner, 1 run
Dilshan to Warner, no run
Dilshan to Finch, 1 run
