Southee to Pollard, 1 run
Southee to Gayle, 1 run
Southee to Gayle, FOUR runs
Southee to Pollard, 1 run
Southee to Pollard, FOUR runs
Southee to Pollard, FOUR runs
Doug Bracewell to Gayle, SIX runs
Doug Bracewell to Gayle, SIX runs
Doug Bracewell to Gayle, SIX runs
Doug Bracewell to Gayle, 1 wide
Doug Bracewell to Pollard, 1 run
Doug Bracewell to Pollard, SIX runs
Doug Bracewell to Pollard, no run
Southee to Gayle, 2 runs
Southee to Pollard, 1 run
Southee to Pollard, no run
Southee to Pollard, no run
Southee to Pollard, no run
Southee to Pollard, SIX runs
Oram to Pollard, 1 run
Oram to Pollard, no run
Oram to Gayle, (no ball) 1 run
Oram to Gayle, FOUR runs
Oram to Gayle, 1 wide
Oram to Pollard, 1 run
Oram to Pollard, (no ball)
Oram to Gayle, 1 run
Oram to Gayle, FOUR runs
Doug Bracewell to Pollard, FOUR runs
Doug Bracewell to Pollard, FOUR runs
Doug Bracewell to Gayle, 1 run
Doug Bracewell to Pollard, 1 run
Doug Bracewell to Pollard, 2 runs
Doug Bracewell to Gayle, 1 run
Nicol to Pollard, FOUR runs
Nicol to Pollard, no run
Nicol to Pollard, no run
Nicol to Pollard, SIX runs
Nicol to Gayle, 1 run
Nicol to Gayle, 1 wide
Nicol to Pollard, 1 run
Nicol to Pollard, 1 wide
Williamson to Pollard, 1 run
Williamson to Pollard, SIX runs
Williamson to Pollard, 2 runs
Williamson to Pollard, SIX runs
Williamson to Gayle, 1 run
Williamson to Charles, OUT
Nicol to Gayle, no run
Nicol to Gayle, 1 wide
Nicol to Charles, 1 run
Nicol to Gayle, 1 run
Nicol to Gayle, SIX runs
Nicol to Charles, 1 run
Nicol to Gayle, 1 leg bye
Williamson to Charles, 2 runs
Williamson to Gayle, 2 wide
Williamson to Charles, 1 run
Williamson to Charles, no run
Williamson to Charles, no run
Hira to Gayle, 1 run
Hira to Gayle, SIX runs
McCullum to Charles, no run
McCullum to Gayle, 1 run
McCullum to Charles, 1 bye
McCullum to Gayle, 1 run
McCullum to Gayle, FOUR runs
McCullum to Gayle, FOUR runs
Hira to Charles, no run
Hira to Gayle, 2 wide
Hira to Gayle, no run
Hira to Charles, 1 run
Hira to Gayle, 1 run
Hira to Gayle, no run
Hira to Gayle, FOUR runs
McCullum to Gayle, 1 run
McCullum to Charles, 1 run
McCullum to Charles, no run
McCullum to Charles, 2 runs
McCullum to Gayle, 1 run
McCullum to Charles, 1 leg bye
Hira to Gayle, 2 runs
Hira to Charles, 1 run
Hira to Gayle, 1 run
Hira to Charles, 1 run
Hira to Charles, no run
Hira to Gayle, 1 run
Hira to Gayle, 1 wide
McCullum to Charles, no run
McCullum to Gayle, 1 run
McCullum to Gayle, no run
McCullum to Gayle, no run
McCullum to Charles, 1 run
McCullum to Gayle, 1 run
Oram to Charles, FOUR runs
Oram to Charles, no run
Oram to Charles, no run
Oram to Charles, FOUR runs
Oram to Gayle, 1 run
Oram to Gayle, 1 wide
Oram to Gayle, 1 wide
Oram to Gayle, no run
Southee to Charles, no run
Southee to Charles, FOUR runs
Southee to Charles, no run
Southee to Charles, no run
Southee to Charles, no run
Southee to Gayle, 1 run
Doug Bracewell to Smith, OUT
Doug Bracewell to Gayle, 1 run
Doug Bracewell to Gayle, 1 wide
Doug Bracewell to Smith, 1 leg bye
Doug Bracewell to Smith, FOUR runs
Doug Bracewell to Smith, no run
Doug Bracewell to Smith, no run
Southee to Gayle, no run
Southee to Gayle, no run
Southee to Gayle, FOUR runs
Southee to Gayle, no run
Southee to Gayle, (no ball)
Southee to Smith, 1 run
Southee to Smith, no run
Doug Bracewell to Gayle, 2 runs
Doug Bracewell to Gayle, no run
Doug Bracewell to Gayle, no run
Doug Bracewell to Gayle, no run
Doug Bracewell to Gayle, no run
Doug Bracewell to Gayle, no run
McCullum to Smith, no run
McCullum to Smith, no run
McCullum to Smith, SIX runs
McCullum to Smith, no run
McCullum to Smith, no run
McCullum to Smith, SIX runs
