Edwards to Oram, OUT
Edwards to Oram, FOUR runs
Edwards to Oram, 2 runs
Dwayne Bravo to Oram, 1 run
Dwayne Bravo to Oram, FOUR runs
Dwayne Bravo to Doug Bracewell, 1 run
Dwayne Bravo to Doug Bracewell, SIX runs
Dwayne Bravo to Oram, 1 run
Dwayne Bravo to Doug Bracewell, 1 run
Narine to Oram, SIX runs
Narine to Doug Bracewell, 1 run
Narine to Doug Bracewell, 2 runs
Narine to McCullum, OUT
Narine to Oram, 1 run
Narine to Oram, SIX runs
Edwards to Oram, 1 run
Edwards to Brownlie, OUT
Edwards to Brownlie, no run
Edwards to Oram, 1 run
Edwards to Oram, OUT
Edwards to Latham, 1 run
Narine to Oram, no run
Narine to Southee, OUT
Narine to Latham, 1 run
Narine to Latham, FOUR runs
Narine to Latham, no run
Narine to Latham, 2 runs
Dwayne Bravo to Southee, no run
Dwayne Bravo to Southee, 2 runs
Dwayne Bravo to Latham, 1 run
Dwayne Bravo to Latham, 2 runs
Dwayne Bravo to Southee, 1 run
Dwayne Bravo to Southee, 2 runs
Narine to Southee, 1 run
Narine to Latham, 1 run
Narine to Latham, 2 runs
Narine to Southee, 1 leg bye
Narine to Southee, SIX runs
Narine to Southee, no run
Dwayne Bravo to Southee, 1 run
Dwayne Bravo to Southee, 1 wide
Dwayne Bravo to Southee, no run
Dwayne Bravo to Latham, 1 run
Dwayne Bravo to Latham, no run
Dwayne Bravo to Southee, 1 run
Dwayne Bravo to Nicol, OUT
Badree to Southee, 2 runs
Badree to Nicol, 1 run
Badree to Nicol, 1 wide
Badree to Southee, 1 run
Badree to Southee, no run
Badree to Nicol, 1 run
Badree to Nicol, no run
Sammy to Southee, no run
Sammy to Southee, SIX runs
Sammy to Southee, no run
Sammy to Williamson, OUT
Sammy to Nicol, 1 run
Sammy to Nicol, no run
Samuels to Nicol, 1 run
Samuels to Nicol, FOUR runs
Samuels to Williamson, 1 run
Samuels to Williamson, no run
Samuels to Williamson, 2 runs
Samuels to Nicol, 1 run
Sammy to Nicol, 1 run
Sammy to Williamson, 1 run
Sammy to Nicol, 1 run
Sammy to Williamson, 1 run
Sammy to Nicol, 1 run
Sammy to Williamson, 1 run
Samuels to Williamson, 1 run
Samuels to Williamson, 2 runs
Samuels to Nicol, 1 run
Samuels to Nicol, no run
Samuels to Nicol, no run
Samuels to Williamson, 1 run
Badree to Taylor, 1 run
Badree to Taylor, FOUR runs
Badree to Taylor, FOUR runs
Badree to Taylor, no run
Badree to Nicol, 1 run
Badree to Taylor, 1 run
Badree to Taylor, 1 wide
Narine to Taylor, 1 leg bye
Narine to Taylor, no run
Narine to Taylor, no run
Narine to Taylor, no run
Narine to Taylor, no run
Narine to Taylor, no run
Narine to Guptill, 1 wide, OUT
Badree to Guptill, 1 run
Badree to Guptill, FOUR runs
Badree to Nicol, 1 leg bye
Badree to Nicol, no run
Badree to Guptill, 1 run
Badree to Guptill, no run
Edwards to Nicol, FOUR runs
Edwards to Nicol, 2 runs
Edwards to Nicol, no run
Edwards to Nicol, 1 wide
Edwards to Nicol, FOUR runs
Edwards to Guptill, 1 run
Edwards to Guptill, no run
Badree to Nicol, FOUR runs
Badree to Nicol, no run
Badree to Nicol, no run
Badree to Nicol, 1 wide
Badree to Guptill, 1 leg bye
Badree to Guptill, FOUR runs
Badree to Guptill, no run
Edwards to Nicol, no run
Edwards to Nicol, FOUR runs
Edwards to Nicol, no run
Edwards to Nicol, 4 leg byes
Edwards to Nicol, no run
Edwards to Nicol, no run
