Theron to Smith, 1 run
Theron to Smith, FOUR runs
Theron to Wade, 1 run
Tsotsobe to Smith, no run
Tsotsobe to Hussey, OUT
Tsotsobe to Smith, 1 leg bye
Tsotsobe to Hussey, 1 run
Tsotsobe to Hussey, no run
Tsotsobe to Hussey, SIX runs
Morkel to Hussey, 1 run
Morkel to Smith, 1 run
Morkel to Smith, no run
Morkel to Hussey, 1 run
Morkel to Hussey, no run
Morkel to Smith, 1 run
Peterson to Smith, 1 run
Peterson to Smith, no run
Peterson to Hussey, 1 run
Peterson to Hussey, no run
Peterson to White, OUT
Peterson to White, SIX runs
Duminy to White, 1 run
Duminy to White, no run
Duminy to Hussey, 1 run
Duminy to White, 1 run
Duminy to White, no run
Duminy to Hussey, 1 run
Peterson to White, no run
Peterson to White, 2 runs
Peterson to Hussey, 1 run
Peterson to White, 1 run
Peterson to White, no run
Peterson to White, no run
Theron to Hussey, FOUR runs
Theron to White, 1 run
Theron to Hussey, 1 run
Theron to White, 1 run
Theron to White, FOUR runs
Theron to White, no run
Botha to Hussey, no run
Botha to Hussey, 2 runs
Botha to White, 1 run
Botha to Hussey, 1 run
Botha to Hussey, no run
Botha to Hussey, no run
Theron to White, 2 runs
Theron to White, 2 runs
Theron to White, 2 runs
Theron to White, 2 runs
Theron to Hussey, 1 run
Theron to White, 1 run
Botha to Hussey, no run
Botha to Hussey, no run
Botha to White, 1 run
Botha to Marsh, OUT
Botha to Hussey, 1 run
Botha to Marsh, 1 run
Morkel to Hussey, no run
Morkel to Hussey, 2 runs
Morkel to Hussey, no run
Morkel to Hussey, no run
Morkel to Watson, OUT
Morkel to Watson, no run
Botha to Watson, 1 run
Botha to Watson, no run
Botha to Marsh, 1 run
Botha to Marsh, no run
Botha to Marsh, FOUR runs
Botha to Watson, 1 run
Peterson to Marsh, FOUR runs
Peterson to Marsh, FOUR runs
Peterson to Watson, 1 run
Peterson to Watson, 2 runs
Peterson to Watson, SIX runs
Peterson to Watson, no run
Botha to Watson, 1 run
Botha to Watson, no run
Botha to Watson, no run
Botha to Watson, FOUR runs
Botha to Marsh, 1 run
Botha to Marsh, 2 runs
Theron to Watson, FOUR runs
Theron to Watson, FOUR runs
Theron to Watson, FOUR runs
Theron to Marsh, 1 run
Theron to Watson, 1 run
Theron to Marsh, 1 run
Tsotsobe to Watson, no run
Tsotsobe to Watson, 4 leg byes
Tsotsobe to Watson, no run
Tsotsobe to Marsh, 1 run
Tsotsobe to Marsh, no run
Tsotsobe to Marsh, no run
Morkel to Watson, no run
Morkel to Marsh, 3 runs
Morkel to Watson, 1 run
Morkel to Watson, no run
Morkel to Marsh, 1 run
Morkel to Marsh, no run
Morkel to Marsh, (no ball)
Tsotsobe to Watson, 2 runs
Tsotsobe to Watson, SIX runs
Tsotsobe to Watson, no run
Tsotsobe to Watson, no run
Tsotsobe to Watson, 2 runs
Tsotsobe to Watson, no run
Morkel to Watson, 1 run
Morkel to Marsh, 1 run
Morkel to Watson, 1 run
Morkel to Watson, 1 wide
Morkel to Watson, FOUR runs
Morkel to Watson, FOUR runs
Morkel to Watson, no run
Tsotsobe to Watson, 1 run
Tsotsobe to Watson, no run
Tsotsobe to Watson, 1 wide
Tsotsobe to Watson, no run
Tsotsobe to Warner, OUT
Tsotsobe to Watson, 1 run
Tsotsobe to Watson, no run
