Watson to Theron, 1 leg bye
Watson to Peterson, OUT
Watson to Peterson, FOUR runs
Watson to Peterson, no run
Watson to Peterson, 2 runs
Watson to Kuhn, 1 run
Cummins to Botha, OUT
Cummins to Botha, 1 wide
Cummins to Botha, FOUR runs
Cummins to Miller, OUT
Cummins to Duminy, OUT
Cummins to Miller, 1 run
Cummins to Miller, no run
Pattinson to Duminy, SIX runs
Pattinson to Duminy, no run
Pattinson to Miller, 1 run
Pattinson to Miller, 1 wide
Pattinson to Duminy, 1 run
Pattinson to Duminy, SIX runs
Pattinson to Duminy, FOUR runs
Watson to Miller, FOUR runs
Watson to Duminy, 1 run
Watson to Miller, 1 run
Watson to Duminy, 1 run
Watson to Duminy, FOUR runs
Watson to Miller, 1 run
Bollinger to Miller, 1 run
Bollinger to Miller, no run
Bollinger to Miller, FOUR runs
Bollinger to Miller, no run
Bollinger to Duminy, 1 leg bye
Bollinger to Duminy, 2 runs
Hussey to Duminy, 1 run
Hussey to Duminy, FOUR runs
Hussey to Miller, 1 run
Hussey to Duminy, 1 run
Hussey to Duminy, no run
Hussey to Duminy, 2 runs
Cummins to Duminy, 1 run
Cummins to Duminy, 1 wide
Cummins to Miller, 1 run
Cummins to Miller, no run
Cummins to Miller, no run
Cummins to Duminy, 1 run
Cummins to Miller, 1 run
Bollinger to Duminy, FOUR runs
Bollinger to Miller, 1 run
Bollinger to Miller, 2 runs
Bollinger to Duminy, 1 run
Bollinger to Miller, 1 run
Bollinger to Duminy, 1 run
Pattinson to Duminy, 1 run
Pattinson to Ingram, OUT
Pattinson to Ingram, no run
Pattinson to Duminy, 1 run
Pattinson to Duminy, no run
Pattinson to Duminy, no run
O'Keefe to Duminy, 1 run
O'Keefe to Duminy, no run
O'Keefe to Ingram, 1 run
O'Keefe to Ingram, no run
O'Keefe to Duminy, 1 run
O'Keefe to Duminy, SIX runs
Watson to Ingram, no run
Watson to Ingram, no run
Watson to Ingram, no run
Watson to Duminy, 1 run
Watson to Duminy, no run
Watson to Ingram, 1 run
Hussey to Duminy, no run
Hussey to Ingram, 1 run
Hussey to Duminy, 1 run
Hussey to Ingram, 1 run
Hussey to Ingram, SIX runs
Hussey to Ingram, 2 runs
Pattinson to Duminy, no run
Pattinson to Duminy, no run
Pattinson to Duminy, FOUR runs
Pattinson to Duminy, no run
Pattinson to Ingram, 1 run
Pattinson to Ingram, no run
Hussey to Duminy, no run
Hussey to Ingram, 1 run
Hussey to Duminy, 1 run
Hussey to Ingram, 1 run
Hussey to Duminy, 1 run
Hussey to Ingram, 1 run
Pattinson to Duminy, no run
Pattinson to Duminy, no run
Pattinson to Duminy, no run
Pattinson to Duminy, no run
Pattinson to Duminy, 2 runs
Pattinson to Duminy, FOUR runs
Watson to Ingram, no run
Watson to Ingram, FOUR runs
Watson to Duminy, 1 run
Watson to Duminy, no run
Watson to Duminy, 4 leg byes
Watson to Duminy, no run
Cummins to Ingram, FOUR runs
Cummins to Ingram, FOUR runs
Cummins to Duminy, 1 run
Cummins to Duminy, no run
Cummins to Duminy, no run
Cummins to Ingram, 1 run
Bollinger to Ingram, 2 runs, OUT
Bollinger to Ingram, no run
Bollinger to Ingram, no run
Bollinger to Ingram, no run
Bollinger to Amla, 1 run
Bollinger to Ingram, 1 run
Cummins to Ingram, 1 run
Cummins to Amla, 1 run
Cummins to Amla, no run
Cummins to Amla, no run
Cummins to Amla, no run
Cummins to Amla, 2 runs
Bollinger to Smith, OUT
Bollinger to Smith, 1 wide
Bollinger to Smith, no run
Bollinger to Smith, no run
Bollinger to Smith, no run
Bollinger to Smith, no run
Bollinger to Smith, no run
Bollinger to Smith, 1 wide
