Tanvir to Bhuvneshwar, 1 run
Tanvir to Bhuvneshwar, 2 runs
Tanvir to Dinda, 1 run
Tanvir to Bhuvneshwar, 1 run
Tanvir to Dinda, 1 run
Tanvir to Bhuvneshwar, 1 run
Umar Gul to Bhuvneshwar, 1 run
Umar Gul to Bhuvneshwar, no run
Umar Gul to Dinda, 1 run
Umar Gul to Dinda, no run
Umar Gul to Sharma, OUT
Umar Gul to Jadeja, OUT
Ajmal to Jadeja, 1 run
Ajmal to Jadeja, no run
Ajmal to Jadeja, 1 run, OUT
Ajmal to Raina, OUT
Ajmal to Raina, no run
Ajmal to Rohit Sharma, 1 run
Umar Gul to Raina, 2 runs
Umar Gul to Rohit Sharma, 1 run
Umar Gul to Raina, 1 run
Umar Gul to Raina, 2 runs
Umar Gul to Yuvraj, OUT
Umar Gul to Yuvraj, no run
Ajmal to Raina, FOUR runs
Ajmal to Yuvraj, 1 run
Ajmal to Yuvraj, 1 wide
Ajmal to Raina, 1 run
Ajmal to Raina, no run
Ajmal to Raina, no run
Ajmal to Dhoni, OUT
Irfan to Yuvraj, 2 runs
Irfan to Yuvraj, no run
Irfan to Yuvraj, 1 wide
Irfan to Yuvraj, 1 wide
Irfan to Dhoni, 1 run
Irfan to Kohli, OUT
Irfan to Kohli, no run
Irfan to Kohli, no run
Hafeez to Yuvraj, no run
Hafeez to Kohli, 1 run
Hafeez to Kohli, no run
Hafeez to Kohli, FOUR runs
Hafeez to Yuvraj, 1 run
Hafeez to Kohli, 1 run
Afridi to Yuvraj, no run
Afridi to Yuvraj, SIX runs
Afridi to Gambhir, 1 run, OUT
Afridi to Kohli, 1 run
Afridi to Gambhir, 1 run
Afridi to Gambhir, FOUR runs
Hafeez to Kohli, no run
Hafeez to Gambhir, 1 run
Hafeez to Kohli, 1 run
Hafeez to Gambhir, 1 run
Hafeez to Kohli, 1 run
Hafeez to Gambhir, 1 run
Afridi to Gambhir, 1 run
Afridi to Rahane, OUT
Afridi to Rahane, no run
Afridi to Gambhir, 1 run
Afridi to Rahane, 1 run
Afridi to Rahane, no run
Ajmal to Rahane, 1 run
Ajmal to Rahane, no run
Ajmal to Gambhir, 1 run
Ajmal to Gambhir, no run
Ajmal to Rahane, 1 run
Ajmal to Rahane, FOUR runs
Afridi to Gambhir, 2 runs
Afridi to Gambhir, 2 runs
Afridi to Gambhir, FOUR runs
Afridi to Rahane, 1 run
Afridi to Gambhir, 1 run
Afridi to Gambhir, no run
Ajmal to Rahane, no run
Ajmal to Rahane, SIX runs
Ajmal to Gambhir, 1 run
Ajmal to Gambhir, no run
Ajmal to Rahane, 1 run
Ajmal to Rahane, no run
Umar Gul to Gambhir, no run
Umar Gul to Gambhir, SIX runs
Umar Gul to Rahane, 1 run
Umar Gul to Gambhir, 1 run
Umar Gul to Rahane, 1 run
Umar Gul to Rahane, FOUR runs
Tanvir to Gambhir, no run
Tanvir to Rahane, 1 run
Tanvir to Rahane, no run
Tanvir to Gambhir, 1 run
Tanvir to Gambhir, no run
Tanvir to Rahane, 1 run
Irfan to Gambhir, no run
Irfan to Gambhir, 2 runs
Irfan to Rahane, 1 run
Irfan to Rahane, FOUR runs
Irfan to Gambhir, 1 run
Irfan to Gambhir, no run
Tanvir to Gambhir, 1 run
Tanvir to Gambhir, 2 runs
Tanvir to Gambhir, no run
Tanvir to Rahane, 1 run
Tanvir to Rahane, FOUR runs
Tanvir to Gambhir, 1 leg bye
Irfan to Rahane, FOUR runs
Irfan to Gambhir, 1 run
Irfan to Rahane, 1 run
Irfan to Rahane, no run
Irfan to Gambhir, 1 run
Irfan to Gambhir, no run
Tanvir to Gambhir, 1 run
Tanvir to Gambhir, no run
Tanvir to Gambhir, no run
Tanvir to Rahane, 1 run
Tanvir to Rahane, 2 runs
Tanvir to Rahane, no run
Irfan to Rahane, 1 leg bye
Irfan to Gambhir, 3 runs
Irfan to Gambhir, no run
Irfan to Rahane, 1 run
Irfan to Gambhir, 1 run
Irfan to Gambhir, no run
