Jadeja to Malik, SIX runs
Jadeja to Afridi, 1 run
Jadeja to Afridi, 2 runs
Jadeja to Malik, 1 leg bye
Dinda to Malik, 1 run
Dinda to Kamran, OUT
Dinda to Kamran, no run
Dinda to Malik, 1 run
Dinda to Kamran, 1 run
Dinda to Malik, 1 run
Sharma to Kamran, no run
Sharma to Kamran, no run
Sharma to Kamran, no run
Sharma to Malik, (no ball) 1 run
Sharma to Malik, no run
Sharma to Malik, no run
Sharma to Hafeez, OUT
Dinda to Malik, no run
Dinda to Malik, FOUR runs
Dinda to Malik, no run
Dinda to Malik, 2 runs
Dinda to Malik, 2 runs
Dinda to Malik, no run
Sharma to Hafeez, FOUR runs
Sharma to Malik, 1 run
Sharma to Hafeez, 1 run
Sharma to Hafeez, FOUR runs
Sharma to Malik, 1 run
Sharma to Malik, no run
Jadeja to Hafeez, SIX runs
Jadeja to Malik, 1 run
Jadeja to Malik, no run
Jadeja to Malik, SIX runs
Jadeja to Hafeez, 1 run
Jadeja to Hafeez, 2 runs
Yuvraj to Hafeez, 1 run
Yuvraj to Hafeez, SIX runs
Yuvraj to Malik, 1 run
Yuvraj to Hafeez, 1 run
Yuvraj to Malik, 1 run
Yuvraj to Hafeez, 1 run
Jadeja to Hafeez, 1 run
Jadeja to Hafeez, no run
Jadeja to Hafeez, no run
Jadeja to Malik, 1 run
Jadeja to Hafeez, 1 run
Jadeja to Malik, 1 run
Yuvraj to Malik, 1 run
Yuvraj to Malik, SIX runs
Yuvraj to Hafeez, 1 run
Yuvraj to Malik, 1 run
Yuvraj to Hafeez, 1 run
Yuvraj to Hafeez, no run
Kohli to Hafeez, 1 run
Kohli to Hafeez, FOUR runs
Kohli to Hafeez, 2 runs
Kohli to Malik, 1 run
Kohli to Hafeez, 1 run
Kohli to Hafeez, FOUR runs
Yuvraj to Malik, no run
Yuvraj to Hafeez, 1 run
Yuvraj to Malik, 1 run
Yuvraj to Hafeez, 1 run
Yuvraj to Malik, 1 run
Yuvraj to Malik, no run
Kohli to Malik, 1 run
Kohli to Malik, FOUR runs
Kohli to Malik, no run
Kohli to Malik, no run
Kohli to Hafeez, 1 run
Kohli to Hafeez, 2 runs
Sharma to Malik, FOUR runs
Sharma to Malik, no run
Sharma to Hafeez, 1 run
Sharma to Malik, 1 run
Sharma to Malik, no run
Sharma to Malik, 2 runs
Bhuvneshwar to Malik, 1 run
Bhuvneshwar to Malik, no run
Bhuvneshwar to Malik, no run
Bhuvneshwar to Malik, no run
Bhuvneshwar to Hafeez, 1 run
Bhuvneshwar to Hafeez, 1 wide
Bhuvneshwar to Hafeez, no run
Sharma to Malik, no run
Sharma to Malik, no run
Sharma to Hafeez, 1 run
Sharma to Hafeez, no run
Sharma to Malik, 1 run
Sharma to Malik, no run
Bhuvneshwar to Hafeez, no run
Bhuvneshwar to Hafeez, no run
Bhuvneshwar to Hafeez, 2 runs
Bhuvneshwar to Hafeez, no run
Bhuvneshwar to Hafeez, no run
Bhuvneshwar to Malik, 1 run
Dinda to Hafeez, no run
Dinda to Hafeez, FOUR runs
Dinda to Hafeez, no run
Dinda to Hafeez, no run
Dinda to Hafeez, no run
Dinda to Hafeez, 1 wide
Dinda to Hafeez, no run
Bhuvneshwar to Umar Akmal, OUT
Bhuvneshwar to Umar Akmal, no run
Bhuvneshwar to Umar Akmal, no run
Bhuvneshwar to Umar Akmal, no run
Bhuvneshwar to Umar Akmal, 1 wide
Bhuvneshwar to Shehzad, OUT
Bhuvneshwar to Shehzad, no run
Dinda to Hafeez, FOUR runs
Dinda to Shehzad, 1 run
Dinda to Shehzad, no run
Dinda to Shehzad, no run
Dinda to Shehzad, FOUR runs
Dinda to Shehzad, no run
Bhuvneshwar to Jamshed, OUT
Bhuvneshwar to Jamshed, no run
Bhuvneshwar to Jamshed, 2 runs
Bhuvneshwar to Jamshed, no run
Bhuvneshwar to Jamshed, no run
Bhuvneshwar to Jamshed, no run
