Southee to Razzak, no run
Southee to Ziaur, 1 run
Southee to Razzak, 1 leg bye
Southee to Ziaur, 1 run
Southee to Ziaur, 1 wide
Southee to Ziaur, no run
Southee to Elias Sunny, OUT
Oram to Ziaur, no run
Oram to Ziaur, no run
Oram to Elias Sunny, 1 run
Oram to Elias Sunny, FOUR runs
Oram to Mortaza, OUT
Oram to Mortaza, FOUR runs
Southee to Ziaur, 2 runs
Southee to Ziaur, no run
Southee to Mortaza, 1 run
Southee to Mortaza, 1 wide
Southee to Nasir, OUT
Southee to Nasir, no run
Southee to Nasir, FOUR runs
Mills to Nasir, 1 run
Mills to Nasir, FOUR runs
Mills to Ziaur, 1 run
Mills to Ziaur, SIX runs
Mills to Ziaur, no run
Mills to Ziaur, 2 runs
Vettori to Nasir, FOUR runs
Vettori to Nasir, no run
Vettori to Ziaur, 1 run
Vettori to Nasir, 1 run
Vettori to Nasir, FOUR runs
Vettori to Nasir, no run
McCullum to Ziaur, no run
McCullum to Ziaur, no run
McCullum to Ziaur, no run
McCullum to Ziaur, no run
McCullum to Mahmudullah, OUT
McCullum to Nasir, 1 run
Oram to Mahmudullah, no run
Oram to Nasir, 1 run
Oram to Nasir, no run
Oram to Nasir, FOUR runs
Oram to Nasir, SIX runs
Oram to Mahmudullah, 1 run
McCullum to Nasir, 2 runs
McCullum to Mahmudullah, 1 run
McCullum to Mahmudullah, no run
McCullum to Mahmudullah, no run
McCullum to Nasir, 1 run
McCullum to Mahmudullah, 1 run
Vettori to Nasir, no run
Vettori to Mahmudullah, 1 run
Vettori to Mahmudullah, SIX runs
Vettori to Nasir, 1 leg bye
Vettori to Mahmudullah, 1 run
Vettori to Nasir, 1 run
McCullum to Nasir, 1 run
McCullum to Nasir, no run
McCullum to Nasir, no run
McCullum to Nasir, 2 runs
McCullum to Mahmudullah, 1 run
McCullum to Nasir, 1 run
Vettori to Nasir, 1 leg bye
Vettori to Nasir, no run
Vettori to Mahmudullah, 1 run
Vettori to Nasir, 3 runs
Vettori to Nasir, 2 runs
Vettori to Nasir, no run
McCullum to Nasir, 1 run
McCullum to Nasir, no run
McCullum to Nasir, 1 wide
McCullum to Mahmudullah, 1 run
McCullum to Nasir, 1 run
McCullum to Nasir, no run
McCullum to Nasir, no run
Vettori to Nasir, 1 run
Vettori to Nasir, FOUR runs
Vettori to Mahmudullah, 1 run
Vettori to Mahmudullah, no run
Vettori to Mahmudullah, no run
Vettori to Mahmudullah, no run
Southee to Nasir, no run
Southee to Nasir, no run
Southee to Ashraful, OUT
Southee to Ashraful, no run
Southee to Ashraful, no run
Southee to Ashraful, no run
Oram to Mahmudullah, no run
Oram to Ashraful, 1 run
Oram to Ashraful, no run
Oram to Ashraful, 2 runs
Oram to Ashraful, no run
Oram to Ashraful, no run
Mills to Mahmudullah, no run
Mills to Ashraful, 1 run
Mills to Mushfiqur, OUT
Mills to Mushfiqur, 2 runs
Mills to Ashraful, 1 run
Mills to Mushfiqur, 1 run
Oram to Ashraful, FOUR runs
Oram to Ashraful, no run
Oram to Ashraful, FOUR runs
Oram to Mushfiqur, 1 run
Oram to Mushfiqur, no run
Oram to Ashraful, 1 run
Mills to Mushfiqur, no run
Mills to Shakib, OUT
Mills to Shakib, FOUR runs
Mills to Shakib, no run
Mills to Ashraful, 1 run
Mills to Ashraful, no run
Southee to Ashraful, 1 run
Southee to Ashraful, no run
Southee to Shakib, 1 run
Southee to Shakib, 1 wide
Southee to Shakib, no run
Southee to Ashraful, 1 run
Southee to Shakib, 1 run
Mills to Ashraful, FOUR runs
Mills to Shakib, 1 run
Mills to Shakib, FOUR runs
Mills to Tamim, OUT
Mills to Tamim, no run
Mills to Tamim, no run
