Razzak to McCullum, OUT
Razzak to McCullum, SIX runs
Razzak to McCullum, 2 runs
Razzak to Taylor, 1 run
Razzak to McCullum, 1 run
Razzak to McCullum, SIX runs
Elias Sunny to McCullum, 1 run
Elias Sunny to McCullum, SIX runs
Elias Sunny to McCullum, FOUR runs
Elias Sunny to McCullum, FOUR runs
Elias Sunny to Taylor, 1 run
Elias Sunny to McCullum, 1 run
Shakib to Taylor, no run
Shakib to Taylor, FOUR runs
Shakib to Taylor, FOUR runs
Shakib to Taylor, 2 runs
Shakib to McCullum, 1 run
Shakib to McCullum, FOUR runs
Shafiul to Taylor, no run
Shafiul to McCullum, 1 run
Shafiul to McCullum, FOUR runs
Shafiul to McCullum, FOUR runs
Shafiul to McCullum, SIX runs
Shafiul to McCullum, no run
Shakib to McCullum, 1 run
Shakib to Taylor, 1 run
Shakib to Taylor, no run
Shakib to McCullum, 1 run
Shakib to Taylor, 1 run
Shakib to McCullum, 1 run
Mortaza to Taylor, no run
Mortaza to McCullum, 1 run
Mortaza to McCullum, 2 runs
Mortaza to McCullum, SIX runs
Mortaza to Taylor, 1 leg bye
Mortaza to Franklin, OUT
Razzak to Franklin, 1 run
Razzak to McCullum, 1 run
Razzak to McCullum, no run
Razzak to Franklin, 1 run
Razzak to Franklin, no run
Razzak to McCullum, 1 run
Ziaur to McCullum, 1 run
Ziaur to McCullum, FOUR runs
Ziaur to Franklin, 1 run
Ziaur to McCullum, 1 run
Ziaur to McCullum, FOUR runs
Ziaur to Franklin, 1 run
Elias Sunny to Franklin, 1 run
Elias Sunny to Franklin, no run
Elias Sunny to Franklin, SIX runs
Elias Sunny to McCullum, 1 run
Elias Sunny to McCullum, FOUR runs
Elias Sunny to Franklin, 1 run
Shakib to McCullum, no run
Shakib to McCullum, SIX runs
Shakib to Franklin, 1 run
Shakib to McCullum, 1 run
Shakib to Franklin, 1 run
Shakib to Franklin, no run
Elias Sunny to Franklin, 1 run
Elias Sunny to Franklin, FOUR runs
Elias Sunny to Franklin, no run
Elias Sunny to McCullum, 1 run
Elias Sunny to McCullum, no run
Elias Sunny to McCullum, no run
Mahmudullah to McCullum, 1 run
Mahmudullah to McCullum, FOUR runs
Mahmudullah to McCullum, 2 runs
Mahmudullah to Franklin, 1 run
Mahmudullah to Franklin, FOUR runs
Mahmudullah to McCullum, 1 run
Shakib to McCullum, 1 run
Shakib to McCullum, SIX runs
Shakib to Franklin, 1 run
Shakib to Franklin, no run
Shakib to Franklin, 2 runs
Shakib to McCullum, 1 run
Shafiul to Franklin, no run
Shafiul to McCullum, 1 run
Shafiul to Franklin, 1 run
Shafiul to Franklin, no run
Shafiul to McCullum, 5 runs
Shafiul to McCullum, FOUR runs
Razzak to Franklin, no run
Razzak to McCullum, 1 run
Razzak to Franklin, 1 run
Razzak to McCullum, 1 run
Razzak to Franklin, 1 run
Razzak to McCullum, 1 run
Mortaza to McCullum, 1 run
Mortaza to McCullum, no run
Mortaza to McCullum, FOUR runs
Mortaza to McCullum, no run
Mortaza to Franklin, 1 leg bye
Mortaza to Franklin, 2 runs
Razzak to Franklin, 1 run
Razzak to McCullum, 1 run
Razzak to McCullum, no run
Razzak to McCullum, no run
Razzak to Guptill, OUT
Razzak to Guptill, 1 wide
Razzak to Guptill, no run
Mortaza to Franklin, no run
Mortaza to Guptill, 1 run
Mortaza to Guptill, no run
Mortaza to Franklin, 1 run
Mortaza to Franklin, no run
Mortaza to Franklin, no run
Shafiul to Franklin, 1 run
Shafiul to Guptill, 1 run
Shafiul to Guptill, no run
Shafiul to Guptill, SIX runs
Shafiul to Guptill, no run
Shafiul to Guptill, no run
Mortaza to Franklin, no run
Mortaza to Guptill, 3 runs
Mortaza to Guptill, 5 wide
Mortaza to Guptill, no run
Mortaza to Guptill, no run
Mortaza to Guptill, no run
Mortaza to Guptill, no run
