Dernbach to Taylor, 1 run
Dernbach to Latham, OUT
Dernbach to Latham, 2 runs
Dernbach to Latham, no run
Dernbach to Latham, FOUR runs
Dernbach to Latham, no run
Stokes to Latham, 1 run
Stokes to Latham, 2 runs
Stokes to Latham, no run
Stokes to Taylor, 1 run
Stokes to Taylor, FOUR runs
Stokes to Latham, 1 run
Wright to Latham, 1 run
Wright to Taylor, 1 run
Wright to Taylor, 2 runs
Wright to Taylor, SIX runs
Wright to Latham, 1 run
Wright to Taylor, 1 run
Dernbach to Latham, SIX runs
Dernbach to Latham, 2 runs
Dernbach to Latham, no run
Dernbach to Taylor, 1 run
Dernbach to Latham, 1 run
Dernbach to Latham, 1 wide
Dernbach to Latham, no run
Wright to Latham, 1 run
Wright to McCullum, OUT
Wright to Taylor, 1 run
Wright to McCullum, 1 run
Wright to Taylor, 1 run
Wright to Taylor, 2 runs
Bopara to McCullum, FOUR runs
Bopara to Taylor, 1 run
Bopara to Taylor, 1 wide
Bopara to McCullum, 1 run
Bopara to McCullum, FOUR runs
Bopara to McCullum, SIX runs
Bopara to McCullum, 5 wide
Bopara to McCullum, no run
Wright to Taylor, FOUR runs
Wright to McCullum, 1 run
Wright to Taylor, 1 run
Wright to Taylor, 2 runs
Wright to Taylor, 2 runs
Wright to McCullum, 1 leg bye
Rankin to McCullum, 1 run
Rankin to Taylor, 1 run
Rankin to Taylor, no run
Rankin to Taylor, no run
Rankin to McCullum, 1 leg bye
Rankin to McCullum, 4 leg byes
Wright to McCullum, 1 run
Wright to Rutherford, OUT
Wright to Rutherford, no run
Wright to Rutherford, no run
Wright to Rutherford, no run
Wright to Rutherford, 2 runs
Stokes to McCullum, 2 runs
Stokes to McCullum, no run
Stokes to McCullum, no run
Stokes to McCullum, 2 runs
Stokes to McCullum, 1 wide
Stokes to McCullum, no run
Stokes to McCullum, FOUR runs
Tredwell to Rutherford, SIX runs
Tredwell to Rutherford, 2 runs
Tredwell to Rutherford, FOUR runs
Tredwell to McCullum, 1 run
Tredwell to McCullum, 2 runs
Tredwell to McCullum, 2 runs
Bopara to McCullum, 1 run
Bopara to McCullum, FOUR runs
Bopara to Rutherford, 1 run
Bopara to McCullum, 1 run
Bopara to Rutherford, 1 run
Bopara to Rutherford, 1 wide
Bopara to Rutherford, no run
Bopara to Rutherford, 1 wide
Tredwell to Rutherford, 1 run
Tredwell to Rutherford, no run
Tredwell to Rutherford, SIX runs
Tredwell to Rutherford, SIX runs
Tredwell to McCullum, 1 run
Tredwell to Rutherford, 1 run
Stokes to Rutherford, 1 run
Stokes to McCullum, 3 runs
Stokes to McCullum, no run
Stokes to McCullum, 2 runs
Stokes to Rutherford, 1 run
Stokes to McCullum, 1 run
Dernbach to McCullum, 1 run
Dernbach to McCullum, no run
Dernbach to McCullum, no run
Dernbach to McCullum, no run
Dernbach to McCullum, FOUR runs
Dernbach to McCullum, no run
Rankin to Rutherford, no run
Rankin to Rutherford, no run
Rankin to McCullum, 1 run
Rankin to McCullum, no run
Rankin to McCullum, SIX runs
Rankin to McCullum, no run
Dernbach to Rutherford, FOUR runs
Dernbach to McCullum, 1 run
Dernbach to McCullum, no run
Dernbach to McCullum, no run
Dernbach to McCullum, 2 runs
Dernbach to Rutherford, 1 run
Rankin to McCullum, no run
Rankin to Rutherford, 1 run
Rankin to Rutherford, FOUR runs
Rankin to Rutherford, no run
Rankin to Rutherford, FOUR runs
Rankin to Rutherford, no run
Woakes to McCullum, FOUR runs
Woakes to Rutherford, 1 run
Woakes to Rutherford, FOUR runs
Woakes to Rutherford, SIX runs
Woakes to Rutherford, no run
Woakes to Rutherford, FOUR runs
Rankin to McCullum, FOUR runs
Rankin to McCullum, no run
Rankin to McCullum, 1 wide
Rankin to Franklin, OUT
Rankin to Rutherford, 1 run
Rankin to Rutherford, no run
Rankin to Rutherford, no run
