Anderson to Bopara, 1 run
Anderson to Stokes, 1 run
Anderson to Bopara, 1 leg bye
Anderson to Stokes, 1 run
Anderson to Stokes, no run
Anderson to Stokes, SIX runs
Butler to Stokes, 1 run
Butler to Bopara, 1 run
Butler to Buttler, OUT
Butler to Bopara, 1 run
Butler to Buttler, 1 leg bye
Butler to Buttler, SIX runs
McCullum to Bopara, 2 runs
McCullum to Bopara, no run
McCullum to Bopara, 2 runs
McCullum to Buttler, 1 run
McCullum to Buttler, 2 runs
McCullum to Buttler, 2 runs
Anderson to Bopara, 2 runs
Anderson to Bopara, SIX runs
Anderson to Bopara, 1 wide
Anderson to Bopara, 2 runs
Anderson to Bopara, FOUR runs
Anderson to Bopara, FOUR runs
Anderson to Bopara, no run
Butler to Buttler, 2 runs
Butler to Buttler, FOUR runs
Butler to Bopara, 1 run
Butler to Buttler, 1 leg bye
Butler to Buttler, no run
Butler to Bopara, 1 run
McClenaghan to Wright, OUT
McClenaghan to Wright, 1 wide
McClenaghan to Wright, no run
McClenaghan to Bopara, 1 run
McClenaghan to Bopara, no run
McClenaghan to Wright, 1 run
McClenaghan to Wright, no run
Butler to Bopara, 2 runs
Butler to Morgan, OUT
Butler to Wright, 1 run
Butler to Morgan, 1 run
Butler to Wright, 1 run
Butler to Wright, FOUR runs
Franklin to Morgan, 2 runs
Franklin to Wright, 1 run
Franklin to Morgan, 1 leg bye
Franklin to Morgan, no run
Franklin to Morgan, no run
Franklin to Morgan, 2 runs
McClenaghan to Wright, FOUR runs
McClenaghan to Morgan, 1 run
McClenaghan to Morgan, no run
McClenaghan to Wright, 1 run
McClenaghan to Wright, no run
McClenaghan to Morgan, 1 run
Hira to Wright, SIX runs
Hira to Wright, 1 wide
Hira to Wright, 2 runs
Hira to Wright, no run
Hira to Hales, OUT
Hira to Wright, 1 run
Hira to Hales, 1 run
McCullum to Hales, 1 run
McCullum to Wright, 1 run
McCullum to Wright, 1 wide
McCullum to Wright, FOUR runs
McCullum to Wright, FOUR runs
McCullum to Wright, no run
McCullum to Wright, 2 runs
Hira to Wright, 1 run
Hira to Hales, 1 run
Hira to Wright, 1 run
Hira to Hales, 1 run
Hira to Hales, FOUR runs
Hira to Hales, no run
Anderson to Wright, 2 runs
Anderson to Hales, 1 leg bye
Anderson to Hales, no run
Anderson to Wright, 1 run
Anderson to Hales, 1 run
Anderson to Wright, 1 run
Hira to Wright, 1 run
Hira to Hales, 1 run
Hira to Wright, 1 run
Hira to Wright, FOUR runs
Hira to Hales, 1 run
Hira to Wright, 1 run
Anderson to Hales, no run
Anderson to Hales, no run
Anderson to Hales, FOUR runs
Anderson to Hales, 2 runs
Anderson to Wright, 1 run
Anderson to Wright, no run
Hira to Hales, no run
Hira to Wright, 1 run
Hira to Hales, 1 run
Hira to Hales, no run
Hira to Hales, no run
Hira to Hales, FOUR runs
McCullum to Wright, no run
McCullum to Wright, FOUR runs
McCullum to Lumb, OUT
McCullum to Lumb, SIX runs
McCullum to Hales, 1 run
McCullum to Hales, FOUR runs
McClenaghan to Lumb, FOUR runs
McClenaghan to Lumb, FOUR runs
McClenaghan to Hales, 1 leg bye
McClenaghan to Hales, (no ball) FOUR runs
McClenaghan to Hales, SIX runs
McClenaghan to Lumb, 1 run
McClenaghan to Lumb, FOUR runs
Butler to Lumb, 3 runs
Butler to Lumb, no run
Butler to Hales, 1 leg bye
Butler to Lumb, 1 leg bye
Butler to Lumb, SIX runs
Butler to Lumb, no run
McClenaghan to Hales, no run
McClenaghan to Hales, 2 runs
McClenaghan to Lumb, 1 run
McClenaghan to Lumb, no run
McClenaghan to Lumb, no run
McClenaghan to Lumb, no run
