Arafat to Nasir, OUT
Arafat to Nasir, FOUR runs
Arafat to Ziaur, 1 run
Arafat to Shakib, OUT
Arafat to Nasir, 1 run
Arafat to Shakib, 1 run
Ajmal to Nasir, FOUR runs
Ajmal to Shakib, 1 run
Ajmal to Nasir, 1 leg bye
Ajmal to Shakib, 3 runs
Ajmal to Shakib, 2 runs
Ajmal to Nasir, 1 run
Umar Gul to Shakib, FOUR runs
Umar Gul to Shakib, FOUR runs
Umar Gul to Shakib, 2 runs
Umar Gul to Shakib, no run
Umar Gul to Shakib, no run
Umar Gul to Shakib, FOUR runs
Ajmal to Shakib, 1 run
Ajmal to Nasir, 1 run
Ajmal to Shakib, 1 run
Ajmal to Nasir, 1 run
Ajmal to Nasir, 2 runs
Ajmal to Nasir, no run
Afridi to Nasir, 1 run
Afridi to Nasir, no run
Afridi to Shakib, 1 run
Afridi to Nasir, 1 run
Afridi to Mahmudullah, OUT
Afridi to Mahmudullah, no run
Arafat to Shakib, no run
Arafat to Shakib, FOUR runs
Arafat to Mushfiqur, OUT
Arafat to Shakib, 1 run
Arafat to Shakib, no run
Arafat to Mushfiqur, 1 run
Afridi to Mushfiqur, 1 run
Afridi to Shakib, 1 run
Afridi to Mushfiqur, 1 run
Afridi to Mushfiqur, FOUR runs
Afridi to Mushfiqur, 1 wide
Afridi to Mushfiqur, no run
Afridi to Shakib, 1 run
Arafat to Mushfiqur, no run
Arafat to Shakib, 1 run
Arafat to Shakib, SIX runs
Arafat to Shakib, FOUR runs
Arafat to Shakib, no run
Arafat to Mushfiqur, 1 run
Ajmal to Shakib, no run
Ajmal to Mushfiqur, 1 leg bye
Ajmal to Shakib, 1 run
Ajmal to Mushfiqur, 1 run
Ajmal to Shakib, 1 run
Ajmal to Shakib, no run
Umar Gul to Mushfiqur, no run
Umar Gul to Shakib, 1 run
Umar Gul to Shakib, FOUR runs
Umar Gul to Shakib, SIX runs
Umar Gul to Mushfiqur, 1 run
Umar Gul to Mushfiqur, no run
Ajmal to Shakib, FOUR runs
Ajmal to Shakib, FOUR runs
Ajmal to Shakib, 2 runs
Ajmal to Shakib, no run
Ajmal to Mushfiqur, 1 run
Ajmal to Shakib, 1 run
Afridi to Mushfiqur, no run
Afridi to Shakib, 1 run
Afridi to Shakib, no run
Afridi to Mushfiqur, 3 runs
Afridi to Mushfiqur, no run
Afridi to Mushfiqur, no run
Hafeez to Shakib, no run
Hafeez to Mushfiqur, 1 run
Hafeez to Mushfiqur, no run
Hafeez to Mushfiqur, SIX runs
Hafeez to Mushfiqur, 2 runs
Hafeez to Mushfiqur, no run
Afridi to Shakib, no run
Afridi to Shakib, no run
Afridi to Mushfiqur, 1 run
Afridi to Mushfiqur, 1 wide
Afridi to Shakib, 1 run
Afridi to Mushfiqur, 1 run
Afridi to Mushfiqur, no run
Tanvir to Shakib, no run
Tanvir to Shakib, OUT
Tanvir to Shakib, FOUR runs
Tanvir to Shakib, FOUR runs
Tanvir to Shakib, FOUR runs
Tanvir to Shakib, no run
Hafeez to Shakib, 1 run
Hafeez to Tamim, 1 run
Hafeez to Shakib, 1 run
Hafeez to Tamim, 1 run
Hafeez to Tamim, FOUR runs
Hafeez to Tamim, FOUR runs
Tanvir to Shakib, no run
Tanvir to Shakib, 2 runs
Tanvir to Shakib, no run
Tanvir to Shakib, no run
Tanvir to Shakib, 1 wide
Tanvir to Ashraful, OUT
Tanvir to Ashraful, FOUR runs
Umar Gul to Tamim, FOUR runs
Umar Gul to Tamim, FOUR runs
Umar Gul to Tamim, no run
Umar Gul to Tamim, no run
Umar Gul to Tamim, 5 wide
Umar Gul to Tamim, FOUR runs
Umar Gul to Tamim, no run
Tanvir to Ashraful, no run
Tanvir to Ashraful, no run
Tanvir to Ashraful, no run
Tanvir to Ashraful, no run
Tanvir to Ashraful, no run
Tanvir to Ashraful, FOUR runs
Tanvir to Tamim, (no ball) 1 run
Hafeez to Ashraful, no run
Hafeez to Ashraful, 2 runs
Hafeez to Ashraful, FOUR runs
Hafeez to Ashraful, no run
Hafeez to Ashraful, no run
Hafeez to Tamim, 1 run
