Shafiul to Kamran, FOUR runs
Shafiul to Kamran, 1 wide
Shafiul to Kamran, no run
Shafiul to Jamshed, 1 run
Shafiul to Kamran, 1 run
Razzak to Kamran, 1 run
Razzak to Kamran, no run
Razzak to Kamran, no run
Razzak to Jamshed, 1 run
Razzak to Kamran, 1 run
Razzak to Jamshed, 1 run
Mahmudullah to Kamran, FOUR runs
Mahmudullah to Jamshed, 1 leg bye
Mahmudullah to Jamshed, SIX runs
Mahmudullah to Jamshed, FOUR runs
Mahmudullah to Kamran, 1 run
Mahmudullah to Jamshed, 1 run
Abul Hasan to Kamran, no run
Abul Hasan to Kamran, FOUR runs
Abul Hasan to Kamran, FOUR runs
Abul Hasan to Jamshed, 1 run
Abul Hasan to Jamshed, SIX runs
Abul Hasan to Jamshed, FOUR runs
Shakib to Kamran, no run
Shakib to Jamshed, 1 run
Shakib to Kamran, 1 run
Shakib to Jamshed, 1 run
Shakib to Kamran, 1 run
Shakib to Jamshed, 1 run
Abul Hasan to Hafeez, OUT
Abul Hasan to Jamshed, 1 run
Abul Hasan to Hafeez, 1 run
Abul Hasan to Imran Nazir, OUT
Abul Hasan to Imran Nazir, 2 runs
Abul Hasan to Imran Nazir, FOUR runs
Shakib to Hafeez, no run
Shakib to Imran Nazir, 1 run
Shakib to Hafeez, 1 run
Shakib to Imran Nazir, 1 run
Shakib to Imran Nazir, 2 runs
Shakib to Hafeez, 1 run
Razzak to Hafeez, 1 run
Razzak to Imran Nazir, 1 run
Razzak to Hafeez, 1 run
Razzak to Hafeez, FOUR runs
Razzak to Hafeez, FOUR runs
Razzak to Hafeez, no run
Mahmudullah to Hafeez, 1 leg bye
Mahmudullah to Hafeez, no run
Mahmudullah to Imran Nazir, 1 run
Mahmudullah to Imran Nazir, FOUR runs
Mahmudullah to Hafeez, 1 run
Mahmudullah to Hafeez, 2 runs
Shakib to Imran Nazir, no run
Shakib to Hafeez, 1 run
Shakib to Hafeez, no run
Shakib to Imran Nazir, 1 run
Shakib to Imran Nazir, SIX runs
Shakib to Imran Nazir, no run
Abul Hasan to Hafeez, no run
Abul Hasan to Hafeez, 2 runs
Abul Hasan to Hafeez, no run
Abul Hasan to Imran Nazir, 1 bye
Abul Hasan to Imran Nazir, FOUR runs
Abul Hasan to Imran Nazir, no run
Razzak to Hafeez, no run
Razzak to Imran Nazir, 1 run
Razzak to Imran Nazir, 2 runs
Razzak to Imran Nazir, FOUR runs
Razzak to Hafeez, 1 run
Razzak to Imran Nazir, 1 run
Shakib to Imran Nazir, 1 run
Shakib to Hafeez, 1 run
Shakib to Hafeez, 1 wide
Shakib to Hafeez, no run
Shakib to Hafeez, no run
Shakib to Imran Nazir, 1 run
Shakib to Imran Nazir, no run
Razzak to Imran Nazir, 1 run
Razzak to Imran Nazir, FOUR runs
Razzak to Hafeez, 1 run
Razzak to Hafeez, no run
Razzak to Hafeez, no run
Razzak to Hafeez, no run
Mortaza to Imran Nazir, SIX runs
Mortaza to Imran Nazir, FOUR runs
Mortaza to Imran Nazir, no run
Mortaza to Hafeez, 1 run
Mortaza to Hafeez, FOUR runs
Mortaza to Hafeez, no run
Shafiul to Imran Nazir, SIX runs
Shafiul to Imran Nazir, FOUR runs
Shafiul to Imran Nazir, 5 wide
Shafiul to Imran Nazir, FOUR runs
Shafiul to Hafeez, 1 run
Shafiul to Hafeez, no run
Shafiul to Hafeez, no run
Mortaza to Imran Nazir, no run
Mortaza to Hafeez, 1 run
Mortaza to Hafeez, no run
Mortaza to Hafeez, no run
Mortaza to Hafeez, FOUR runs
Mortaza to Hafeez, no run
Shafiul to Imran Nazir, FOUR runs
Shafiul to Imran Nazir, no run
Shafiul to Hafeez, 1 run
Shafiul to Hafeez, 2 runs
Shafiul to Hafeez, no run
Shafiul to Imran Nazir, 1 run
Mortaza to Imran Nazir, 1 run
Mortaza to Hafeez, 1 run
Mortaza to Hafeez, no run
Mortaza to Hafeez, FOUR runs
Mortaza to Hafeez, no run
Mortaza to Hafeez, FOUR runs
