Southee to Afridi, OUT
Southee to Afridi, FOUR runs
Southee to Afridi, 1 wide
Southee to Afridi, 2 runs
Southee to Afridi, no run
Southee to Malik, 1 run
Southee to Malik, FOUR runs
Oram to Afridi, 2 runs
Oram to Afridi, FOUR runs
Oram to Umar Akmal, OUT
Oram to Umar Akmal, SIX runs
Oram to Umar Akmal, FOUR runs
Oram to Malik, 1 run
Southee to Umar Akmal, no run
Southee to Umar Akmal, no run
Southee to Umar Akmal, no run
Southee to Malik, 1 run
Southee to Umar Akmal, 1 run
Southee to Malik, 1 run
Mills to Umar Akmal, no run
Mills to Malik, 1 run
Mills to Umar Akmal, 1 run
Mills to Umar Akmal, no run
Mills to Umar Akmal, FOUR runs
Mills to Umar Akmal, FOUR runs
