Ajmal to Mills, no run
Ajmal to McCullum, OUT
Ajmal to McCullum, FOUR runs
Ajmal to Southee, OUT
Ajmal to Southee, no run
Ajmal to McCullum, 1 run
Umar Gul to McCullum, 1 leg bye
Umar Gul to Southee, 1 run
Umar Gul to Taylor, 1 run, OUT
Umar Gul to Taylor, FOUR runs
Umar Gul to Taylor, FOUR runs
Umar Gul to Taylor, FOUR runs
Tanvir to Taylor, 1 run
Tanvir to Franklin, OUT
Tanvir to Taylor, 1 run
Tanvir to Franklin, 1 run
Tanvir to Franklin, FOUR runs
Tanvir to Franklin, SIX runs
Ajmal to Taylor, SIX runs
Ajmal to Franklin, 1 run
Ajmal to Taylor, 1 run
Ajmal to Franklin, 1 run
Ajmal to Oram, OUT
Ajmal to Taylor, 1 run
Umar Gul to Oram, FOUR runs
Umar Gul to Oram, FOUR runs
Umar Gul to Oram, 2 runs
Umar Gul to Taylor, 1 run
Umar Gul to Taylor, 2 runs
Umar Gul to McCullum, OUT
Ajmal to Oram, no run
Ajmal to McCullum, 1 leg bye
Ajmal to McCullum, FOUR runs
Ajmal to Oram, 1 run
Ajmal to Oram, no run
Ajmal to Vettori, OUT
Hafeez to McCullum, SIX runs
Hafeez to Vettori, 1 run
Hafeez to Vettori, 2 runs
Hafeez to Vettori, no run
Hafeez to McCullum, 1 run
Hafeez to McCullum, no run
Afridi to McCullum, 1 run
Afridi to McCullum, 1 wide
Afridi to McCullum, no run
Afridi to Vettori, 1 run
Afridi to Vettori, FOUR runs
Afridi to McCullum, 1 run
Afridi to Vettori, 1 run
Ajmal to McCullum, FOUR runs
Ajmal to McCullum, FOUR runs
Ajmal to Vettori, 1 run
Ajmal to McCullum, 1 run
Ajmal to McCullum, no run
Ajmal to McCullum, no run
Afridi to Vettori, 2 runs
Afridi to Vettori, no run
Afridi to Vettori, 2 runs
Afridi to McCullum, 1 run
Afridi to Vettori, 1 run
Afridi to McCullum, 1 run
Hafeez to Vettori, no run
Hafeez to McCullum, 1 leg bye
Hafeez to McCullum, no run
Hafeez to Vettori, 1 run
Hafeez to McCullum, 1 run
Hafeez to Vettori, 1 run
Afridi to McCullum, no run
Afridi to McCullum, FOUR runs
Afridi to McCullum, no run
Afridi to Vettori, 1 run
Afridi to McCullum, 1 run
Afridi to McCullum, no run
Afridi to McCullum, 1 wide
Hafeez to McCullum, 1 run
Hafeez to McCullum, no run
Hafeez to McCullum, no run
Hafeez to McCullum, no run
Hafeez to McCullum, OUT
Hafeez to McCullum, no run
Afridi to Williamson, no run
Afridi to McCullum, 1 run
Afridi to Nicol, OUT
Afridi to Williamson, 1 run
Afridi to Williamson, FOUR runs
Afridi to Nicol, 1 run
Umar Gul to Nicol, 1 run
Umar Gul to Nicol, 2 runs
Umar Gul to Williamson, 1 run
Umar Gul to Nicol, 1 run
Umar Gul to Nicol, no run
Umar Gul to Nicol, FOUR runs
Arafat to Nicol, 1 run
Arafat to Nicol, FOUR runs
Arafat to Nicol, 1 wide
Arafat to Nicol, FOUR runs
Arafat to Williamson, 1 run
Arafat to Nicol, 1 run
Arafat to Nicol, no run
Tanvir to Williamson, FOUR runs
Tanvir to Williamson, no run
Tanvir to Nicol, 1 run
Tanvir to Nicol, no run
Tanvir to Nicol, 2 runs
Tanvir to Williamson, 1 run
Umar Gul to Nicol, no run
Umar Gul to Williamson, 1 run
Umar Gul to Nicol, 1 leg bye
Umar Gul to Williamson, 1 run
Umar Gul to Nicol, 1 leg bye
Umar Gul to Nicol, 1 wide
Umar Gul to Nicol, no run
Tanvir to Nicol, 1 run
Tanvir to Nicol, 1 wide
Tanvir to Williamson, 1 run
Tanvir to Williamson, no run
Tanvir to Nicol, 1 run
Tanvir to Nicol, SIX runs
Tanvir to Nicol, 2 runs
Hafeez to Williamson, no run
Hafeez to Nicol, 1 run
Hafeez to Nicol, no run
Hafeez to Nicol, no run
Hafeez to Nicol, no run
Hafeez to Nicol, no run
