Butler to Abdur, OUT
Butler to Salman Butt, 1 bye
Butler to Salman Butt, FOUR runs
Butler to Salman Butt, no run
Butler to Salman Butt, FOUR runs
Butler to Salman Butt, no run
Mills to Salman Butt, 1 run
Mills to Abdur, 1 run
Mills to Salman Butt, 1 run
Mills to Abdur, 1 run
Mills to Salman Butt, 1 run
Mills to Salman Butt, SIX runs
McCullum to Salman Butt, 1 run
McCullum to Abdul Razzaq, OUT
McCullum to Abdul Razzaq, no run
McCullum to Salman Butt, 1 run
McCullum to Abdul Razzaq, 1 run
McCullum to Salman Butt, 1 run
Bond to Abdul Razzaq, SIX runs
Bond to Abdul Razzaq, no run
Bond to Abdul Razzaq, no run
Bond to Abdul Razzaq, no run
Bond to Abdul Razzaq, no run
Bond to Salman Butt, 1 run
McCullum to Salman Butt, 1 run
McCullum to Abdul Razzaq, 1 run
McCullum to Salman Butt, 1 run
McCullum to Salman Butt, no run
McCullum to Salman Butt, FOUR runs
McCullum to Salman Butt, no run
Vettori to Abdul Razzaq, SIX runs
Vettori to Abdul Razzaq, no run
Vettori to Abdul Razzaq, FOUR runs
Vettori to Abdul Razzaq, SIX runs
Vettori to Abdul Razzaq, no run
Vettori to Abdul Razzaq, no run
McCullum to Abdul Razzaq, 1 run
McCullum to Abdul Razzaq, no run
McCullum to Abdul Razzaq, no run
McCullum to Abdul Razzaq, no run
McCullum to Salman Butt, 1 run
McCullum to Salman Butt, 2 runs
Bond to Abdul Razzaq, no run
Bond to Salman Butt, 1 run
Bond to Abdul Razzaq, 1 run
Bond to Abdul Razzaq, 1 wide
Bond to Salman Butt, 1 run
Bond to Salman Butt, FOUR runs
Bond to Salman Butt, no run
McCullum to Abdul Razzaq, no run
McCullum to Salman Butt, 1 run
McCullum to Abdul Razzaq, 1 run
McCullum to Abdul Razzaq, no run
McCullum to Salman Butt, 1 run
McCullum to Abdul Razzaq, 1 run
Vettori to Abdul Razzaq, 1 run
Vettori to Abdul Razzaq, no run
Vettori to Abdul Razzaq, 1 wide
Vettori to Abdul Razzaq, no run
Vettori to Salman Butt, 1 leg bye
Vettori to Salman Butt, no run
Vettori to Salman Butt, no run
Butler to Abdul Razzaq, no run
Butler to Salman Butt, 1 run
Butler to Afridi, OUT
Butler to Salman Butt, 1 run
Butler to Afridi, 1 run
Butler to Salman Butt, 1 run
Vettori to Afridi, no run
Vettori to Afridi, 2 runs
Vettori to Salman Butt, 1 run
Vettori to Afridi, 1 run
Vettori to Salman Butt, 1 run
Vettori to Afridi, 1 run
Butler to Afridi, 1 run
Butler to Afridi, FOUR runs
Butler to Salman Butt, 1 run
Butler to Salman Butt, no run
Butler to Afridi, 1 run
Butler to Misbah, OUT
Vettori to Salman Butt, no run
Vettori to Misbah, 1 run
Vettori to Salman Butt, 1 run
Vettori to Salman Butt, FOUR runs
Vettori to Salman Butt, no run
Vettori to Misbah, 1 run
Mills to Salman Butt, FOUR runs
Mills to Salman Butt, no run
Mills to Salman Butt, no run
Mills to Salman Butt, FOUR runs
Mills to Salman Butt, no run
Mills to Salman Butt, no run
Butler to Misbah, no run
Butler to Misbah, no run
Butler to Misbah, no run
Butler to Misbah, no run
Butler to Misbah, no run
Butler to Misbah, no run
Mills to Misbah, 1 run
Mills to Misbah, no run
Mills to Misbah, no run
Mills to Misbah, no run
Mills to Misbah, 1 wide
Mills to Umar Akmal, OUT
Mills to Salman Butt, 1 run
Bond to Hafeez, OUT
Bond to Hafeez, FOUR runs
Bond to Hafeez, FOUR runs
Bond to Hafeez, no run
Bond to Salman Butt, 1 run
Bond to Salman Butt, no run
Mills to Kamran, OUT
Mills to Salman Butt, 1 run
Mills to Salman Butt, FOUR runs
Mills to Kamran, (no ball) 1 run
Mills to Kamran, 1 wide
Mills to Salman Butt, 1 run
Mills to Kamran, 1 run
Mills to Salman Butt, 1 run
Bond to Kamran, no run
Bond to Kamran, no run
Bond to Salman Butt, 1 run
Bond to Kamran, 1 run
Bond to Kamran, 2 runs
Bond to Kamran, no run
