Ajmal to McCullum, SIX runs
Ajmal to McCullum, 1 run, OUT
Ajmal to McCullum, no run
Ajmal to McCullum, no run
Ajmal to Vettori, 1 run
Ajmal to Vettori, 2 runs
Ajmal to Vettori, 1 wide
Amir to McCullum, 2 runs
Amir to McCullum, no run
Amir to McCullum, 2 runs
Amir to McCullum, no run
Amir to Vettori, 1 run
Amir to Vettori, (no ball)
Amir to Vettori, 2 runs
Ajmal to Vettori, 1 run
Ajmal to Vettori, SIX runs
Ajmal to Vettori, no run
Ajmal to McCullum, 1 run
Ajmal to Vettori, 1 run
Ajmal to Vettori, no run
Afridi to Vettori, 1 run
Afridi to Vettori, no run
Afridi to Hopkins, OUT
Afridi to Hopkins, no run
Afridi to Hopkins, no run
Afridi to Vettori, 1 run
Ajmal to Hopkins, no run
Ajmal to Vettori, 1 run
Ajmal to Vettori, no run
Ajmal to Vettori, 2 runs
Ajmal to Vettori, no run
Ajmal to Hopkins, 1 run
Afridi to Hopkins, 1 run
Afridi to Hopkins, no run
Afridi to Styris, OUT
Afridi to Styris, no run
Afridi to Styris, FOUR runs
Afridi to Styris, SIX runs
Ajmal to Vettori, no run
Ajmal to Vettori, no run
Ajmal to Styris, 1 run
Ajmal to Vettori, 1 run
Ajmal to Styris, 1 run
Ajmal to Styris, no run
Afridi to Styris, 1 run
Afridi to Vettori, 1 run
Afridi to Vettori, SIX runs
Afridi to Vettori, no run
Afridi to Vettori, 1 wide
Afridi to Styris, 1 run
Afridi to Vettori, 1 run
Hafeez to Styris, no run
Hafeez to Vettori, 1 run
Hafeez to Styris, 1 run
Hafeez to Vettori, 1 run
Hafeez to Vettori, no run
Hafeez to Vettori, FOUR runs
Afridi to Styris, 2 runs
Afridi to Vettori, 1 leg bye
Afridi to Styris, 1 run
Afridi to Vettori, 1 run
Afridi to Styris, 1 run
Afridi to Styris, no run
Sami to Vettori, no run
Sami to Styris, 1 run
Sami to Vettori, 1 run
Sami to Styris, 1 run
Sami to Taylor, OUT
Sami to Vettori, 1 run
Abdur to Taylor, no run
Abdur to Taylor, no run
Abdur to Taylor, 1 wide
Abdur to Vettori, 1 run
Abdur to McCullum, OUT
Abdur to McCullum, FOUR runs
Abdur to McCullum, 2 runs
Hafeez to Taylor, no run
Hafeez to McCullum, 1 run
Hafeez to McCullum, no run
Hafeez to Taylor, 1 run
Hafeez to McCullum, 1 run
Hafeez to McCullum, no run
Abdur to McCullum, 1 run
Abdur to Taylor, 1 run
Abdur to McCullum, 1 run
Abdur to Taylor, 1 run
Abdur to McCullum, 1 run
Abdur to Guptill, OUT
Hafeez to Guptill, 1 run
Hafeez to Guptill, no run
Hafeez to Guptill, no run
Hafeez to Guptill, no run
Hafeez to Guptill, no run
Hafeez to Guptill, no run
Abdur to McCullum, FOUR runs
Abdur to McCullum, no run
Abdur to McCullum, no run
Abdur to Guptill, 1 run
Abdur to Guptill, no run
Abdur to Guptill, no run
Abdur to Guptill, 1 wide
Sami to McCullum, no run
Sami to Ryder, OUT
Sami to Ryder, no run
Sami to McCullum, 1 run
Sami to McCullum, FOUR runs
Sami to McCullum, FOUR runs
Amir to Ryder, 2 runs
Amir to McCullum, 1 run
Amir to Ryder, 1 run
Amir to Ryder, no run
Amir to McCullum, 1 run
Amir to McCullum, no run
Sami to Ryder, no run
Sami to Ryder, 1 wide
Sami to McCullum, 1 leg bye
Sami to McCullum, no run
Sami to McCullum, 5 wide
Sami to McCullum, FOUR runs
Sami to McCullum, no run
Sami to McCullum, 2 runs
Amir to Ryder, FOUR runs
Amir to Ryder, 1 wide
Amir to Ryder, no run
Amir to McCullum, 1 run
Amir to McCullum, no run
Amir to McCullum, no run
Amir to McCullum, no run
Amir to McCullum, 1 wide
