Watson to Malik, FOUR runs
Watson to Malik, no run
Watson to Malik, no run
Watson to Malik, no run
Watson to Malik, 2 runs
White to Kamran, 2 runs
White to Kamran, 2 runs
White to Kamran, FOUR runs
White to Kamran, 2 runs
White to Malik, 1 run
White to Kamran, 1 run
Watson to Malik, no run
Watson to Kamran, 1 run
Watson to Kamran, no run
Watson to Kamran, no run
Watson to Kamran, no run
Watson to Malik, 1 run
Doherty to Malik, 1 run
Doherty to Malik, no run
Doherty to Malik, no run
Doherty to Malik, no run
Doherty to Malik, no run
Doherty to Kamran, 1 run
Watson to Malik, no run
Watson to Imran Nazir, OUT
Watson to Imran Nazir, no run
Watson to Imran Nazir, no run
Watson to Imran Nazir, no run
Watson to Kamran, 1 run
Maxwell to Kamran, 1 run
Maxwell to Kamran, SIX runs
Maxwell to Kamran, FOUR runs
Maxwell to Kamran, no run
Maxwell to Kamran, FOUR runs
Maxwell to Kamran, no run
Cummins to Kamran, 1 run
Cummins to Kamran, 1 wide
Cummins to Kamran, no run
Cummins to Kamran, no run
Cummins to Kamran, no run
Cummins to Kamran, no run
Cummins to Kamran, no run
Doherty to Imran Nazir, no run
Doherty to Kamran, 1 run
Doherty to Imran Nazir, 1 run
Doherty to Imran Nazir, no run
Doherty to Imran Nazir, FOUR runs
Doherty to Imran Nazir, no run
Hilfenhaus to Jamshed, OUT
Hilfenhaus to Imran Nazir, 1 run
Hilfenhaus to Jamshed, 1 run
Hilfenhaus to Jamshed, no run
Hilfenhaus to Jamshed, FOUR runs
Hilfenhaus to Jamshed, no run
Doherty to Imran Nazir, no run
Doherty to Imran Nazir, 2 runs
Doherty to Jamshed, 1 run
Doherty to Jamshed, no run
Doherty to Jamshed, no run
Doherty to Imran Nazir, 1 run
Cummins to Jamshed, FOUR runs
Cummins to Jamshed, no run
Cummins to Hafeez, OUT
Cummins to Hafeez, no run
Cummins to Hafeez, no run
Cummins to Hafeez, FOUR runs
Hilfenhaus to Imran Nazir, FOUR runs
Hilfenhaus to Imran Nazir, no run
Hilfenhaus to Imran Nazir, no run
Hilfenhaus to Imran Nazir, no run
Hilfenhaus to Hafeez, 3 runs
Hilfenhaus to Hafeez, no run
Cummins to Imran Nazir, no run
Cummins to Imran Nazir, no run
Cummins to Imran Nazir, no run
Cummins to Hafeez, 1 run
Cummins to Imran Nazir, 1 run
Cummins to Imran Nazir, 2 runs
Hilfenhaus to Hafeez, no run
Hilfenhaus to Hafeez, no run
Hilfenhaus to Hafeez, FOUR runs
Hilfenhaus to Hafeez, no run
Hilfenhaus to Imran Nazir, 1 run
Hilfenhaus to Imran Nazir, no run
Maxwell to Hafeez, no run
Maxwell to Hafeez, 2 runs
Maxwell to Hafeez, no run
Maxwell to Imran Nazir, 1 run
Maxwell to Imran Nazir, FOUR runs
Maxwell to Hafeez, 3 runs
