Tanvir to Hilfenhaus, OUT
Tanvir to Doherty, 1 run
Tanvir to Cummins, OUT
Umar Gul to Cummins, 1 run
Umar Gul to Cummins, no run
Umar Gul to Doherty, 1 run
Umar Gul to Doherty, no run
Umar Gul to Cummins, 1 leg bye
Umar Gul to Doherty, 1 run
Ajmal to Doherty, 1 run
Ajmal to Doherty, no run
Ajmal to Doherty, 2 runs
Ajmal to Doherty, no run
Ajmal to White, OUT
Ajmal to Maxwell, OUT
Umar Gul to Maxwell, 1 leg bye
Umar Gul to White, 1 run
Umar Gul to Maxwell, 1 run
Umar Gul to Maxwell, 2 runs
Umar Gul to White, 1 run
Umar Gul to Maxwell, 1 leg bye
Raza Hasan to Maxwell, 1 run
Raza Hasan to Maxwell, no run
Raza Hasan to White, 1 run
Raza Hasan to Wade, OUT
Raza Hasan to White, 1 run
Raza Hasan to White, no run
Ajmal to White, 1 run
Ajmal to Wade, 1 run
Ajmal to White, 1 run
Ajmal to White, no run
Ajmal to White, no run
Ajmal to Wade, 1 run
Raza Hasan to Wade, 1 run
Raza Hasan to Wade, 1 wide
Raza Hasan to White, 1 run
Raza Hasan to Wade, 1 run
Raza Hasan to White, 1 run
Raza Hasan to Wade, 1 run
Raza Hasan to White, 1 run
Ajmal to White, 1 run
Ajmal to White, 1 wide
Ajmal to White, no run
Ajmal to White, 2 runs
Ajmal to White, no run
Ajmal to White, no run
Ajmal to White, no run
Malik to Wade, no run
Malik to White, 1 run
Malik to Wade, 1 leg bye
Malik to Wade, no run
Malik to Wade, no run
Malik to Wade, no run
Hafeez to Wade, 1 run
Hafeez to Wade, no run
Hafeez to White, 1 run
Hafeez to Bailey, OUT
Hafeez to Bailey, no run
Hafeez to White, 1 run
Raza Hasan to Bailey, no run
Raza Hasan to Bailey, no run
Raza Hasan to Bailey, no run
Raza Hasan to Hussey, OUT
Raza Hasan to Bailey, 1 run
Raza Hasan to Hussey, 1 run
Hafeez to Hussey, 1 run
Hafeez to Bailey, 1 run
Hafeez to Hussey, 1 run
Hafeez to Warner, OUT
Hafeez to Bailey, 1 run
Hafeez to Warner, 3 runs
Raza Hasan to Warner, 1 run
Raza Hasan to Bailey, 1 run
Raza Hasan to Bailey, no run
Raza Hasan to Warner, 1 leg bye
Raza Hasan to Bailey, 1 run
Raza Hasan to Bailey, no run
Hafeez to Warner, no run
Hafeez to Bailey, 3 runs
Hafeez to Warner, 1 run
Hafeez to Bailey, 1 run
Hafeez to Warner, 1 run
Hafeez to Warner, no run
Ajmal to Warner, 1 run
Ajmal to Warner, no run
Ajmal to Warner, no run
Ajmal to Warner, no run
Ajmal to Warner, no run
Ajmal to Bailey, 1 run
Umar Gul to Warner, 2 runs
Umar Gul to Warner, no run
Umar Gul to Warner, 2 runs
Umar Gul to Bailey, 3 runs
Umar Gul to Bailey, no run
Umar Gul to Bailey, no run
Tanvir to Warner, FOUR runs
Tanvir to Warner, no run
Tanvir to Warner, FOUR runs
Tanvir to Bailey, 1 run
Tanvir to Bailey, 1 wide
Tanvir to Hussey, OUT
Tanvir to Hussey, no run
Umar Gul to Hussey, 1 run
Umar Gul to Watson, OUT
Umar Gul to Watson, no run
Umar Gul to Watson, no run
Umar Gul to Watson, no run
Umar Gul to Warner, 1 run
Tanvir to Watson, no run
Tanvir to Warner, 1 run
Tanvir to Warner, no run
Tanvir to Warner, no run
Tanvir to Watson, 1 run
Tanvir to Warner, 1 leg bye
Hafeez to Watson, no run
Hafeez to Watson, no run
Hafeez to Watson, 2 runs
Hafeez to Watson, FOUR runs
Hafeez to Warner, 1 run
Hafeez to Watson, 1 run
