Watson to Woakes, 1 run
Watson to Woakes, 2 runs
Watson to Shahzad, 1 leg bye
Watson to Shahzad, no run
Watson to Shahzad, no run
Watson to Swann, OUT
Lee to Swann, 3 runs
Lee to Woakes, 1 run
Lee to Woakes, FOUR runs
Lee to Swann, 1 run
Lee to Woakes, 1 run
Lee to Swann, 1 run
Watson to Woakes, no run
Watson to Swann, 1 run
Watson to Woakes, 1 run
Watson to Bresnan, OUT
Watson to Woakes, 1 run
Watson to Bresnan, 1 run
Tait to Woakes, no run
Tait to Woakes, no run
Tait to Bresnan, 1 leg bye
Tait to Woakes, 1 run
Tait to Woakes, SIX runs
Tait to Woakes, no run
Watson to Bresnan, no run
Watson to Woakes, 1 run
Watson to Woakes, no run
Watson to Yardy, OUT
Watson to Morgan, OUT
Watson to Bresnan, 1 run
Johnson to Bresnan, 3 runs
Johnson to Morgan, 1 run
Johnson to Morgan, 2 runs
Johnson to Morgan, 2 runs
Johnson to Morgan, 2 runs
Johnson to Morgan, no run
Hussey to Bresnan, no run
Hussey to Morgan, 1 run
Hussey to Morgan, FOUR runs
Hussey to Morgan, FOUR runs
Hussey to Bresnan, 1 run
Hussey to Bresnan, no run
Tait to Bresnan, 1 run
Tait to Bresnan, FOUR runs
Tait to Wright, OUT
Tait to Morgan, 1 run
Tait to Morgan, FOUR runs
Tait to Morgan, no run
Hussey to Wright, no run
Hussey to PD Collingwood, OUT
Hussey to Morgan, 1 run
Hussey to PD Collingwood, 1 run
Hussey to Morgan, 1 run
Hussey to PD Collingwood, 1 run
Lee to Morgan, no run
Lee to Morgan, FOUR runs
Lee to Morgan, SIX runs
Lee to Morgan, no run
Lee to Morgan, no run
Lee to Morgan, no run
Watson to Morgan, 1 run
Watson to Morgan, 2 runs
Watson to PD Collingwood, 1 run
Watson to Morgan, 1 run
Watson to PD Collingwood, 1 run
Watson to PD Collingwood, no run
Johnson to Morgan, no run
Johnson to Morgan, no run
Johnson to PD Collingwood, 1 run
Johnson to PD Collingwood, FOUR runs
Johnson to PD Collingwood, no run
Johnson to PD Collingwood, no run
O'Keefe to Morgan, FOUR runs
O'Keefe to Morgan, no run
O'Keefe to PD Collingwood, 1 run
O'Keefe to PD Collingwood, no run
O'Keefe to Morgan, 1 leg bye
O'Keefe to Morgan, no run
Johnson to PD Collingwood, no run
Johnson to PD Collingwood, no run
Johnson to PD Collingwood, no run
Johnson to PD Collingwood, 2 runs
Johnson to Morgan, 1 run
Johnson to Morgan, 1 wide
Johnson to Morgan, no run
O'Keefe to PD Collingwood, no run
O'Keefe to Morgan, 1 run
O'Keefe to Morgan, no run
O'Keefe to Pietersen, OUT
O'Keefe to Pietersen, SIX runs
O'Keefe to Pietersen, FOUR runs
Johnson to PD Collingwood, no run
Johnson to PD Collingwood, FOUR runs
Johnson to PD Collingwood, no run
Johnson to Bell, OUT
Johnson to Pietersen, 3 runs
Johnson to Bell, 1 run
Lee to Bell, 1 run
Lee to Bell, no run
Lee to Bell, FOUR runs
Lee to Bell, 2 leg byes
Lee to Pietersen, 1 run
Lee to Pietersen, FOUR runs
Tait to Bell, no run
Tait to Bell, SIX runs
Tait to Bell, 1 wide
Tait to Pietersen, 1 run
Tait to Bell, 3 runs
Tait to Bell, no run
Tait to Bell, no run
Lee to Pietersen, no run
Lee to Pietersen, 2 runs
Lee to Pietersen, FOUR runs
Lee to Pietersen, no run
Lee to Davies, OUT
Lee to Davies, FOUR runs
Tait to Bell, no run
Tait to Bell, FOUR runs
Tait to Bell, FOUR runs
Tait to Bell, FOUR runs
Tait to Bell, no run
Tait to Bell, no run
