Shahzad to Smith, 2 runs
Shahzad to Smith, FOUR runs
Shahzad to Smith, 2 runs
Shahzad to Finch, 1 run
Shahzad to Finch, 1 wide
Shahzad to Finch, 2 runs
Shahzad to Smith, 1 run
Bresnan to Smith, 1 run
Bresnan to Smith, no run
Bresnan to Finch, 1 bye
Bresnan to Finch, no run
Bresnan to Smith, 1 run
Bresnan to Finch, 1 run
Yardy to Finch, 1 run
Yardy to Smith, 1 run
Yardy to Smith, no run
Yardy to Finch, 1 run
Yardy to Smith, 1 run
Yardy to Finch, 1 run
Bresnan to Smith, 2 runs
Bresnan to Hussey, OUT
Bresnan to Hussey, SIX runs
Bresnan to Finch, 1 run
Bresnan to Finch, FOUR runs
Bresnan to Finch, no run
Swann to Finch, 1 run
Swann to Hussey, 1 run
Swann to Hussey, 2 runs
Swann to Finch, 1 run
Swann to Hussey, 1 run
Swann to Finch, 1 run
Woakes to White, OUT
Woakes to White, 2 runs
Woakes to Hussey, 1 run
Woakes to Hussey, FOUR runs
Woakes to Hussey, 2 runs
Woakes to White, 1 run
Swann to Hussey, no run
Swann to Hussey, 2 runs
Swann to Hussey, 2 runs
Swann to Hussey, no run
Swann to Hussey, no run
Swann to Hussey, no run
Woakes to Hussey, 1 run
Woakes to White, 1 run
Woakes to Hussey, 1 run
Woakes to White, 1 run
Woakes to White, no run
Woakes to Hussey, 1 run
Woakes to Hussey, 1 wide
Swann to White, no run
Swann to Hussey, 1 run
Swann to Hussey, no run
Swann to White, 1 run
Swann to Hussey, 1 run
Swann to Hussey, no run
Yardy to White, no run
Yardy to Warner, OUT
Yardy to Warner, no run
Yardy to Warner, FOUR runs
Yardy to Warner, no run
Yardy to Warner, 2 runs
Shahzad to Hussey, no run
Shahzad to Warner, 1 run
Shahzad to Hussey, 1 run
Shahzad to Hussey, no run
Shahzad to Hussey, no run
Shahzad to Hussey, no run
Yardy to Warner, no run
Yardy to Hussey, 1 run
Yardy to Watson, OUT
Yardy to Watson, 2 runs
Yardy to Watson, FOUR runs
Yardy to Warner, 1 run
Swann to Watson, 2 runs
Swann to Watson, FOUR runs
Swann to Watson, 2 runs
Swann to Watson, SIX runs
Swann to Watson, SIX runs
Swann to Watson, SIX runs
Yardy to Warner, FOUR runs
Yardy to Warner, no run
Yardy to Warner, FOUR runs
Yardy to Warner, no run
Yardy to Watson, 1 run
Yardy to Watson, no run
Bresnan to Watson, 1 run
Bresnan to Warner, 1 run
Bresnan to Warner, no run
Bresnan to Warner, no run
Bresnan to Watson, 1 run
Bresnan to Warner, 1 leg bye
Shahzad to Warner, 1 run
Shahzad to Watson, 1 run
Shahzad to Watson, FOUR runs
Shahzad to Warner, 1 run
Shahzad to Warner, no run
Shahzad to Watson, 1 run
Bresnan to Watson, 1 run
Bresnan to Watson, FOUR runs
Bresnan to Watson, no run
Bresnan to Watson, FOUR runs
Bresnan to Watson, no run
Bresnan to Watson, no run
Woakes to Watson, 1 run
Woakes to Watson, FOUR runs
Woakes to Warner, 1 run
Woakes to Warner, FOUR runs
Woakes to Warner, FOUR runs
Woakes to Warner, no run
Shahzad to Watson, no run
Shahzad to Warner, 1 run
Shahzad to Warner, no run
Shahzad to Warner, no run
Shahzad to Watson, 1 run
Shahzad to Watson, no run
Woakes to Warner, no run
Woakes to Watson, 1 run
Woakes to Watson, no run
Woakes to Watson, no run
Woakes to Watson, 2 runs
Woakes to Warner, 1 run
