Symonds to Malik, 1 wide
Symonds to Misbah, 1 run
Bracken to Malik, no run
Bracken to Malik, 2 runs
Bracken to Misbah, 1 run
Bracken to Misbah, SIX runs
Bracken to Malik, 1 run
Bracken to Misbah, 1 run
Johnson to Malik, no run
Johnson to Malik, no run
Johnson to Malik, 2 runs
Johnson to Misbah, 1 run
Johnson to Misbah, FOUR runs
Johnson to Misbah, 2 runs
Lee to Malik, no run
Lee to Malik, (no ball) 2 runs
Lee to Malik, no run
Lee to Misbah, 1 run
Lee to Misbah, no run
Lee to Malik, 1 run
Lee to Malik, no run
Clark to Malik, 1 run
Clark to Malik, no run
Clark to Misbah, 1 run
Clark to Malik, 1 run
Clark to Malik, no run
Clark to Misbah, 1 run
Symonds to Malik, 2 runs
Symonds to Misbah, 1 run
Symonds to Misbah, FOUR runs
Symonds to Misbah, 2 runs
Symonds to Misbah, FOUR runs
Symonds to Misbah, FOUR runs
Lee to Misbah, 1 run
Lee to Misbah, FOUR runs
Lee to Malik, 1 run
Lee to Misbah, 1 run
Lee to Misbah, 2 runs
Lee to Misbah, 2 runs
Bracken to Misbah, 1 run
Bracken to Misbah, FOUR runs
Bracken to Misbah, FOUR runs
Bracken to Misbah, no run
Bracken to Misbah, no run
Bracken to Malik, 1 run
Clarke to Malik, 1 run
Clarke to Malik, FOUR runs
Clarke to Malik, SIX runs
Clarke to Malik, FOUR runs
Clarke to Misbah, 1 run
Clarke to Malik, 1 run
Bracken to Malik, 1 run
Bracken to Misbah, 1 run
Bracken to Malik, 1 run
Bracken to Malik, no run
Bracken to Misbah, 1 run
Bracken to Misbah, no run
Clark to Misbah, 1 run
Clark to Misbah, 2 runs
Clark to Misbah, no run
Clark to Misbah, 2 runs
Clark to Malik, 1 run
Clark to Malik, SIX runs
Johnson to Misbah, no run
Johnson to Misbah, 2 runs
Johnson to Misbah, no run
Johnson to Malik, 1 run
Johnson to Malik, no run
Johnson to Malik, FOUR runs
Symonds to Malik, 1 run
Symonds to Malik, FOUR runs
Symonds to Misbah, 1 run
Symonds to Misbah, no run
Symonds to Malik, 1 run
Symonds to Misbah, 1 run
Johnson to Misbah, 1 run
Johnson to Misbah, 1 wide
Johnson to Misbah, no run
Johnson to Salman Butt, OUT
Johnson to Salman Butt, FOUR runs
Johnson to Salman Butt, 1 wide
Johnson to Malik, 1 run
Johnson to Malik, no run
Clark to Salman Butt, no run
Clark to Salman Butt, FOUR runs
Clark to Salman Butt, no run
Clark to Malik, 1 run
Clark to Malik, no run
Clark to Younis, OUT
Johnson to Salman Butt, no run
Johnson to Salman Butt, 1 wide
Johnson to Salman Butt, 1 wide
Johnson to Salman Butt, no run
Johnson to Salman Butt, no run
Johnson to Salman Butt, no run
Johnson to Salman Butt, 2 runs
Johnson to Salman Butt, no run
Clark to Younis, FOUR runs
Clark to Younis, no run
Clark to Hafeez, OUT
Clark to Salman Butt, 1 run
Clark to Hafeez, 1 run
Clark to Imran Nazir, OUT
Lee to Hafeez, FOUR runs
Lee to Hafeez, no run
Lee to Hafeez, SIX runs
Lee to Hafeez, no run
Lee to Hafeez, no run
Lee to Hafeez, no run
Bracken to Imran Nazir, no run
Bracken to Imran Nazir, no run
Bracken to Imran Nazir, SIX runs
Bracken to Imran Nazir, no run
Bracken to Imran Nazir, no run
Bracken to Imran Nazir, FOUR runs
Lee to Hafeez, no run
Lee to Hafeez, no run
Lee to Hafeez, FOUR runs
Lee to Imran Nazir, 1 leg bye
Lee to Imran Nazir, no run
Lee to Imran Nazir, no run
