Mohammad Asif to Johnson, 1 run
Mohammad Asif to Lee, 1 run
Mohammad Asif to Lee, no run
Mohammad Asif to Hodge, OUT
Mohammad Asif to Lee, 1 run
Mohammad Asif to Hodge, 1 run
Umar Gul to Hodge, 1 run
Umar Gul to Hodge, no run
Umar Gul to Clarke, OUT
Umar Gul to Hodge, 1 run
Umar Gul to Hodge, no run
Umar Gul to Hodge, 2 runs
Tanvir to Hodge, 1 run
Tanvir to Hussey, OUT
Tanvir to Hodge, 1 run
Tanvir to Hussey, 1 run
Tanvir to Hodge, 1 run
Tanvir to Hodge, 2 runs
Umar Gul to Hodge, 1 run
Umar Gul to Hussey, 1 run
Umar Gul to Hodge, 1 run
Umar Gul to Hussey, 1 run
Umar Gul to Hussey, FOUR runs
Umar Gul to Hussey, FOUR runs
Afridi to Hodge, FOUR runs
Afridi to Hussey, 1 run
Afridi to Hodge, 1 run
Afridi to Hussey, 1 run
Afridi to Hussey, SIX runs
Afridi to Hussey, 2 runs
Umar Gul to Hodge, no run
Umar Gul to Hodge, FOUR runs
Umar Gul to Hodge, 2 runs
Umar Gul to Hussey, 1 run
Umar Gul to Hodge, 1 run
Umar Gul to Hussey, 3 runs
Hafeez to Hussey, 1 run
Hafeez to Hodge, 1 run
Hafeez to Hodge, 2 runs
Hafeez to Hodge, FOUR runs
Hafeez to Hodge, 2 runs
Hafeez to Hussey, 1 run
Umar Gul to Hodge, no run
Umar Gul to Hussey, 1 run
Umar Gul to Hussey, no run
Umar Gul to Hodge, 1 run
Umar Gul to Hodge, no run
Umar Gul to Hodge, no run
Hafeez to Hussey, FOUR runs
Hafeez to Hussey, no run
Hafeez to Hodge, 1 run
Hafeez to Hussey, 1 run
Hafeez to Hodge, 1 run
Hafeez to Ponting, OUT
Afridi to Ponting, 1 run
Afridi to Hussey, 1 run
Afridi to Ponting, 1 run
Afridi to Hussey, 1 run
Afridi to Ponting, 1 run
Afridi to Ponting, 2 runs
Hafeez to Ponting, 1 run
Hafeez to Hussey, 1 run
Hafeez to Ponting, 1 run
Hafeez to Hussey, 1 run
Hafeez to Hussey, no run
Hafeez to Ponting, 1 run
Afridi to Hussey, no run
Afridi to Symonds, OUT
Afridi to Ponting, 1 bye
Afridi to Ponting, no run
Afridi to Ponting, no run
Afridi to Ponting, no run
Hafeez to Symonds, 2 runs
Hafeez to Symonds, no run
Hafeez to Ponting, 1 run
Hafeez to Symonds, 1 run
Hafeez to Symonds, no run
Hafeez to Symonds, FOUR runs
Afridi to Ponting, FOUR runs
Afridi to Ponting, no run
Afridi to Ponting, FOUR runs
Afridi to Symonds, 1 run
Afridi to Symonds, FOUR runs
Afridi to Symonds, no run
Tanvir to Symonds, 3 runs
Tanvir to Symonds, FOUR runs
Tanvir to Symonds, FOUR runs
Tanvir to Symonds, no run
Tanvir to Ponting, 1 run
Tanvir to Ponting, FOUR runs
Mohammad Asif to Symonds, FOUR runs
Mohammad Asif to Ponting, 1 run
Mohammad Asif to Symonds, 1 run
Mohammad Asif to Ponting, 1 run
Mohammad Asif to Symonds, 1 leg bye
Mohammad Asif to Symonds, no run
Tanvir to Symonds, 1 run
Tanvir to Ponting, 1 run
Tanvir to Gilchrist, OUT
Tanvir to Ponting, 1 run
Tanvir to Ponting, no run
Tanvir to Gilchrist, 1 leg bye
Tanvir to Gilchrist, 1 wide
Mohammad Asif to Gilchrist, 1 run
Mohammad Asif to Gilchrist, 1 wide
Mohammad Asif to Gilchrist, FOUR runs
Mohammad Asif to Gilchrist, FOUR runs
Mohammad Asif to Gilchrist, 1 wide
Mohammad Asif to Gilchrist, FOUR runs
Mohammad Asif to Gilchrist, no run
Mohammad Asif to Ponting, 1 leg bye
Tanvir to Gilchrist, FOUR runs
Tanvir to Ponting, 1 run
Tanvir to Ponting, no run
Tanvir to Hayden, OUT
Tanvir to Hayden, no run
Tanvir to Hayden, no run
Mohammad Asif to Gilchrist, 2 runs
Mohammad Asif to Gilchrist, no run
Mohammad Asif to Hayden, 1 run
Mohammad Asif to Hayden, no run
Mohammad Asif to Gilchrist, 1 run
Mohammad Asif to Gilchrist, FOUR runs
