Bresnan to Ajmal, 1 run
Bresnan to Ajmal, SIX runs
Bresnan to Ajmal, 1 wide
Bresnan to Ajmal, 2 runs
Bresnan to Ajmal, FOUR runs
Bresnan to Ajmal, no run
Bresnan to Ajmal, 1 wide
Bresnan to Amir, OUT
Sidebottom to Abdul Razzaq, OUT
Sidebottom to Abdul Razzaq, SIX runs
Sidebottom to Abdul Razzaq, 1 wide
Sidebottom to Abdul Razzaq, 1 wide
Sidebottom to Amir, 1 run
Sidebottom to Amir, no run
Sidebottom to Amir, no run
Sidebottom to Amir, no run
Broad to Amir, 1 run
Broad to Abdul Razzaq, 1 run
Broad to Abdul Razzaq, no run
Broad to Amir, 1 run
Broad to Fawad Alam, OUT
Broad to Fawad Alam, no run
Sidebottom to Fawad Alam, 1 run
Sidebottom to Abdul Razzaq, 1 run
Sidebottom to Umar Akmal, OUT
Sidebottom to Umar Akmal, no run
Sidebottom to Umar Akmal, FOUR runs
Sidebottom to Abdul Razzaq, 1 run
Sidebottom to Abdul Razzaq, 1 wide
Swann to Umar Akmal, 2 runs
Swann to Umar Akmal, SIX runs
Swann to Abdul Razzaq, 1 run
Swann to Abdul Razzaq, no run
Swann to Abdul Razzaq, no run
Swann to Umar Akmal, 1 run
Yardy to Misbah, OUT
Yardy to Misbah, no run
Yardy to Misbah, no run
Yardy to Umar Akmal, 1 run
Yardy to Misbah, 1 run
Yardy to Umar Akmal, 1 run
Broad to Umar Akmal, 1 run
Broad to Misbah, 1 run
Broad to Misbah, no run
Broad to Misbah, no run
Broad to Misbah, SIX runs
Broad to Umar Akmal, (no ball) 1 run
Broad to Misbah, 1 run
Yardy to Umar Akmal, no run
Yardy to Misbah, 1 run
Yardy to Misbah, no run
Yardy to Umar Akmal, 1 run
Yardy to Umar Akmal, no run
Yardy to Umar Akmal, no run
Swann to Umar Akmal, 1 run
Swann to Misbah, 1 run
Swann to Umar Akmal, 1 run
Swann to Umar Akmal, 2 runs
Swann to Umar Akmal, 2 runs
Swann to Misbah, 1 run
Yardy to Umar Akmal, no run
Yardy to Misbah, 1 run
Yardy to Afridi, OUT
Yardy to Hafeez, OUT
Yardy to Umar Akmal, 1 run
Yardy to Umar Akmal, no run
Swann to Umar Akmal, 1 run
Swann to Umar Akmal, FOUR runs
Swann to Umar Akmal, no run
Swann to Umar Akmal, no run
Swann to Salman Butt, OUT
Swann to Hafeez, 1 run
PD Collingwood to Salman Butt, SIX runs
PD Collingwood to Hafeez, 1 run
PD Collingwood to Salman Butt, 1 run
PD Collingwood to Salman Butt, no run
PD Collingwood to Hafeez, 1 run
PD Collingwood to Salman Butt, 1 run
Swann to Salman Butt, 1 run
Swann to Hafeez, 1 run
Swann to Hafeez, no run
Swann to Salman Butt, 1 run
Swann to Hafeez, 1 run
Swann to Hafeez, no run
Yardy to Hafeez, 1 run
Yardy to Hafeez, FOUR runs
Yardy to Hafeez, FOUR runs
Yardy to Salman Butt, 1 run
Yardy to Hafeez, 1 run
Yardy to Salman Butt, 1 run
Bresnan to Salman Butt, 1 run
Bresnan to Salman Butt, (no ball)
Bresnan to Salman Butt, 1 wide
Bresnan to Salman Butt, no run
Bresnan to Hafeez, 1 run
Bresnan to Salman Butt, 1 run
Bresnan to Salman Butt, 2 runs
Bresnan to Salman Butt, FOUR runs
Broad to Hafeez, 2 runs
Broad to Kamran, OUT
Broad to Salman Butt, 1 run
Broad to Kamran, 1 bye
Broad to Kamran, no run
Broad to Salman Butt, 1 run
Bresnan to Kamran, no run
Bresnan to Kamran, no run
Bresnan to Kamran, no run
Bresnan to Kamran, no run
Bresnan to Salman Butt, 1 run
Bresnan to Salman Butt, FOUR runs
Broad to Kamran, no run
Broad to Kamran, no run
Broad to Kamran, FOUR runs
Broad to Salman Butt, 1 run
Broad to Salman Butt, 2 runs
Broad to Salman Butt, no run
Bresnan to Kamran, no run
Bresnan to Kamran, no run
Bresnan to Kamran, no run
Bresnan to Kamran, no run
Bresnan to Kamran, no run
Bresnan to Kamran, FOUR runs
Bresnan to Kamran, 1 wide
Sidebottom to Salman Butt, FOUR runs
Sidebottom to Salman Butt, no run
Sidebottom to Salman Butt, no run
Sidebottom to Salman Butt, no run
Sidebottom to Kamran, 1 run
Sidebottom to Kamran, SIX runs
