Ajmal to Pietersen, FOUR runs
Ajmal to Wright, 1 leg bye
Ajmal to Wright, no run
Amir to Pietersen, no run
Amir to Pietersen, no run
Amir to Pietersen, no run
Amir to Pietersen, FOUR runs
Amir to Wright, 1 run
Amir to Pietersen, 1 run
Ajmal to Morgan, OUT
Ajmal to Morgan, no run
Ajmal to Morgan, FOUR runs
Ajmal to Morgan, no run
Ajmal to Morgan, no run
Ajmal to Morgan, no run
Mohammad Asif to Pietersen, no run
Mohammad Asif to Pietersen, FOUR runs
Mohammad Asif to Pietersen, no run
Mohammad Asif to Pietersen, FOUR runs
Mohammad Asif to Pietersen, 2 runs
Mohammad Asif to Morgan, 1 run
Afridi to PD Collingwood, OUT
Afridi to Pietersen, 1 run
Afridi to Pietersen, no run
Afridi to Pietersen, no run
Afridi to Pietersen, no run
Afridi to Pietersen, SIX runs
Amir to Pietersen, 1 run
Amir to Pietersen, no run
Amir to Pietersen, no run
Amir to PD Collingwood, 1 run
Amir to Pietersen, 1 run
Amir to Pietersen, FOUR runs
Ajmal to Pietersen, 1 run
Ajmal to Pietersen, no run
Ajmal to Pietersen, no run
Ajmal to Pietersen, no run
Ajmal to Pietersen, SIX runs
Ajmal to PD Collingwood, 1 run
Mohammad Asif to PD Collingwood, 1 run
Mohammad Asif to Pietersen, 1 run
Mohammad Asif to Pietersen, 2 runs
Mohammad Asif to PD Collingwood, 1 run
Mohammad Asif to PD Collingwood, 2 runs
Mohammad Asif to Pietersen, 1 run
Afridi to Pietersen, 1 run
Afridi to PD Collingwood, 1 run
Afridi to PD Collingwood, FOUR runs
Afridi to Pietersen, 1 run
Afridi to PD Collingwood, 1 run
Afridi to PD Collingwood, no run
Abdul Razzaq to Pietersen, 2 runs
Abdul Razzaq to PD Collingwood, 1 run
Abdul Razzaq to Pietersen, 1 run
Abdul Razzaq to Pietersen, FOUR runs
Abdul Razzaq to Pietersen, no run
Abdul Razzaq to Pietersen, FOUR runs
Afridi to Pietersen, 1 run
Afridi to PD Collingwood, 1 run
Afridi to Pietersen, 1 run
Afridi to Pietersen, no run
Afridi to PD Collingwood, 1 run
Afridi to Pietersen, 1 run
Abdul Razzaq to PD Collingwood, no run
Abdul Razzaq to Pietersen, 1 run
Abdul Razzaq to Pietersen, 2 runs
Abdul Razzaq to PD Collingwood, 1 run
Abdul Razzaq to Pietersen, 1 run
Abdul Razzaq to Kieswetter, OUT
Afridi to Pietersen, no run
Afridi to Kieswetter, 1 run
Afridi to Pietersen, 1 run
Afridi to Pietersen, no run
Afridi to Pietersen, 2 runs
Afridi to Pietersen, FOUR runs
Hafeez to Kieswetter, no run
Hafeez to Kieswetter, no run
Hafeez to Kieswetter, SIX runs
Hafeez to Pietersen, 2 wide
Hafeez to Pietersen, 2 runs
Hafeez to Kieswetter, 1 run
Hafeez to Pietersen, 1 run
Ajmal to Pietersen, 1 leg bye
Ajmal to Pietersen, no run
Ajmal to Lumb, OUT
Ajmal to Kieswetter, 1 run
Ajmal to Kieswetter, no run
Ajmal to Lumb, 1 run
Amir to Kieswetter, no run
Amir to Kieswetter, no run
Amir to Kieswetter, no run
Amir to Kieswetter, no run
Amir to Lumb, 1 run
Amir to Lumb, FOUR runs
Mohammad Asif to Kieswetter, FOUR runs
Mohammad Asif to Kieswetter, FOUR runs
Mohammad Asif to Lumb, 1 run
Mohammad Asif to Lumb, FOUR runs
Mohammad Asif to Lumb, no run
Mohammad Asif to Lumb, SIX runs
Amir to Kieswetter, no run
Amir to Kieswetter, no run
Amir to Kieswetter, 2 runs
Amir to Kieswetter, no run
Amir to Kieswetter, FOUR runs
Amir to Kieswetter, 1 wide
Amir to Kieswetter, no run
Mohammad Asif to Kieswetter, 1 run
Mohammad Asif to Kieswetter, no run
Mohammad Asif to Lumb, 1 leg bye
Mohammad Asif to Kieswetter, 1 run
Mohammad Asif to Lumb, 1 run
Mohammad Asif to Lumb, 2 runs
Abdul Razzaq to Kieswetter, no run
Abdul Razzaq to Kieswetter, no run
Abdul Razzaq to Kieswetter, no run
Abdul Razzaq to Kieswetter, no run
Abdul Razzaq to Lumb, 1 run
Abdul Razzaq to Lumb, FOUR runs
