Malinga to Dhoni, 1 run
Malinga to Raina, 1 run
Malinga to Raina, no run
Malinga to Dhoni, 1 run
Malinga to Dhoni, FOUR runs
Malinga to Dhoni, 2 runs
Perera to Raina, no run
Perera to Dhoni, 1 run
Perera to Dhoni, no run
Perera to Raina, 1 run
Perera to Dhoni, 1 run
Perera to Raina, 1 run
Malinga to Raina, 1 run
Malinga to Raina, SIX runs
Malinga to Dhoni, 1 run
Malinga to Dhoni, no run
Malinga to Dhoni, FOUR runs
Malinga to Dhoni, no run
Eranga to Dhoni, 1 run
Eranga to Dhoni, no run
Eranga to Dhoni, no run
Eranga to Kohli, OUT
Eranga to Raina, 1 run
Eranga to Raina, FOUR runs
Angelo Mathews to Raina, 1 run
Angelo Mathews to Raina, no run
Angelo Mathews to Raina, no run
Angelo Mathews to Kohli, 1 run
Angelo Mathews to Raina, 1 run
Angelo Mathews to Kohli, 1 run
Perera to Raina, FOUR runs
Perera to Kohli, 1 run
Perera to Raina, 1 run
Perera to Raina, 2 runs
Perera to Kohli, 1 run
Perera to Raina, 1 run
Malinga to Raina, 1 run
Malinga to Kohli, 1 run
Malinga to Kohli, no run
Malinga to Kohli, 1 wide
Malinga to Kohli, no run
Malinga to Raina, 1 run
Malinga to Raina, 2 leg byes
Eranga to Kohli, 4 leg byes
Eranga to Kohli, FOUR runs
Eranga to Raina, 1 run
Eranga to Kohli, 1 leg bye
Eranga to Raina, 1 run
Eranga to Raina, 1 wide
Eranga to Raina, FOUR runs
Jeevan Mendis to Kohli, SIX runs
Jeevan Mendis to Raina, 1 run
Jeevan Mendis to Raina, no run
Jeevan Mendis to Rahane, OUT
Jeevan Mendis to Kohli, 1 run
Jeevan Mendis to Rahane, 1 run
Herath to Rahane, 1 run
Herath to Kohli, 1 run
Herath to Kohli, no run
Herath to Rahane, 1 run
Herath to Kohli, 1 run
Herath to Kohli, FOUR runs
Jeevan Mendis to Kohli, 1 run
Jeevan Mendis to Kohli, no run
Jeevan Mendis to Rahane, 1 run
Jeevan Mendis to Kohli, 1 run
Jeevan Mendis to Kohli, no run
Jeevan Mendis to Rahane, 1 run
Herath to Kohli, 2 runs
Herath to Rahane, 1 run
Herath to Rahane, no run
Herath to Rahane, no run
Herath to Kohli, 1 run
Herath to Kohli, no run
Perera to Rahane, no run
Perera to Rahane, SIX runs
Perera to Rahane, no run
Perera to Rahane, no run
Perera to Kohli, 1 run
Perera to Rahane, 1 run
Herath to Rahane, 1 run
Herath to Kohli, 1 run
Herath to Rahane, 1 run
Herath to Kohli, 1 run
Herath to Rahane, 1 run
Herath to Rahane, no run
Perera to Kohli, no run
Perera to Kohli, no run
Perera to Kohli, FOUR runs
Perera to Kohli, FOUR runs
Perera to Kohli, FOUR runs
Perera to Kohli, no run
Malinga to Rahane, no run
Malinga to Rahane, no run
Malinga to Kohli, 1 run
Malinga to Kohli, FOUR runs
Malinga to Rahane, 1 run
Malinga to Rahane, no run
Eranga to Kohli, no run
Eranga to Kohli, no run
Eranga to Kohli, FOUR runs
Eranga to Kohli, FOUR runs
Eranga to Kohli, no run
Eranga to Kohli, FOUR runs
Angelo Mathews to Kohli, 1 run
Angelo Mathews to Kohli, no run
Angelo Mathews to Kohli, FOUR runs
Angelo Mathews to Kohli, FOUR runs
Angelo Mathews to Kohli, no run
Angelo Mathews to Rahane, 3 runs
Eranga to Kohli, no run
Eranga to Kohli, no run
Eranga to Kohli, 1 wide
Eranga to Gambhir, OUT
Eranga to Gambhir, no run
Eranga to Gambhir, no run
Eranga to Gambhir, no run
Angelo Mathews to Gambhir, 1 run
Angelo Mathews to Gambhir, FOUR runs
Angelo Mathews to Rahane, 1 run
Angelo Mathews to Rahane, no run
Angelo Mathews to Gambhir, 1 run
Angelo Mathews to Gambhir, no run
