Dinda to Malinga, OUT
Dinda to Malinga, no run
Dinda to Eranga, OUT
Dinda to Eranga, no run
Dinda to Chandimal, OUT
Dinda to Chandimal, no run
Pathan to Chandimal, 1 leg bye
Pathan to Chandimal, FOUR runs
Pathan to Eranga, 1 run
Pathan to Eranga, 1 wide
Pathan to Eranga, no run
Pathan to Eranga, FOUR runs
Pathan to Chandimal, 1 run
Ashwin to Eranga, no run
Ashwin to Chandimal, 1 run
Ashwin to Chandimal, no run
Ashwin to Eranga, 1 run
Ashwin to Perera, OUT
Ashwin to Perera, no run
Ashwin to Perera, 1 wide
Umesh Yadav to Perera, 1 run
Umesh Yadav to Perera, no run
Umesh Yadav to Perera, no run
Umesh Yadav to Jeevan Mendis, OUT
Umesh Yadav to Jeevan Mendis, 1 wide
Umesh Yadav to Jeevan Mendis, no run
Umesh Yadav to Jeevan Mendis, no run
Ashwin to Chandimal, no run
Ashwin to Chandimal, no run
Ashwin to Chandimal, no run
Ashwin to Jeevan Mendis, 1 run
Ashwin to Chandimal, 1 run
Ashwin to Jeevan Mendis, 1 run
Dinda to Angelo Mathews, OUT
Dinda to Angelo Mathews, 2 runs
Dinda to Angelo Mathews, no run
Dinda to Jeevan Mendis, 1 run
Dinda to Jeevan Mendis, 2 runs
Dinda to Angelo Mathews, 1 run
Ashwin to Angelo Mathews, 3 runs
Ashwin to Angelo Mathews, FOUR runs
Ashwin to Jeevan Mendis, 1 run
Ashwin to Angelo Mathews, 3 runs
Ashwin to Jeevan Mendis, 1 run
Ashwin to Jeevan Mendis, no run
Kohli to Jeevan Mendis, 1 run
Kohli to Angelo Mathews, 1 run
Kohli to Angelo Mathews, 2 runs
Kohli to Angelo Mathews, no run
Kohli to Jeevan Mendis, 1 run
Kohli to Angelo Mathews, 1 run
Ashwin to Jeevan Mendis, no run
Ashwin to Angelo Mathews, 1 run
Ashwin to Jeevan Mendis, 1 run
Ashwin to Angelo Mathews, 1 run
Ashwin to Jeevan Mendis, 1 run
Ashwin to Thirimanne, OUT
Kohli to Thirimanne, 1 run
Kohli to Angelo Mathews, 1 run
Kohli to Angelo Mathews, no run
Kohli to Angelo Mathews, no run
Kohli to Angelo Mathews, no run
Kohli to Thirimanne, 1 run
Rohit Sharma to Thirimanne, 1 run
Rohit Sharma to Thirimanne, FOUR runs
Rohit Sharma to Angelo Mathews, 1 run
Rohit Sharma to Thirimanne, 1 run
Rohit Sharma to Angelo Mathews, 1 run
Rohit Sharma to Angelo Mathews, no run
Rohit Sharma to Angelo Mathews, 1 wide
Kohli to Thirimanne, 2 runs
Kohli to Angelo Mathews, 1 run
Kohli to Angelo Mathews, no run
Kohli to Angelo Mathews, no run
Kohli to Thirimanne, 1 run
Kohli to Thirimanne, no run
Dinda to Angelo Mathews, no run
Dinda to Angelo Mathews, FOUR runs
Dinda to Thirimanne, 5 runs
Dinda to Thirimanne, FOUR runs
Dinda to Thirimanne, no run
Dinda to Thirimanne, no run
Pathan to Angelo Mathews, no run
Pathan to Angelo Mathews, no run
Pathan to Angelo Mathews, no run
Pathan to Angelo Mathews, FOUR runs
Pathan to Mahela Jayawardene, OUT
Pathan to Mahela Jayawardene, no run
Umesh Yadav to Mahela Jayawardene, 1 run
Umesh Yadav to Mahela Jayawardene, FOUR runs
Umesh Yadav to Mahela Jayawardene, FOUR runs
Umesh Yadav to Mahela Jayawardene, no run
Umesh Yadav to Mahela Jayawardene, FOUR runs
Umesh Yadav to Mahela Jayawardene, FOUR runs
Pathan to Thirimanne, no run
Pathan to Mahela Jayawardene, 3 runs
Pathan to Mahela Jayawardene, no run
Pathan to Mahela Jayawardene, no run
Pathan to Thirimanne, 1 leg bye
Pathan to Upul Tharanga, OUT
Umesh Yadav to Mahela Jayawardene, no run
Umesh Yadav to Mahela Jayawardene, no run
Umesh Yadav to Upul Tharanga, 3 runs
Umesh Yadav to Upul Tharanga, no run
Umesh Yadav to Upul Tharanga, 1 wide
Umesh Yadav to Mahela Jayawardene, 1 run
Umesh Yadav to Mahela Jayawardene, no run
Pathan to Upul Tharanga, 2 runs
Pathan to Dilshan, OUT
Pathan to Mahela Jayawardene, 1 run
Pathan to Mahela Jayawardene, no run
Pathan to Mahela Jayawardene, no run
Pathan to Mahela Jayawardene, 1 wide
Pathan to Mahela Jayawardene, 1 wide
Pathan to Mahela Jayawardene, FOUR runs
