Umar Gul to Vaas, 1 run
Umar Gul to Vaas, no run
Umar Gul to Malinga, OUT
Umar Gul to Vaas, 1 run
Umar Gul to Malinga, 1 run
Umar Gul to Vaas, 1 run
Umar Gul to Vaas, 1 wide
Hafeez to Vaas, 1 run
Hafeez to Dilshan, OUT
Hafeez to Dilshan, SIX runs
Hafeez to Dilshan, 1 wide
Hafeez to Dilshan, SIX runs
Hafeez to Dilshan, SIX runs
Hafeez to Vaas, 1 run
Umar Gul to Vaas, 1 run
Umar Gul to Dilshan, 1 run
Umar Gul to Dilshan, no run
Umar Gul to Vaas, 1 run
Umar Gul to Dilshan, 1 run
Umar Gul to Vaas, 1 run
Tanvir to Vaas, 1 run
Tanvir to Vaas, 2 runs
Tanvir to Vaas, no run
Tanvir to Dilshan, 1 run
Tanvir to Dilshan, 1 wide
Tanvir to Dilshan, 1 run
Tanvir to Dilshan, no run
Umar Gul to Dilshan, 1 run
Umar Gul to Dilshan, no run
Umar Gul to Dilshan, no run
Umar Gul to Dilshan, no run
Umar Gul to Vaas, 1 run
Umar Gul to Dilshan, 1 run
Afridi to Dilshan, 1 run
Afridi to Dilshan, no run
Afridi to Wijekoon, OUT
Afridi to Wijekoon, no run
Afridi to Wijekoon, 1 wide
Afridi to Dilshan, 1 run
Afridi to Dilshan, no run
Umar Gul to Wijekoon, no run
Umar Gul to Wijekoon, no run
Umar Gul to Dilshan, 1 run
Umar Gul to Mubarak, OUT
Umar Gul to Mubarak, no run
Umar Gul to Mubarak, no run
Afridi to Mubarak, 1 leg bye
Afridi to Silva, OUT
Afridi to Silva, FOUR runs
Afridi to Silva, no run
Afridi to Silva, FOUR runs
Afridi to Dilshan, 1 run
Hafeez to Dilshan, 1 run
Hafeez to Dilshan, SIX runs
Hafeez to Silva, 1 run
Hafeez to Dilshan, 1 run
Hafeez to Silva, 1 run
Hafeez to Silva, 1 wide
Hafeez to Dilshan, 1 run
Afridi to Silva, no run
Afridi to Dilshan, 1 run
Afridi to Dilshan, no run
Afridi to Dilshan, no run
Afridi to Silva, 1 run
Afridi to Mahela Jayawardene, OUT
Hafeez to Silva, no run
Hafeez to Mahela Jayawardene, 1 run
Hafeez to Silva, 1 run
Hafeez to Mahela Jayawardene, 1 run
Hafeez to Silva, 1 run
Hafeez to Silva, no run
Afridi to Mahela Jayawardene, no run
Afridi to Silva, 1 run
Afridi to Mahela Jayawardene, 1 run
Afridi to Silva, 1 run
Afridi to Silva, no run
Afridi to Mahela Jayawardene, 1 run
Hafeez to Mahela Jayawardene, 1 run
Hafeez to Silva, 1 run
Hafeez to Silva, no run
Hafeez to Silva, 2 runs
Hafeez to Silva, FOUR runs
Hafeez to Mahela Jayawardene, 1 run
Mohammad Asif to Mahela Jayawardene, 1 run
Mohammad Asif to Mahela Jayawardene, no run
Mohammad Asif to Mahela Jayawardene, FOUR runs
Mohammad Asif to Silva, (no ball) 1 run
Mohammad Asif to Silva, SIX runs
Mohammad Asif to Silva, (no ball)
Mohammad Asif to Silva, FOUR runs
Mohammad Asif to Silva, FOUR runs
Tanvir to Mahela Jayawardene, SIX runs
Tanvir to Silva, 1 run
Tanvir to Silva, no run
Tanvir to Mahela Jayawardene, 1 run
Tanvir to Mahela Jayawardene, no run
Tanvir to Mahela Jayawardene, 1 wide
Tanvir to Mahela Jayawardene, FOUR runs
Tanvir to Mahela Jayawardene, 1 wide
Mohammad Asif to Silva, no run
Mohammad Asif to Sangakkara, OUT
Mohammad Asif to Sangakkara, FOUR runs
Mohammad Asif to Sangakkara, 1 wide
Mohammad Asif to Mahela Jayawardene, 1 run
Mohammad Asif to Sangakkara, 1 run
Mohammad Asif to Sangakkara, FOUR runs
Tanvir to Mahela Jayawardene, 2 runs
Tanvir to Mahela Jayawardene, 4 leg byes
Tanvir to Mahela Jayawardene, 1 wide
Tanvir to Sangakkara, 1 run
Tanvir to Mahela Jayawardene, 1 run
Tanvir to Mahela Jayawardene, no run
Tanvir to Mahela Jayawardene, no run
Mohammad Asif to Sangakkara, SIX runs
Mohammad Asif to Sangakkara, 2 runs
Mohammad Asif to Sangakkara, no run
Mohammad Asif to Sangakkara, no run
Mohammad Asif to Mahela Jayawardene, 1 run
Mohammad Asif to Mahela Jayawardene, no run
Tanvir to Sangakkara, no run
Tanvir to Mahela Jayawardene, 1 run
Tanvir to Mahela Jayawardene, no run
Tanvir to Mahela Jayawardene, no run
Tanvir to Mahela Jayawardene, no run
Tanvir to Jayasuriya, OUT
Mohammad Asif to Jayasuriya, 1 run
Mohammad Asif to Jayasuriya, 2 runs
Mohammad Asif to Jayasuriya, 2 runs
Mohammad Asif to Jayasuriya, no run
Mohammad Asif to Upul Tharanga, OUT
Mohammad Asif to Upul Tharanga, no run
