Jayasuriya to Misbah, SIX runs
Jayasuriya to Kamran, 1 run
Jayasuriya to Kamran, 2 runs
Jayasuriya to Misbah, 1 run
Jayasuriya to Misbah, SIX runs
Jayasuriya to Misbah, 2 runs
Malinga to Misbah, 1 run
Malinga to Misbah, no run
Malinga to Afridi, OUT
Malinga to Afridi, FOUR runs
Malinga to Kamran, 1 run
Malinga to Afridi, 1 run
Fernando to Kamran, FOUR runs
Fernando to Kamran, no run
Fernando to Kamran, 2 runs
Fernando to Kamran, no run
Fernando to Kamran, no run
Fernando to Kamran, no run
Malinga to Afridi, FOUR runs
Malinga to Afridi, 2 runs
Malinga to Malik, OUT
Malinga to Afridi, 1 run
Malinga to Malik, 1 run
Malinga to Afridi, 3 runs
Wijekoon to Malik, 2 runs
Wijekoon to Malik, 2 runs
Wijekoon to Malik, SIX runs
Wijekoon to Afridi, 1 run
Wijekoon to Malik, 1 run
Wijekoon to Afridi, 1 run
Malinga to Younis, OUT
Malinga to Younis, no run
Malinga to Malik, 1 run
Malinga to Malik, FOUR runs
Malinga to Younis, (no ball) 1 run
Malinga to Younis, 2 runs
Malinga to Younis, 3 wide
Malinga to Malik, 1 run
Wijekoon to Younis, 2 runs
Wijekoon to Malik, 1 run
Wijekoon to Malik, no run
Wijekoon to Malik, 2 runs
Wijekoon to Younis, 1 run
Wijekoon to Younis, SIX runs
Jayasuriya to Younis, 1 run
Jayasuriya to Younis, 2 runs
Jayasuriya to Younis, SIX runs
Jayasuriya to Younis, FOUR runs
Jayasuriya to Younis, SIX runs
Jayasuriya to Malik, 1 run
Wijekoon to Malik, 1 run
Wijekoon to Younis, 1 run
Wijekoon to Malik, 1 run
Wijekoon to Younis, 1 run
Wijekoon to Younis, 2 runs
Wijekoon to Younis, 2 runs
Jayasuriya to Malik, 2 runs
Jayasuriya to Malik, FOUR runs
Jayasuriya to Malik, 2 runs
Jayasuriya to Younis, 1 run
Jayasuriya to Malik, 1 run
Jayasuriya to Malik, 2 runs
Wijekoon to Younis, no run
Wijekoon to Malik, 1 run
Wijekoon to Malik, FOUR runs
Wijekoon to Younis, 1 run
Wijekoon to Younis, no run
Wijekoon to Younis, no run
Jayasuriya to Malik, SIX runs
Jayasuriya to Younis, 1 run
Jayasuriya to Malik, 1 run
Jayasuriya to Malik, FOUR runs
Jayasuriya to Younis, 1 run
Jayasuriya to Malik, 1 run
Malinga to Malik, 1 run
Malinga to Malik, 2 runs
Malinga to Younis, 1 run
Malinga to Younis, FOUR runs
Malinga to Younis, 2 runs
Malinga to Younis, 1 wide
Malinga to Malik, 1 run
Vaas to Younis, no run
Vaas to Younis, 2 runs
Vaas to Malik, 1 run
Vaas to Younis, 1 leg bye
Vaas to Younis, no run
Vaas to Younis, no run
Fernando to Malik, no run
Fernando to Hafeez, OUT
Fernando to Hafeez, no run
Fernando to Hafeez, no run
Fernando to Hafeez, no run
Fernando to Hafeez, no run
Vaas to Younis, no run
Vaas to Hafeez, 1 run
Vaas to Hafeez, FOUR runs
Vaas to Hafeez, FOUR runs
Vaas to Hafeez, no run
Vaas to Hafeez, no run
Fernando to Hafeez, 1 run
Fernando to Younis, 1 run
Fernando to Younis, no run
Fernando to Younis, no run
Fernando to Salman Butt, OUT
Fernando to Salman Butt, no run
Vaas to Imran Nazir, OUT
Vaas to Salman Butt, 1 leg bye
Vaas to Salman Butt, no run
Vaas to Salman Butt, 2 runs
Vaas to Salman Butt, no run
Vaas to Salman Butt, 2 runs
Fernando to Imran Nazir, no run
Fernando to Imran Nazir, SIX runs
Fernando to Salman Butt, 1 leg bye
Fernando to Salman Butt, no run
Fernando to Salman Butt, 2 runs
Fernando to Salman Butt, (no ball)
Fernando to Salman Butt, no run
Vaas to Salman Butt, 1 run
Vaas to Salman Butt, no run
Vaas to Imran Nazir, 1 run
Vaas to Salman Butt, 1 run
Vaas to Salman Butt, FOUR runs
Vaas to Salman Butt, no run
