Shahzad to Abdul Razzaq, SIX runs
Shahzad to Arafat, 1 run
Shahzad to Abdul Razzaq, 1 run
Shahzad to Abdul Razzaq, SIX runs
Shahzad to Abdul Razzaq, 2 runs
Shahzad to Arafat, 1 run
Broad to Abdul Razzaq, 2 runs
Broad to Arafat, 1 run
Broad to Arafat, 2 runs
Broad to Arafat, no run
Broad to Abdul Razzaq, 1 run
Broad to Fawad Alam, OUT
Bresnan to Fawad Alam, 1 run
Bresnan to Abdul Razzaq, 1 run
Bresnan to Fawad Alam, 1 run
Bresnan to Fawad Alam, FOUR runs
Bresnan to Fawad Alam, no run
Bresnan to Abdul Razzaq, 1 run
Broad to Fawad Alam, FOUR runs
Broad to Fawad Alam, 2 runs
Broad to Fawad Alam, 2 runs
Broad to Fawad Alam, 2 runs
Broad to Fawad Alam, 2 runs
Broad to Abdul Razzaq, 1 run
Wright to Abdul Razzaq, 1 run
Wright to Abdul Razzaq, 2 runs
Wright to Abdul Razzaq, SIX runs
Wright to Fawad Alam, 1 run
Wright to Abdul Razzaq, 1 run
Wright to Abdul Razzaq, 2 runs
PD Collingwood to Abdul Razzaq, 1 run
PD Collingwood to Abdul Razzaq, SIX runs
PD Collingwood to Abdul Razzaq, SIX runs
PD Collingwood to Abdul Razzaq, no run
PD Collingwood to Fawad Alam, 1 run
PD Collingwood to Fawad Alam, no run
Swann to Umar Akmal, OUT
Swann to Umar Akmal, 2 runs
Swann to Umar Akmal, no run
Swann to Fawad Alam, 1 run
Swann to Umar Akmal, 1 run
Swann to Fawad Alam, 1 run
PD Collingwood to Fawad Alam, 1 run
PD Collingwood to Fawad Alam, 2 runs
PD Collingwood to Umar Akmal, 1 run
PD Collingwood to Umar Akmal, no run
PD Collingwood to Fawad Alam, 1 run
PD Collingwood to Umar Akmal, 1 run
Swann to Fawad Alam, 2 runs
Swann to Fawad Alam, no run
Swann to Umar Akmal, 1 run
Swann to Afridi, OUT
Swann to Umar Akmal, 1 run
Swann to Afridi, 1 run
Wright to Umar Akmal, no run
Wright to Umar Akmal, no run
Wright to Umar Akmal, FOUR runs
Wright to Umar Akmal, 2 runs
Wright to Umar Akmal, no run
Wright to Umar Akmal, 2 runs
Swann to Umar Akmal, 1 leg bye
Swann to Umar Akmal, no run
Swann to Umar Akmal, no run
Swann to Umar Akmal, no run
Swann to Umar Akmal, no run
Swann to Umar Akmal, no run
Shahzad to Afridi, no run
Shahzad to Afridi, no run
Shahzad to Umar Akmal, 1 run
Shahzad to Afridi, 1 run
Shahzad to Afridi, 2 runs
Shahzad to Afridi, FOUR runs
Swann to Afridi, 1 leg bye
Swann to Umar Akmal, 1 run
Swann to Umar Akmal, no run
Swann to Umar Akmal, no run
Swann to Umar Akmal, 2 runs
Swann to Afridi, 1 leg bye
Swann to Malik, 1 wide, OUT
Broad to Umar Akmal, no run
Broad to Umar Akmal, no run
Broad to Umar Akmal, 2 runs
Broad to Umar Akmal, no run
Broad to Malik, 1 run
Broad to Malik, no run
Bresnan to Umar Akmal, 2 runs
Bresnan to Malik, 1 run
Bresnan to Malik, FOUR runs
Bresnan to Malik, no run
Bresnan to Malik, no run
Bresnan to Malik, 2 runs
Broad to Malik, 1 run
Broad to Malik, no run
Broad to Malik, no run
Broad to Umar Akmal, 1 run
Broad to Umar Akmal, no run
Broad to Umar Akmal, no run
Shahzad to Malik, 4 byes
Shahzad to Malik, no run
Shahzad to Malik, no run
Shahzad to Umar Akmal, 1 run
Shahzad to Umar Akmal, FOUR runs
Shahzad to Umar Akmal, FOUR runs
Bresnan to Malik, FOUR runs
Bresnan to Malik, no run
Bresnan to Umar Akmal, 1 run
Bresnan to Umar Akmal, no run
Bresnan to Umar Akmal, 2 runs
Bresnan to Umar Akmal, no run
Bresnan to Umar Akmal, 1 wide
Shahzad to Malik, no run
Shahzad to Farhat, OUT
Shahzad to Farhat, no run
Shahzad to Imran Nazir, OUT
Shahzad to Imran Nazir, no run
Shahzad to Imran Nazir, FOUR runs
