Arafat to Prior, 1 run
Arafat to PD Collingwood, 3 runs
Arafat to Bresnan, OUT
Arafat to Wright, OUT
Arafat to Wright, 2 runs
Arafat to PD Collingwood, 1 run
Umar Gul to Wright, SIX runs
Umar Gul to Wright, 2 runs
Umar Gul to PD Collingwood, 1 run
Umar Gul to PD Collingwood, SIX runs
Umar Gul to Wright, 1 run
Umar Gul to Morgan, OUT
Umar Gul to Morgan, 1 wide
Ajmal to Morgan, 1 run
Ajmal to Wright, 1 run
Ajmal to Morgan, 1 run
Ajmal to Wright, 1 run
Ajmal to Wright, no run
Ajmal to Pietersen, OUT
Umar Gul to Morgan, SIX runs
Umar Gul to Pietersen, 1 run
Umar Gul to Pietersen, 1 wide
Umar Gul to Morgan, 1 run
Umar Gul to Morgan, no run
Umar Gul to Pietersen, 1 run
Umar Gul to Trott, OUT
Ajmal to Trott, 1 run
Ajmal to Trott, 2 runs
Ajmal to Pietersen, 1 run
Ajmal to Pietersen, no run
Ajmal to Trott, 1 run
Ajmal to Pietersen, 1 run
Umar Gul to Trott, no run
Umar Gul to Trott, FOUR runs
Umar Gul to Trott, no run
Umar Gul to Pietersen, 1 run
Umar Gul to Pietersen, (no ball)
Umar Gul to Pietersen, SIX runs
Umar Gul to Pietersen, no run
Afridi to Pietersen, 1 run
Afridi to Pietersen, no run
Afridi to Pietersen, 2 runs
Afridi to Pietersen, 2 runs
Afridi to Trott, 1 run
Afridi to Trott, no run
Umar Gul to Trott, 1 run
Umar Gul to Pietersen, 1 run
Umar Gul to Pietersen, no run
Umar Gul to Trott, 1 run
Umar Gul to Pietersen, 1 run
Umar Gul to Pietersen, no run
Afridi to Trott, no run
Afridi to Trott, 2 runs
Afridi to Trott, no run
Afridi to Trott, no run
Afridi to Pietersen, 1 run
Afridi to Pietersen, SIX runs
Ajmal to Trott, FOUR runs
Ajmal to Trott, no run
Ajmal to Pietersen, 1 run
Ajmal to Trott, 1 run
Ajmal to Pietersen, 1 run
Ajmal to Trott, 1 run
Afridi to Trott, 1 run
Afridi to Pietersen, 1 run
Afridi to Pietersen, FOUR runs
Afridi to Pietersen, no run
Afridi to Pietersen, FOUR runs
Afridi to Pietersen, no run
Ajmal to Trott, no run
Ajmal to Trott, no run
Ajmal to Pietersen, 1 run
Ajmal to Pietersen, SIX runs
Ajmal to Trott, 1 run
Ajmal to Pietersen, 3 runs
Afridi to Trott, no run
Afridi to Trott, no run
Afridi to Trott, no run
Afridi to Pietersen, 1 run
Afridi to Trott, 1 run
Afridi to Trott, no run
Abdul Razzaq to Pietersen, no run
Abdul Razzaq to Trott, 1 run
Abdul Razzaq to Pietersen, 1 run
Abdul Razzaq to Trott, 1 run
Abdul Razzaq to Trott, no run
Abdul Razzaq to Trott, no run
Arafat to Trott, 1 run
Arafat to Trott, no run
Arafat to Pietersen, 3 runs
Arafat to Pietersen, FOUR runs
Arafat to Trott, 1 run
Arafat to Trott, FOUR runs
Abdul Razzaq to Pietersen, no run
Abdul Razzaq to Pietersen, FOUR runs
Abdul Razzaq to Trott, 1 run
Abdul Razzaq to Pietersen, 1 run
Abdul Razzaq to Trott, 1 run
Abdul Razzaq to Pietersen, 1 run
Arafat to Pietersen, 1 run
Arafat to Pietersen, 5 wide
Arafat to Denly, OUT
Arafat to Denly, no run
Arafat to Trott, 1 run
Arafat to Denly, 1 run
Arafat to Denly, no run
Abdul Razzaq to Trott, no run
Abdul Razzaq to Trott, 2 runs
Abdul Razzaq to Trott, no run
Abdul Razzaq to Trott, no run
Abdul Razzaq to Trott, no run
Abdul Razzaq to Trott, no run
Arafat to Denly, 2 runs
Arafat to Denly, no run
Arafat to Denly, no run
Arafat to Denly, no run
Arafat to Denly, no run
Arafat to Denly, 2 runs
Abdul Razzaq to Trott, 2 runs
Abdul Razzaq to Trott, no run
Abdul Razzaq to Trott, no run
Abdul Razzaq to Trott, no run
Abdul Razzaq to Trott, no run
Abdul Razzaq to Trott, 2 runs
