de Lange to Southee, no run
de Lange to Franklin, (no ball) 1 run
de Lange to Doug Bracewell, OUT
de Lange to Doug Bracewell, no run
de Lange to McCullum, OUT
de Lange to McCullum, no run
de Lange to Franklin, 1 run
Botha to Franklin, 1 run
Botha to Ryder, OUT
Botha to Ryder, no run
Botha to Franklin, 1 run
Botha to Ryder, 1 run
Botha to Ryder, no run
Morkel to Ryder, 1 run
Morkel to Franklin, 1 run
Morkel to Ryder, 1 run
Morkel to Ryder, no run
Morkel to Ryder, no run
Morkel to Ryder, 1 wide
Morkel to Franklin, 1 run
Botha to Ryder, no run
Botha to Ryder, no run
Botha to Ryder, no run
Botha to Ryder, no run
Botha to Franklin, 1 run
Botha to Ryder, 1 run
Morkel to Franklin, 2 runs
Morkel to Ryder, 1 leg bye
Morkel to Ryder, no run
Morkel to Ryder, FOUR runs
Morkel to Williamson, OUT
Morkel to Williamson, 1 wide
Morkel to Williamson, no run
de Lange to Ryder, 2 runs
de Lange to Ryder, FOUR runs
de Lange to Williamson, 1 run
de Lange to Williamson, 1 wide
de Lange to Ryder, 1 run
de Lange to Ryder, no run
de Lange to Williamson, 1 run
Peterson to Ryder, SIX runs
Peterson to Williamson, 1 run
Peterson to Williamson, no run
Peterson to Ryder, 1 run
Peterson to Ryder, SIX runs
Peterson to Williamson, 1 run
Duminy to Williamson, 1 run
Duminy to Ryder, 1 run
Duminy to Williamson, 1 run
Duminy to Ryder, 1 run
Duminy to Ryder, no run
Duminy to Ryder, no run
Peterson to McCullum, OUT
Peterson to Ryder, 1 run
Peterson to McCullum, 1 run
Peterson to Ryder, 1 run
Peterson to McCullum, 1 run
Peterson to McCullum, no run
Duminy to Ryder, 2 runs
Duminy to McCullum, 1 run
Duminy to Ryder, 1 run
Duminy to McCullum, 1 run
Duminy to McCullum, no run
Duminy to McCullum, no run
Parnell to McCullum, 1 run
Parnell to McCullum, SIX runs
Parnell to Ryder, 1 run
Parnell to Ryder, FOUR runs
Parnell to McCullum, 1 run
Parnell to Ryder, 1 run
Botha to McCullum, no run
Botha to Ryder, 1 run
Botha to Ryder, no run
Botha to McCullum, 1 run
Botha to McCullum, no run
Botha to McCullum, 5 wide
Botha to McCullum, no run
Morkel to Ryder, FOUR runs
Morkel to Ryder, no run
Morkel to McCullum, 1 run
Morkel to McCullum, FOUR runs
Morkel to McCullum, no run
Morkel to McCullum, no run
Botha to Guptill, OUT
Botha to Ryder, 1 run
Botha to Ryder, 1 wide
Botha to Ryder, FOUR runs
Botha to Guptill, 1 run
Botha to Ryder, 1 run
Botha to Ryder, no run
Morkel to Nicol, OUT
Morkel to Guptill, 1 run
Morkel to Nicol, 1 run
Morkel to Guptill, 1 run
Morkel to Nicol, 1 run
Morkel to Nicol, SIX runs
Morkel to Guptill, no run
Morkel to Guptill, FOUR runs
Morkel to Guptill, 1 wide
Morkel to Guptill, SIX runs
Morkel to Guptill, 4 leg byes
Morkel to Nicol, 1 run
Morkel to Guptill, 1 run
de Lange to Nicol, FOUR runs
de Lange to Nicol, no run
de Lange to Nicol, FOUR runs
de Lange to Nicol, no run
de Lange to Nicol, no run
de Lange to Nicol, FOUR runs
Peterson to Nicol, 1 run
Peterson to Guptill, 1 run
Peterson to Nicol, 1 run
Peterson to Nicol, FOUR runs
Peterson to Nicol, FOUR runs
Peterson to Nicol, no run
de Lange to Guptill, no run
de Lange to Nicol, 2 wide
de Lange to Guptill, 1 run
de Lange to Guptill, FOUR runs
de Lange to Guptill, FOUR runs
de Lange to Guptill, no run
de Lange to Guptill, no run
Peterson to Guptill, 1 run
Peterson to Nicol, 1 run
Peterson to Guptill, 1 run
Peterson to Guptill, no run
Peterson to Nicol, 1 run
Peterson to Nicol, no run
