Southee to Peterson, FOUR runs
Southee to Peterson, no run
Southee to Peterson, 2 runs
Southee to Parnell, 1 run
Southee to Parnell, no run
Southee to Parnell, SIX runs
Nicol to Parnell, 1 run
Nicol to Peterson, 1 run
Nicol to Parnell, 1 run
Nicol to Parnell, no run
Nicol to Peterson, 1 run
Nicol to Peterson, no run
Doug Bracewell to Parnell, FOUR runs
Doug Bracewell to Parnell, 2 runs
Doug Bracewell to Peterson, 1 run
Doug Bracewell to Peterson, no run
Doug Bracewell to Parnell, 1 run
Doug Bracewell to Peterson, 1 run
Doug Bracewell to Peterson, 1 wide
Southee to Peterson, 1 run
Southee to Botha, OUT
Southee to Botha, no run
Southee to Botha, no run
Southee to Botha, no run
Southee to Botha, no run
Doug Bracewell to Parnell, no run
Doug Bracewell to Parnell, no run
Doug Bracewell to Parnell, no run
Doug Bracewell to Parnell, no run
Doug Bracewell to Parnell, no run
Doug Bracewell to Parnell, FOUR runs
Nicol to Parnell, 1 run
Nicol to Botha, 1 run
Nicol to Parnell, 1 run
Nicol to Ontong, OUT
Nicol to Botha, 1 run
Nicol to de Villiers, OUT
Bates to de Villiers, 1 leg bye
Bates to Ontong, 1 run
Bates to de Villiers, 1 run
Bates to Ontong, 1 run
Bates to Ontong, FOUR runs
Bates to Ontong, no run
Nicol to de Villiers, OUT
Nicol to de Villiers, FOUR runs
Nicol to de Villiers, SIX runs
Nicol to de Villiers, no run
Nicol to Duminy, 1 run
Nicol to de Villiers, 1 run
Franklin to de Villiers, 1 run
Franklin to Duminy, 1 run
Franklin to Duminy, SIX runs
Franklin to de Villiers, 1 run
Franklin to Duminy, 1 run
Franklin to Duminy, FOUR runs
McCullum to Duminy, 5 runs
McCullum to de Villiers, 1 run
McCullum to de Villiers, FOUR runs
McCullum to Duminy, 1 run
McCullum to Duminy, FOUR runs
McCullum to de Villiers, 1 run
Doug Bracewell to de Villiers, 1 run
Doug Bracewell to Duminy, 1 run
Doug Bracewell to Duminy, no run
Doug Bracewell to Duminy, no run
Doug Bracewell to Duminy, 2 runs
Doug Bracewell to Duminy, SIX runs
McCullum to Duminy, 1 run
McCullum to Duminy, no run
McCullum to de Villiers, 1 run
McCullum to Duminy, 1 run
McCullum to Duminy, 2 runs
McCullum to de Villiers, 1 run
Doug Bracewell to de Villiers, 1 run
Doug Bracewell to Duminy, 1 run
Doug Bracewell to de Villiers, 1 run
Doug Bracewell to Duminy, 1 run
Doug Bracewell to Duminy, no run
Doug Bracewell to Amla, OUT
Southee to de Villiers, 2 runs
Southee to de Villiers, no run
Southee to Amla, 1 run
Southee to de Villiers, 1 run
Southee to de Villiers, no run
Southee to Amla, 1 run
Hira to Amla, 1 run
Hira to Amla, 1 wide
Hira to Amla, no run
Hira to de Villiers, 1 run
Hira to Amla, 1 run
Hira to Amla, SIX runs
Hira to Amla, FOUR runs
Southee to Amla, 1 run
Southee to Morkel, OUT
Southee to Morkel, no run
Southee to Amla, 1 run
Southee to Morkel, 1 run
Southee to Morkel, no run
Bates to Morkel, 1 run
Bates to Morkel, SIX runs
Bates to Amla, 1 run
Bates to Morkel, 1 run
Bates to Amla, 1 run
Bates to Amla, FOUR runs
Franklin to Amla, 1 run
Franklin to Morkel, 1 run
Franklin to Morkel, no run
Franklin to Amla, 1 run
Franklin to Levi, OUT
Franklin to Levi, SIX runs
Bates to Amla, no run
Bates to Amla, no run
Bates to Amla, FOUR runs
Bates to Amla, no run
Bates to Amla, no run
Bates to Amla, FOUR runs
Hira to Levi, no run
Hira to Levi, no run
Hira to Levi, FOUR runs
Hira to Amla, 1 run
Hira to Levi, 1 run
Hira to Levi, no run
