Randiv to Taylor, 1 run
Randiv to Taylor, no run
Randiv to Taibu, 1 run
Randiv to Taylor, 1 run
Randiv to Taibu, 1 run
Randiv to Taibu, 2 runs
Jayasuriya to Taibu, 1 run
Jayasuriya to Taylor, 1 run
Jayasuriya to Taibu, 1 run
Jayasuriya to Taylor, 1 run
Jayasuriya to Taylor, 2 runs
Jayasuriya to Taylor, 2 runs
Mendis to Taylor, 1 run
Mendis to Taibu, 1 run
Mendis to Taylor, 1 run
Mendis to Taylor, no run
Mendis to Taibu, 1 run
Mendis to Taylor, 1 run
Malinga to Taibu, no run
Malinga to Taibu, 1 run, OUT
Malinga to Masakadza, 1 run
Malinga to Taibu, 1 run
Malinga to Masakadza, 1 run
Malinga to Masakadza, no run
Malinga to Taibu, 2 wide
Mendis to Taibu, 1 run
Mendis to Masakadza, 1 run
Mendis to Taibu, 1 run
Mendis to Taibu, no run
Mendis to Masakadza, 1 run
Mendis to Masakadza, no run
