Mpofu to Jayasuriya, 2 leg byes
Mpofu to Malinga, 1 run
Mpofu to Malinga, no run
Mpofu to Jayasuriya, 1 run
Mpofu to Jayasuriya, 2 runs
Mpofu to Malinga, 1 run
Price to Mahela Jayawardene, OUT
Price to Kapugedera, OUT
Price to Mahela Jayawardene, 1 run
Price to Kapugedera, 1 leg bye
Price to Kapugedera, SIX runs
Price to Mahela Jayawardene, 1 run
Mpofu to Mahela Jayawardene, 1 run
Mpofu to Mahela Jayawardene, no run
Mpofu to Kapugedera, 1 leg bye
Mpofu to Kapugedera, SIX runs
Mpofu to Mahela Jayawardene, 1 run
Mpofu to Mahela Jayawardene, no run
Lamb to Mahela Jayawardene, 1 run
Lamb to Mahela Jayawardene, FOUR runs
Lamb to Mahela Jayawardene, FOUR runs
Lamb to Kapugedera, 1 run
Lamb to Angelo Mathews, OUT
Lamb to Mahela Jayawardene, 1 run
Cremer to Mahela Jayawardene, 1 run
Cremer to Mahela Jayawardene, FOUR runs
Cremer to Mahela Jayawardene, no run
Cremer to Mahela Jayawardene, no run
Cremer to Mahela Jayawardene, 2 runs
Cremer to Mahela Jayawardene, SIX runs
Utseya to Angelo Mathews, no run
Utseya to Mahela Jayawardene, 1 run
Utseya to Mahela Jayawardene, 2 runs
Utseya to Angelo Mathews, 1 run
Utseya to Angelo Mathews, 1 wide
Utseya to Mahela Jayawardene, 1 run
Utseya to Angelo Mathews, 1 run
Cremer to Angelo Mathews, 1 run
Cremer to Mahela Jayawardene, 1 run
Cremer to Mahela Jayawardene, 1 wide
Cremer to Mahela Jayawardene, no run
Cremer to Mahela Jayawardene, no run
Cremer to Mahela Jayawardene, no run
Cremer to Angelo Mathews, 1 run
Utseya to Chandimal, OUT
Utseya to Chandimal, SIX runs
Utseya to Mahela Jayawardene, 1 run
Utseya to Mahela Jayawardene, FOUR runs
Utseya to Mahela Jayawardene, 1 wide
Utseya to Chandimal, 1 run
Utseya to Chandimal, no run
Cremer to Chandimal, 1 run
Cremer to Chandimal, no run
Cremer to Mahela Jayawardene, 2 wide
Cremer to Mahela Jayawardene, no run
Cremer to Chandimal, 1 run
Cremer to Chandimal, no run
Cremer to Sangakkara, OUT
Cremer to Mahela Jayawardene, 2 wide
Lamb to Sangakkara, no run
Lamb to Mahela Jayawardene, 1 run
Lamb to Mahela Jayawardene, 2 runs
Lamb to Mahela Jayawardene, 2 runs
Lamb to Mahela Jayawardene, 2 runs
Lamb to Sangakkara, 1 run
Utseya to Sangakkara, 1 run
Utseya to Mahela Jayawardene, 1 run
Utseya to Sangakkara, 1 run
Utseya to Mahela Jayawardene, 1 run
Utseya to Mahela Jayawardene, no run
Utseya to Mahela Jayawardene, 2 runs
Lamb to Sangakkara, no run
Lamb to Sangakkara, no run
Lamb to Perera, OUT
Lamb to Perera, no run
Lamb to Perera, SIX runs
Lamb to Mahela Jayawardene, 1 run
Utseya to Mahela Jayawardene, 1 run
Utseya to Perera, 1 run
Utseya to Mahela Jayawardene, 1 run
Utseya to Perera, 1 run
Utseya to Perera, no run
Utseya to Perera, 2 runs
Lamb to Perera, 1 run
Lamb to Perera, SIX runs
Lamb to Perera, no run
Lamb to Perera, no run
Lamb to Perera, no run
Lamb to Mahela Jayawardene, 1 run
Price to Perera, no run
Price to Perera, FOUR runs
Price to Mahela Jayawardene, 1 run
Price to Mahela Jayawardene, FOUR runs
Price to Mahela Jayawardene, no run
Price to Perera, 1 run
Chigumbura to Mahela Jayawardene, FOUR runs
Chigumbura to Mahela Jayawardene, FOUR runs
Chigumbura to Mahela Jayawardene, no run
Chigumbura to Perera, 1 run
Chigumbura to Mahela Jayawardene, 1 run
Chigumbura to Mahela Jayawardene, SIX runs
Price to Mahela Jayawardene, 1 run
Price to Mahela Jayawardene, no run
Price to Mahela Jayawardene, 1 wide
Price to Perera, 1 leg bye
Price to Perera, no run
Price to Perera, no run
Price to Mahela Jayawardene, 1 run
Chigumbura to Mahela Jayawardene, 1 run
Chigumbura to Mahela Jayawardene, FOUR runs
Chigumbura to Mahela Jayawardene, no run
Chigumbura to Mahela Jayawardene, no run
Chigumbura to Mahela Jayawardene, no run
Chigumbura to Dilshan, OUT
Price to Mahela Jayawardene, SIX runs
Price to Mahela Jayawardene, no run
Price to Dilshan, 1 run
Price to Dilshan, no run
Price to Mahela Jayawardene, 1 run
Price to Dilshan, 1 run
Price to Dilshan, 1 wide
Mpofu to Mahela Jayawardene, FOUR runs
Mpofu to Mahela Jayawardene, no run
Mpofu to Mahela Jayawardene, no run
Mpofu to Mahela Jayawardene, SIX runs
Mpofu to Mahela Jayawardene, FOUR runs
Mpofu to Mahela Jayawardene, no run
