Kulasekara to Williamson, 1 run, OUT
Kulasekara to Franklin, 1 run
Kulasekara to Williamson, 1 run
Kulasekara to Franklin, 1 run
Kulasekara to Franklin, FOUR runs
Kulasekara to Williamson, 1 run
Malinga to Williamson, 1 run
Malinga to McCullum, OUT
Malinga to McCullum, 1 wide
Malinga to Franklin, 1 run
Malinga to McCullum, 1 run
Malinga to Franklin, 1 run
Malinga to McCullum, 1 run
Kulasekara to Oram, OUT
Kulasekara to Oram, no run
Kulasekara to Oram, FOUR runs
Kulasekara to McCullum, 1 run
Kulasekara to Taylor, OUT
Kulasekara to Taylor, FOUR runs
Kulasekara to Taylor, 1 wide
Malinga to Taylor, 1 run
Malinga to Taylor, FOUR runs
Malinga to Oram, 1 run
Malinga to Taylor, 1 run
Malinga to Oram, 1 run
Malinga to Oram, no run
Dananjaya to Taylor, 2 runs
Dananjaya to Taylor, 2 runs
Dananjaya to Nicol, OUT
Dananjaya to Taylor, 1 leg bye
Dananjaya to Taylor, 2 runs
Dananjaya to Nicol, 1 run
Mendis to Taylor, 2 runs
Mendis to Nicol, 2 wide
Mendis to Nicol, SIX runs
Mendis to Taylor, 1 run
Mendis to Nicol, 1 run
Mendis to Nicol, SIX runs
Mendis to Nicol, SIX runs
Jeevan Mendis to Taylor, 2 runs
Jeevan Mendis to Taylor, no run
Jeevan Mendis to Nicol, 1 leg bye
Jeevan Mendis to Nicol, no run
Jeevan Mendis to Taylor, 1 run
Jeevan Mendis to Nicol, 1 run
Mendis to Nicol, 1 run
Mendis to Nicol, 2 runs
Mendis to Taylor, 1 run
Mendis to Nicol, 1 run
Mendis to McCullum, OUT
Mendis to McCullum, no run
Dananjaya to McCullum, 1 run
Dananjaya to McCullum, SIX runs
Dananjaya to Nicol, 1 run
Dananjaya to McCullum, 1 run
Dananjaya to Nicol, 1 run
Dananjaya to Nicol, no run
Mendis to McCullum, 2 runs
Mendis to Nicol, 1 run
Mendis to Nicol, no run
Mendis to Nicol, FOUR runs
Mendis to McCullum, 1 run
Mendis to Nicol, 1 run
Dananjaya to McCullum, 2 runs
Dananjaya to McCullum, 2 runs
Dananjaya to Nicol, 1 run
Dananjaya to Nicol, no run
Dananjaya to McCullum, 1 run
Dananjaya to McCullum, SIX runs
Jeevan Mendis to Nicol, SIX runs
Jeevan Mendis to McCullum, 1 run
Jeevan Mendis to Nicol, 1 run
Jeevan Mendis to Nicol, no run
Jeevan Mendis to McCullum, 1 run
Jeevan Mendis to McCullum, no run
Dananjaya to McCullum, 1 run
Dananjaya to McCullum, no run
Dananjaya to Nicol, 1 run
Dananjaya to Guptill, OUT
Dananjaya to Nicol, 1 run
Dananjaya to Guptill, 1 leg bye
Angelo Mathews to Nicol, FOUR runs
Angelo Mathews to Nicol, no run
Angelo Mathews to Nicol, 2 runs
Angelo Mathews to Guptill, 1 run
Angelo Mathews to Guptill, FOUR runs
Angelo Mathews to Nicol, 1 run
Malinga to Guptill, 2 runs
Malinga to Guptill, no run
Malinga to Guptill, FOUR runs
Malinga to Guptill, no run
Malinga to Guptill, no run
Malinga to Nicol, 1 run
Mendis to Guptill, FOUR runs
Mendis to Guptill, 2 runs
Mendis to Guptill, 2 runs
Mendis to Guptill, no run
Mendis to Nicol, 1 run
Mendis to Guptill, 1 run
Malinga to Nicol, FOUR runs
Malinga to Nicol, no run
Malinga to Nicol, no run
Malinga to Guptill, 1 run
Malinga to Guptill, no run
Malinga to Guptill, FOUR runs
Kulasekara to Guptill, 1 run
Kulasekara to Guptill, no run
Kulasekara to Guptill, FOUR runs
Kulasekara to Guptill, 2 runs
Kulasekara to Guptill, FOUR runs
Kulasekara to Nicol, 1 leg bye
Kulasekara to Nicol, 1 wide
Angelo Mathews to Guptill, no run
Angelo Mathews to Guptill, no run
Angelo Mathews to Guptill, no run
Angelo Mathews to Nicol, 1 run
Angelo Mathews to Guptill, 1 run
Angelo Mathews to Guptill, no run
Kulasekara to Nicol, no run
Kulasekara to Guptill, 1 run
Kulasekara to Guptill, no run
Kulasekara to Guptill, no run
Kulasekara to Nicol, 1 run
Kulasekara to Nicol, no run
