Kulasekara to Afridi, 1 bye
Kulasekara to Afridi, 2 runs
Kulasekara to Afridi, no run
Kulasekara to Arafat, OUT
Kulasekara to Afridi, 1 run
Kulasekara to Arafat, 1 run
Perera to Afridi, SIX runs
Perera to Arafat, 1 run
Perera to Afridi, 1 run
Perera to Malik, OUT
Perera to Afridi, 1 run
Perera to Afridi, FOUR runs
Kulasekara to Malik, no run
Kulasekara to Malik, 1 wide
Kulasekara to Malik, no run
Kulasekara to Afridi, 1 run
Kulasekara to Afridi, no run
Kulasekara to Malik, 1 run
Kulasekara to Afridi, 1 run
Perera to Malik, no run
Perera to Afridi, 1 run
Perera to Afridi, no run
Perera to Afridi, FOUR runs
Perera to Afridi, FOUR runs
Perera to Afridi, 2 runs
Udana to Afridi, 1 run
Udana to Malik, 1 run
Udana to Afridi, 1 run
Udana to Afridi, 2 runs
Udana to Malik, 1 run
Udana to Malik, no run
Lokuar. to Malik, 1 run
Lokuar. to Afridi, 1 run
Lokuar. to Malik, 1 run
Lokuar. to Malik, FOUR runs
Lokuar. to Malik, FOUR runs
Lokuar. to Malik, FOUR runs
Senanayake to Malik, 1 run
Senanayake to Afridi, 1 run
Senanayake to Afridi, FOUR runs
Senanayake to Malik, 1 run
Senanayake to Afridi, 1 run
Senanayake to Malik, 1 run
Lokuar. to Afridi, 2 runs
Lokuar. to Afridi, 2 runs
Lokuar. to Malik, 1 run
Lokuar. to Malik, no run
Lokuar. to Malik, no run
Lokuar. to Malik, no run
Senanayake to Afridi, no run
Senanayake to Afridi, no run
Senanayake to Afridi, FOUR runs
Senanayake to Malik, 1 run
Senanayake to Malik, 2 runs
Senanayake to Afridi, 1 run
Lokuar. to Afridi, 1 run
Lokuar. to Malik, 1 run
Lokuar. to Afridi, 1 run
Lokuar. to Afridi, 2 runs
Lokuar. to Afridi, no run
Lokuar. to Hafeez, OUT
Lokuar. to Hafeez, 1 wide
Udana to Hafeez, 1 run
Udana to Hafeez, 2 runs
Udana to Hafeez, 2 runs
Udana to Hafeez, no run
Udana to Malik, 1 run
Udana to Malik, no run
Lokuar. to Hafeez, no run
Lokuar. to Hafeez, no run
Lokuar. to Hafeez, no run
Lokuar. to Hafeez, FOUR runs
Lokuar. to Malik, 1 run
Lokuar. to Umar Akmal, OUT
Udana to Hafeez, no run
Udana to Umar Akmal, 1 run
Udana to Umar Akmal, 2 runs
Udana to Hafeez, 1 leg bye
Udana to Hafeez, 2 runs
Udana to Umar Akmal, 1 run
Perera to Umar Akmal, 1 run
Perera to Umar Akmal, no run
Perera to Hafeez, 1 run
Perera to Hafeez, no run
Perera to Hafeez, no run
Perera to Hafeez, 2 runs
Udana to Umar Akmal, no run
Udana to Umar Akmal, no run
Udana to Umar Akmal, no run
Udana to Umar Akmal, no run
Udana to Umar Akmal, no run
Udana to Umar Akmal, no run
Perera to Hafeez, OUT
Perera to Hafeez, 2 runs
Perera to Hafeez, no run
Perera to Hafeez, no run
Perera to Hafeez, no run
Perera to Khalid Latif, 1 run
Angelo Mathews to Hafeez, no run
Angelo Mathews to Hafeez, FOUR runs
Angelo Mathews to Hafeez, no run
Angelo Mathews to Hafeez, no run
Angelo Mathews to Hafeez, no run
Angelo Mathews to Hafeez, no run
Kulasekara to Khalid Latif, no run
Kulasekara to Khalid Latif, no run
Kulasekara to Khalid Latif, no run
Kulasekara to Khalid Latif, no run
Kulasekara to Khalid Latif, no run
Kulasekara to Shehzad, OUT
Angelo Mathews to Hafeez, FOUR runs
Angelo Mathews to Hafeez, no run
Angelo Mathews to Hafeez, no run
Angelo Mathews to Hafeez, no run
Angelo Mathews to Shehzad, 1 run
Angelo Mathews to Shehzad, no run
Kulasekara to Hafeez, no run
Kulasekara to Hafeez, no run
Kulasekara to Shehzad, 1 run
Kulasekara to Shehzad, no run
Kulasekara to Shehzad, FOUR runs
Kulasekara to Hafeez, 1 bye
