Arafat to Angelo Mathews, OUT
Arafat to Angelo Mathews, 2 runs
Sami to Angelo Mathews, 1 run
Sami to Udana, 1 run
Sami to Udana, no run
Sami to Angelo Mathews, 1 run
Sami to Senanayake, OUT
Sami to Angelo Mathews, 1 run
Ajmal to Angelo Mathews, 1 run
Ajmal to Senanayake, 1 run
Ajmal to Senanayake, no run
Ajmal to Senanayake, no run
Ajmal to Lokuar., OUT
Ajmal to Angelo Mathews, 1 run
Sami to Lokuar., no run
Sami to Lokuar., no run
Sami to Perera, OUT
Sami to Perera, 5 wide
Sami to Perera, no run
Sami to Thirimanne, OUT
Sami to Angelo Mathews, 1 run
Ajmal to Thirimanne, 2 runs
Ajmal to Thirimanne, no run
Ajmal to Thirimanne, 2 runs
Ajmal to Angelo Mathews, 1 run
Ajmal to Angelo Mathews, 2 runs
Ajmal to Thirimanne, 1 run
Tanvir to Angelo Mathews, no run
Tanvir to Chandimal, OUT
Tanvir to Chandimal, no run
Tanvir to Thirimanne, 1 run
Tanvir to Thirimanne, no run
Tanvir to Thirimanne, no run
Afridi to Chandimal, no run
Afridi to Chandimal, no run
Afridi to Chandimal, no run
Afridi to Thirimanne, 1 run
Afridi to Thirimanne, no run
Afridi to Thirimanne, no run
Hafeez to Thirimanne, 1 run
Hafeez to Thirimanne, FOUR runs
Hafeez to Thirimanne, no run
Hafeez to Chandimal, 1 run
Hafeez to Thirimanne, 1 run
Hafeez to Thirimanne, FOUR runs
Afridi to Thirimanne, 1 run
Afridi to Thirimanne, no run
Afridi to Thirimanne, no run
Afridi to Kapugedera, OUT
Afridi to Kapugedera, SIX runs
Afridi to Chandimal, 1 run
Ajmal to Kapugedera, FOUR runs
Ajmal to Kapugedera, no run
Ajmal to Chandimal, 1 run
Ajmal to Chandimal, no run
Ajmal to Kapugedera, 1 run
Ajmal to Chandimal, 1 run
Afridi to Chandimal, 3 runs
Afridi to Chandimal, no run
Afridi to Chandimal, 2 runs
Afridi to Chandimal, no run
Afridi to Chandimal, no run
Afridi to Chandimal, no run
Ajmal to Kapugedera, no run
Ajmal to Chandimal, 1 run
Ajmal to Kapugedera, 1 run
Ajmal to Kapugedera, no run
Ajmal to Kapugedera, no run
Ajmal to Kapugedera, no run
Afridi to Chandimal, 2 runs
Afridi to Dilshan, OUT
Afridi to Dilshan, no run
Afridi to Kapugedera, 1 run
Afridi to Kapugedera, no run
Afridi to Kapugedera, no run
Sami to Dilshan, FOUR runs
Sami to Dilshan, no run
Sami to Dilshan, no run
Sami to Kapugedera, 1 leg bye
Sami to Kapugedera, no run
Sami to Kapugedera, 1 wide
Sami to Dilshan, 1 run
Arafat to Kapugedera, no run
Arafat to Dilshan, 1 run
Arafat to Dilshan, no run
Arafat to Dilshan, 1 wide
Arafat to Dilshan, FOUR runs
Arafat to Dilshan, no run
Arafat to Kapugedera, 1 run
Tanvir to Kapugedera, 1 run
Tanvir to Kapugedera, FOUR runs
Tanvir to Kapugedera, no run
Tanvir to Kapugedera, no run
Tanvir to Kapugedera, no run
Tanvir to Kapugedera, no run
Arafat to Kulasekara, OUT
Arafat to Kulasekara, no run
Arafat to Kulasekara, no run
Arafat to Kulasekara, no run
Arafat to Sangakkara, OUT
Arafat to Sangakkara, no run
Arafat to Sangakkara, 1 wide
Tanvir to Dilshan, no run
Tanvir to Dilshan, no run
Tanvir to Dilshan, no run
Tanvir to Dilshan, no run
Tanvir to Sangakkara, 1 run
Tanvir to Sangakkara, no run
Arafat to Dilshan, no run
Arafat to Dilshan, FOUR runs
Arafat to Dilshan, FOUR runs
Arafat to Dilshan, no run
Arafat to Dilshan, no run
Arafat to Dilshan, no run
Tanvir to Sangakkara, no run
Tanvir to Sangakkara, 1 wide
Tanvir to Sangakkara, no run
Tanvir to Sangakkara, FOUR runs
Tanvir to Sangakkara, 2 runs
Tanvir to Dilshan, 1 leg bye
Tanvir to Sangakkara, 1 run
