Harbhajan to Ntini, 1 leg bye
Harbhajan to Ntini, FOUR runs
Harbhajan to JJ van der Wath, OUT
Harbhajan to JJ van der Wath, no run
Harbhajan to Morkel, 1 run
Harbhajan to JJ van der Wath, 1 run
Singh to Morkel, no run
Singh to Morkel, no run
Singh to Morkel, OUT
Singh to Morkel, 2 runs
Singh to JJ van der Wath, 1 leg bye
Singh to JJ van der Wath, no run
Harbhajan to Morkel, 2 runs
Harbhajan to JJ van der Wath, 1 run
Harbhajan to Philander, OUT
Harbhajan to Morkel, 1 run
Harbhajan to Philander, 1 run
Harbhajan to Philander, no run
Sreesanth to Philander, 1 run
Sreesanth to Philander, no run
Sreesanth to Boucher, OUT
Sreesanth to Morkel, 1 run
Sreesanth to Boucher, 1 run
Sreesanth to Boucher, no run
Sreesanth to Boucher, 1 wide
Harbhajan to Boucher, 1 run
Harbhajan to Boucher, no run
Harbhajan to Morkel, 1 run
Harbhajan to Boucher, 1 run
Harbhajan to Morkel, 1 run
Harbhajan to Boucher, 1 run
Joginder Sharma to Boucher, 1 run
Joginder Sharma to Morkel, 1 run
Joginder Sharma to Morkel, no run
Joginder Sharma to Morkel, no run
Joginder Sharma to Morkel, SIX runs
Joginder Sharma to Boucher, 1 run
Pathan to Morkel, no run
Pathan to Morkel, 1 wide
Pathan to Boucher, 1 run
Pathan to Morkel, 1 run
Pathan to Boucher, 1 run
Pathan to Morkel, 1 run
Pathan to Boucher, 1 run
Harbhajan to Morkel, 2 runs
Harbhajan to Boucher, 1 run
Harbhajan to Boucher, FOUR runs
Harbhajan to Boucher, FOUR runs
Harbhajan to Boucher, FOUR runs
Harbhajan to Boucher, no run
Pathan to Morkel, no run
Pathan to Morkel, FOUR runs
Pathan to Boucher, 1 leg bye
Pathan to Morkel, 1 run
Pathan to Boucher, 1 run
Pathan to Boucher, no run
Joginder Sharma to Morkel, no run
Joginder Sharma to Boucher, 1 run
Joginder Sharma to Morkel, 1 run
Joginder Sharma to Morkel, no run
Joginder Sharma to Morkel, FOUR runs
Joginder Sharma to Boucher, 1 run
Pathan to Boucher, 1 leg bye
Pathan to Morkel, 1 run
Pathan to Morkel, no run
Pathan to Morkel, no run
Pathan to Morkel, no run
Pathan to Morkel, 2 runs
Joginder Sharma to Morkel, 1 run
Joginder Sharma to Morkel, no run
Joginder Sharma to Morkel, 2 runs
Joginder Sharma to Morkel, no run
Joginder Sharma to Boucher, 1 run
Joginder Sharma to Boucher, 1 wide
Joginder Sharma to Boucher, 4 leg byes
Pathan to Morkel, no run
Pathan to Morkel, no run
Pathan to Boucher, 1 run
Pathan to Boucher, no run
Pathan to Boucher, no run
Pathan to Boucher, no run
Joginder Sharma to Boucher, 1 run
Joginder Sharma to Morkel, 1 run
Joginder Sharma to Morkel, no run
Joginder Sharma to Morkel, no run
Joginder Sharma to Boucher, 1 run
Joginder Sharma to Boucher, no run
Singh to Morkel, no run
Singh to Pollock, OUT
Singh to Pollock, 1 wide
Singh to Boucher, OUT
Singh to Boucher, 2 runs
Singh to Boucher, no run
Singh to Boucher, 1 wide
Singh to Boucher, FOUR runs
Sreesanth to Kemp, no run
Sreesanth to Kemp, no run
Sreesanth to Kemp, no run
Sreesanth to Kemp, FOUR runs
Sreesanth to Kemp, no run
Sreesanth to Kemp, no run
Singh to Boucher, no run
Singh to Kemp, 1 run
Singh to Kemp, no run
Singh to Kemp, no run
Singh to Boucher, 1 leg bye
Singh to Boucher, 1 wide
Singh to Boucher, no run
Sreesanth to Kemp, no run
Sreesanth to Boucher, 1 run
Sreesanth to Boucher, 1 wide
Sreesanth to Boucher, 1 wide
Sreesanth to Boucher, 1 wide
Sreesanth to Boucher, no run
Sreesanth to de Villiers, OUT
Sreesanth to de Villiers, no run
Sreesanth to de Villiers, no run
Singh to Kemp, no run
Singh to Kemp, no run
Singh to Smith, OUT
Singh to Smith, no run
Singh to de Villiers, 1 run
Singh to Gibbs, OUT
Sreesanth to Smith, no run
Sreesanth to Smith, no run
Sreesanth to Smith, no run
Sreesanth to Smith, FOUR runs
Sreesanth to Gibbs, 1 run
Sreesanth to Gibbs, 1 wide
Sreesanth to Gibbs, no run
Sreesanth to Gibbs, 5 wide
