JJ van der Wath to Rohit Sharma, SIX runs
JJ van der Wath to Pathan, 1 bye
JJ van der Wath to Dhoni, 1 run, OUT
JJ van der Wath to Dhoni, FOUR runs
JJ van der Wath to Dhoni, 2 runs
JJ van der Wath to Dhoni, no run
Morkel to Rohit Sharma, no run
Morkel to Rohit Sharma, no run
Morkel to Dhoni, 1 run
Morkel to Dhoni, (no ball) FOUR runs
Morkel to Rohit Sharma, 1 run
Morkel to Dhoni, 1 run
Morkel to Dhoni, no run
JJ van der Wath to Rohit Sharma, no run
JJ van der Wath to Rohit Sharma, no run
JJ van der Wath to Rohit Sharma, FOUR runs
JJ van der Wath to Dhoni, 1 run
JJ van der Wath to Rohit Sharma, 1 run
JJ van der Wath to Rohit Sharma, SIX runs
Morkel to Dhoni, SIX runs
Morkel to Dhoni, 2 runs
Morkel to Dhoni, FOUR runs
Morkel to Rohit Sharma, 1 leg bye
Morkel to Rohit Sharma, FOUR runs
Morkel to Dhoni, 1 run
Philander to Rohit Sharma, no run
Philander to Dhoni, 1 run
Philander to Rohit Sharma, 1 run
Philander to Rohit Sharma, no run
Philander to Rohit Sharma, 1 wide
Philander to Rohit Sharma, no run
Philander to Dhoni, 1 run
Morkel to Rohit Sharma, no run
Morkel to Dhoni, 1 run
Morkel to Rohit Sharma, 1 run
Morkel to Dhoni, 1 run
Morkel to Dhoni, FOUR runs
Morkel to Dhoni, no run
Ntini to Rohit Sharma, FOUR runs
Ntini to Rohit Sharma, FOUR runs
Ntini to Dhoni, 1 run
Ntini to Dhoni, no run
Ntini to Dhoni, 2 runs
Ntini to Dhoni, no run
Morkel to Dhoni, 1 run
Morkel to Rohit Sharma, 1 leg bye
Morkel to Rohit Sharma, FOUR runs
Morkel to Dhoni, 1 run
Morkel to Dhoni, no run
Morkel to Dhoni, no run
Philander to Dhoni, 1 run
Philander to Dhoni, 2 runs
Philander to Dhoni, no run
Philander to Dhoni, 5 wide
Philander to Dhoni, no run
Philander to Rohit Sharma, 1 run
Philander to Dhoni, 1 run
Morkel to Rohit Sharma, no run
Morkel to Rohit Sharma, no run
Morkel to Dhoni, 1 run
Morkel to Uthappa, OUT
Morkel to Uthappa, FOUR runs
Morkel to Uthappa, no run
JJ van der Wath to Rohit Sharma, FOUR runs
JJ van der Wath to Rohit Sharma, FOUR runs
JJ van der Wath to Rohit Sharma, no run
JJ van der Wath to Rohit Sharma, no run
JJ van der Wath to Uthappa, 1 run
JJ van der Wath to Uthappa, no run
Morkel to Uthappa, 1 run
Morkel to Rohit Sharma, 1 run
Morkel to Rohit Sharma, no run
Morkel to Rohit Sharma, no run
Morkel to Rohit Sharma, no run
Morkel to Rohit Sharma, no run
JJ van der Wath to Uthappa, SIX runs
JJ van der Wath to Rohit Sharma, 1 run
JJ van der Wath to Uthappa, 1 run
JJ van der Wath to Uthappa, no run
JJ van der Wath to Rohit Sharma, 1 run
JJ van der Wath to Rohit Sharma, no run
Pollock to Uthappa, no run
Pollock to Uthappa, no run
Pollock to Uthappa, no run
Pollock to Uthappa, no run
Pollock to Uthappa, 2 runs
Pollock to Rohit Sharma, 1 run
Ntini to Uthappa, no run
Ntini to Uthappa, no run
Ntini to Rohit Sharma, 1 run
Ntini to Rohit Sharma, no run
Ntini to Rohit Sharma, no run
Ntini to Sehwag, OUT
Pollock to Karthik, OUT
Pollock to Sehwag, 1 run
Pollock to Gambhir, OUT
Pollock to Sehwag, 1 run
Pollock to Gambhir, 1 run
Pollock to Sehwag, 1 run
Ntini to Sehwag, 1 run
Ntini to Gambhir, 1 run
Ntini to Gambhir, 1 wide
Ntini to Gambhir, no run
Ntini to Gambhir, 2 runs
Ntini to Sehwag, 1 bye
Ntini to Sehwag, FOUR runs
Pollock to Gambhir, no run
Pollock to Gambhir, FOUR runs
Pollock to Gambhir, no run
Pollock to Sehwag, 1 run
Pollock to Sehwag, 2 runs
Pollock to Sehwag, no run
Ntini to Gambhir, FOUR runs
Ntini to Gambhir, no run
Ntini to Gambhir, no run
Ntini to Gambhir, FOUR runs
Ntini to Gambhir, no run
Ntini to Gambhir, no run
Ntini to Gambhir, 1 wide
Pollock to Sehwag, no run
Pollock to Gambhir, 1 run
Pollock to Gambhir, no run
Pollock to Gambhir, 2 runs
Pollock to Gambhir, no run
Pollock to Gambhir, no run
