Nehra to Theron, 1 run
Nehra to Ntini, 1 run
Nehra to Ntini, no run
Nehra to Theron, 1 leg bye
Nehra to Botha, OUT
Nehra to Botha, 2 runs
Ashwin to Theron, no run
Ashwin to Theron, no run
Ashwin to Botha, 1 run
Ashwin to Parnell, OUT
Ashwin to Parnell, no run
Ashwin to Parnell, no run
Ashwin to Parnell, 1 wide
Nehra to Parnell, 1 run
Nehra to Botha, 1 run
Nehra to Parnell, 1 run
Nehra to Botha, 1 run
Nehra to Parnell, 1 run
Nehra to Parnell, FOUR runs
Pathan to Parnell, 3 runs
Pathan to Botha, 1 run
Pathan to Parnell, 1 run
Pathan to Parnell, no run
Pathan to Parnell, no run
Pathan to Botha, 1 run
Ashwin to Botha, 1 run
Ashwin to Parnell, 1 run
Ashwin to Botha, 1 run
Ashwin to Parnell, 1 run
Ashwin to Parnell, no run
Ashwin to Parnell, no run
Pathan to Botha, no run
Pathan to Parnell, 1 run
Pathan to Peterson, OUT
Pathan to Botha, 1 run
Pathan to Botha, SIX runs
Pathan to Botha, no run
Yuvraj to Peterson, no run
Yuvraj to Botha, 1 run
Yuvraj to Botha, 2 runs
Yuvraj to Peterson, 1 run
Yuvraj to Peterson, no run
Yuvraj to Peterson, no run
Pathan to Peterson, 1 run
Pathan to Miller, OUT
Pathan to Miller, SIX runs
Pathan to Miller, no run
Pathan to Botha, 1 run
Pathan to Botha, no run
Yuvraj to Miller, 2 runs
Yuvraj to Miller, no run
Yuvraj to Miller, no run
Yuvraj to Botha, 1 leg bye
Yuvraj to Botha, no run
Yuvraj to Botha, no run
Praveen to Botha, 1 run
Praveen to Botha, FOUR runs
Praveen to van Wyk, OUT
Praveen to van Wyk, no run
Praveen to Miller, 1 run
Praveen to van Wyk, 1 run
Yuvraj to van Wyk, 1 run
Yuvraj to Miller, 1 run
Yuvraj to Duminy, OUT
Yuvraj to Duminy, no run
Yuvraj to van Wyk, 1 run
Yuvraj to van Wyk, 1 run, OUT
Praveen to van Wyk, 1 run
Praveen to van Wyk, no run
Praveen to van Wyk, no run
Praveen to van Wyk, FOUR runs
Praveen to van Wyk, 2 runs
Praveen to van Wyk, 1 wide
Praveen to van Wyk, no run
Ashwin to van Wyk, 1 run
Ashwin to de Villiers, 1 run
Ashwin to van Wyk, 1 run
Ashwin to van Wyk, no run
Ashwin to van Wyk, SIX runs
Ashwin to de Villiers, 1 run
Yuvraj to van Wyk, no run
Yuvraj to de Villiers, 1 run
Yuvraj to de Villiers, FOUR runs
Yuvraj to de Villiers, FOUR runs
Yuvraj to de Villiers, no run
Yuvraj to van Wyk, 1 run
Ashwin to van Wyk, 3 runs
Ashwin to de Villiers, 1 run
Ashwin to van Wyk, 1 run
Ashwin to van Wyk, SIX runs
Ashwin to van Wyk, 1 wide
Ashwin to van Wyk, FOUR runs
Ashwin to de Villiers, 1 run
Patel to van Wyk, FOUR runs
Patel to van Wyk, SIX runs
Patel to de Villiers, 1 run
Patel to de Villiers, no run
Patel to Ingram, OUT
Patel to Ingram, no run
Nehra to van Wyk, no run
Nehra to van Wyk, no run
Nehra to Ingram, 1 run
Nehra to Ingram, no run
Nehra to van Wyk, 1 run
Nehra to van Wyk, SIX runs
Patel to Ingram, no run
Patel to Ingram, no run
Patel to van Wyk, 1 run
Patel to van Wyk, FOUR runs
Patel to van Wyk, FOUR runs
Patel to van Wyk, SIX runs
Nehra to van Wyk, 1 leg bye
Nehra to van Wyk, no run
Nehra to Ingram, 1 run
Nehra to Ingram, no run
Nehra to Amla, OUT
Nehra to Amla, no run
Praveen to van Wyk, no run
Praveen to van Wyk, no run
Praveen to van Wyk, 4 byes
Praveen to Amla, 1 run
Praveen to van Wyk, 1 run
Praveen to van Wyk, no run
