Theron to Raina, OUT
Theron to Dhoni, 1 run
Theron to Raina, 1 run
Theron to Raina, SIX runs
Theron to Dhoni, 1 run
Theron to Raina, 1 run
Theron to Raina, 1 wide
Parnell to Dhoni, no run
Parnell to Raina, 1 run
Parnell to Dhoni, 1 run
Parnell to Raina, 1 run
Parnell to Raina, no run
Parnell to Dhoni, 1 run
Ntini to Raina, 2 runs
Ntini to Raina, SIX runs
Ntini to Raina, no run
Ntini to Dhoni, 1 run
Ntini to Raina, 1 run
Ntini to Dhoni, 1 run
Parnell to Dhoni, 1 run
Parnell to Raina, 1 run
Parnell to Dhoni, 1 run
Parnell to Dhoni, no run
Parnell to Dhoni, 2 runs
Parnell to Raina, 1 run
Theron to Pathan, OUT
Theron to Pathan, 2 runs
Theron to Raina, 1 run
Theron to Raina, SIX runs
Theron to Raina, FOUR runs
Theron to Raina, no run
Ntini to Raina, 1 run
Ntini to Pathan, 1 run
Ntini to Raina, 1 run
Ntini to Pathan, 1 run
Ntini to Raina, 1 run
Ntini to Raina, FOUR runs
Peterson to Pathan, no run
Peterson to Raina, 1 run
Peterson to Pathan, 1 run
Peterson to Raina, 1 run
Peterson to Pathan, 1 run
Peterson to Pathan, 1 wide, OUT
Peterson to Pathan, no run
Duminy to Yuvraj, no run
Duminy to Rohit Sharma, OUT
Duminy to Yuvraj, 1 run
Duminy to Rohit Sharma, 1 run
Duminy to Rohit Sharma, FOUR runs
Duminy to Yuvraj, 1 run
Botha to Rohit Sharma, SIX runs
Botha to Rohit Sharma, FOUR runs
Botha to Rohit Sharma, FOUR runs
Botha to Yuvraj, 1 run
Botha to Rohit Sharma, 1 run
Botha to Rohit Sharma, no run
Duminy to Yuvraj, no run
Duminy to Rohit Sharma, 1 run
Duminy to Rohit Sharma, no run
Duminy to Rohit Sharma, 2 runs
Duminy to Yuvraj, 1 run
Duminy to Rohit Sharma, 1 run
Botha to Rohit Sharma, 1 run
Botha to Rohit Sharma, no run
Botha to Yuvraj, 1 run
Botha to Yuvraj, no run
Botha to Rohit Sharma, 1 run
Botha to Rohit Sharma, no run
Peterson to Yuvraj, FOUR runs
Peterson to Rohit Sharma, 1 run
Peterson to Yuvraj, 1 run
Peterson to Rohit Sharma, 1 run
Peterson to Yuvraj, 1 run
Peterson to Rohit Sharma, 1 run
Botha to Yuvraj, no run
Botha to Rohit Sharma, 1 run
Botha to Yuvraj, 1 run
Botha to Kohli, OUT
Botha to Kohli, FOUR runs
Botha to Kohli, no run
Peterson to Kohli, 1 run
Peterson to Kohli, no run
Peterson to Rohit Sharma, 1 run
Peterson to Rohit Sharma, 2 runs
Peterson to Kohli, 1 run
Peterson to Rohit Sharma, 1 run
Theron to Rohit Sharma, 1 run
Theron to Kohli, 1 run
Theron to Rohit Sharma, 1 run
Theron to Rohit Sharma, FOUR runs
Theron to Rohit Sharma, no run
Theron to Kohli, 1 run
Ntini to Rohit Sharma, SIX runs
Ntini to Kohli, 1 run
Ntini to Kohli, FOUR runs
Ntini to Kohli, FOUR runs
Ntini to Rohit Sharma, 1 run
Ntini to Rohit Sharma, FOUR runs
Theron to Rohit Sharma, 1 run
Theron to Kohli, 1 run
Theron to Kohli, FOUR runs
Theron to Rohit Sharma, 1 run
Theron to Rohit Sharma, no run
Theron to Rohit Sharma, no run
Parnell to Kohli, no run
Parnell to Kohli, FOUR runs
Parnell to Vijay, OUT
Parnell to Vijay, no run
Parnell to Kohli, 1 run
Parnell to Kohli, no run
Ntini to Kohli, 1 run
Ntini to Vijay, 1 run
Ntini to Vijay, no run
Ntini to Vijay, FOUR runs
Ntini to Vijay, no run
Ntini to Vijay, no run
Parnell to Vijay, 1 run
Parnell to Vijay, FOUR runs
Parnell to Vijay, 1 wide
Parnell to Vijay, FOUR runs
Parnell to Vijay, no run
Parnell to Vijay, no run
Parnell to Kohli, 1 leg bye
