Morkel to AD Mascarenhas, 1 run
Morkel to Schofield, 1 run
Morkel to AD Mascarenhas, 1 run
Morkel to AD Mascarenhas, no run
Morkel to AD Mascarenhas, FOUR runs
Morkel to AD Mascarenhas, 2 runs
JJ van der Wath to AD Mascarenhas, 1 run
JJ van der Wath to Schofield, 1 run
JJ van der Wath to Schofield, FOUR runs
JJ van der Wath to Flintoff, OUT
JJ van der Wath to AD Mascarenhas, 1 run
JJ van der Wath to AD Mascarenhas, FOUR runs
Morkel to AD Mascarenhas, 1 run
Morkel to Flintoff, 1 run
Morkel to Snape, OUT
Morkel to Snape, no run
Morkel to Snape, no run
Morkel to Flintoff, 1 leg bye
JJ van der Wath to Flintoff, 1 leg bye
JJ van der Wath to Flintoff, no run
JJ van der Wath to Flintoff, 2 runs
JJ van der Wath to Snape, 1 run
JJ van der Wath to Snape, no run
JJ van der Wath to Flintoff, 1 run
Philander to Flintoff, 1 run
Philander to Snape, 1 run
Philander to Snape, 2 runs
Philander to Snape, no run
Philander to Flintoff, 1 run
Philander to Snape, 1 run
Morkel to Snape, 1 run
Morkel to Flintoff, 1 run
Morkel to Snape, 1 run
Morkel to Shah, OUT
Morkel to Shah, FOUR runs
Morkel to Flintoff, 1 run
Ntini to Shah, no run
Ntini to Flintoff, 1 run
Ntini to Flintoff, no run
Ntini to Flintoff, FOUR runs
Ntini to Flintoff, FOUR runs
Ntini to Shah, 1 run
Morkel to Flintoff, no run
Morkel to Shah, 1 run
Morkel to Prior, OUT
Morkel to Prior, 1 wide
Morkel to Shah, 1 run
Morkel to Prior, 1 run
Morkel to Prior, no run
Philander to Shah, SIX runs
Philander to Shah, no run
Philander to Shah, no run
Philander to Shah, SIX runs
Philander to Shah, 2 runs
Philander to Shah, 2 runs
JJ van der Wath to Shah, 1 run
JJ van der Wath to Prior, 1 run
JJ van der Wath to Prior, no run
JJ van der Wath to Shah, 1 run
JJ van der Wath to Prior, 1 run
JJ van der Wath to Prior, no run
Morkel to Prior, 1 run
Morkel to Prior, no run
Morkel to Shah, 1 run
Morkel to Shah, 2 leg byes
Morkel to Shah, no run
Morkel to Shah, 2 runs
JJ van der Wath to Prior, no run
JJ van der Wath to Prior, SIX runs
JJ van der Wath to Shah, 1 run
JJ van der Wath to Prior, 3 runs
JJ van der Wath to Prior, no run
JJ van der Wath to Shah, 1 run
Morkel to Prior, no run
Morkel to Prior, FOUR runs
Morkel to Prior, no run
Morkel to Shah, 1 run
Morkel to Shah, no run
Morkel to Shah, no run
Pollock to Shah, 3 runs
Pollock to Prior, 1 run
Pollock to Shah, 1 run
Pollock to Prior, 1 run
Pollock to Prior, no run
Pollock to Prior, no run
Ntini to Shah, no run
Ntini to Shah, no run
Ntini to Prior, 1 run
Ntini to Shah, 1 run
Ntini to Shah, no run
Ntini to Shah, no run
Ntini to Shah, 1 wide
Pollock to Shah, 1 leg bye
Pollock to PD Collingwood, OUT
Pollock to Prior, 3 runs
Pollock to Pietersen, OUT
Pollock to Pietersen, no run
Pollock to Prior, 1 run
Ntini to Pietersen, FOUR runs
Ntini to Pietersen, no run
Ntini to Prior, 3 runs
Ntini to Pietersen, 1 run
Ntini to Prior, 1 run
Ntini to Prior, no run
Pollock to Prior, 1 run
Pollock to Prior, no run
Pollock to Pietersen, 1 run
Pollock to Pietersen, no run
Pollock to Pietersen, FOUR runs
Pollock to Prior, 1 run
Ntini to Prior, 1 run
Ntini to Pietersen, 1 run
Ntini to Pietersen, no run
Ntini to Pietersen, no run
Ntini to Pietersen, FOUR runs
Ntini to Prior, 1 run
Pollock to Pietersen, no run
Pollock to Pietersen, no run
Pollock to Wright, OUT
Pollock to Wright, no run
Pollock to Wright, no run
Pollock to Wright, no run
