Flintoff to Morkel, OUT
Flintoff to JJ van der Wath, 1 run
Flintoff to JJ van der Wath, 2 runs
Flintoff to JJ van der Wath, FOUR runs
Flintoff to Morkel, 1 run
Flintoff to JJ van der Wath, 1 run
Broad to Morkel, FOUR runs
Broad to Morkel, no run
Broad to Morkel, FOUR runs
Broad to JJ van der Wath, 2 wide
Broad to Morkel, 1 run
Broad to JJ van der Wath, 1 run
Broad to Philander, OUT
Schofield to Morkel, SIX runs
Schofield to Morkel, SIX runs
Schofield to Morkel, SIX runs
Schofield to Philander, 1 run
Schofield to Morkel, 1 run
Schofield to Philander, 1 run
Flintoff to Morkel, no run
Flintoff to Morkel, FOUR runs
Flintoff to Philander, 1 run
Flintoff to Morkel, 1 run
Flintoff to Morkel, no run
Flintoff to Philander, 1 run
Flintoff to Philander, 1 wide
AD Mascarenhas to Philander, 1 run
AD Mascarenhas to Morkel, 1 run
AD Mascarenhas to Morkel, SIX runs
AD Mascarenhas to Philander, 1 run
AD Mascarenhas to Morkel, 1 run
AD Mascarenhas to Kemp, OUT
Anderson to Kemp, 1 run
Anderson to Morkel, 1 run
Anderson to Morkel, no run
Anderson to Morkel, no run
Anderson to Kemp, 1 run
Anderson to Pollock, OUT
Schofield to Kemp, no run
Schofield to Kemp, no run
Schofield to Kemp, no run
Schofield to Boucher, OUT
Schofield to Kemp, 1 run
Schofield to Boucher, 1 run
Anderson to Kemp, no run
Anderson to Boucher, 1 run
Anderson to Boucher, no run
Anderson to Kemp, 1 run
Anderson to Kemp, no run
Anderson to Boucher, 1 run
AD Mascarenhas to Boucher, 1 run
AD Mascarenhas to Boucher, 2 runs
AD Mascarenhas to Boucher, no run
AD Mascarenhas to Kemp, 1 run
AD Mascarenhas to Boucher, 1 run
AD Mascarenhas to Boucher, FOUR runs
Schofield to Boucher, 1 run
Schofield to Kemp, 1 run
Schofield to Boucher, 1 run
Schofield to Kemp, 1 run
Schofield to Boucher, 1 run
Schofield to Boucher, FOUR runs
Snape to Kemp, SIX runs
Snape to Boucher, 1 run
Snape to Boucher, 2 runs
Snape to Kemp, 1 run
Snape to Boucher, 1 run
Snape to Kemp, 1 run
Schofield to Boucher, no run
Schofield to Boucher, no run
Schofield to Boucher, no run
Schofield to Boucher, 1 wide
Schofield to Boucher, no run
Schofield to Boucher, no run
Schofield to Kemp, 1 run
AD Mascarenhas to Kemp, 1 run
AD Mascarenhas to Kemp, no run
AD Mascarenhas to Kemp, no run
AD Mascarenhas to Boucher, 1 run
AD Mascarenhas to Kemp, 3 runs
AD Mascarenhas to Kemp, no run
Broad to Boucher, no run
Broad to Kemp, 1 run
Broad to Boucher, 1 run
Broad to Boucher, FOUR runs
Broad to Boucher, no run
Broad to Boucher, no run
Flintoff to Kemp, no run
Flintoff to Kemp, no run
Flintoff to Kemp, no run
Flintoff to Kemp, no run
Flintoff to Boucher, 1 run
Flintoff to de Villiers, OUT
Broad to de Villiers, 1 leg bye
Broad to de Villiers, FOUR runs
Broad to de Villiers, no run
Broad to de Villiers, FOUR runs
Broad to de Villiers, no run
Broad to Smith, OUT
Broad to Smith, 1 wide
Anderson to Smith, 1 run
Anderson to Smith, FOUR runs
Anderson to Smith, no run
Anderson to Smith, no run
Anderson to Smith, FOUR runs
Anderson to Smith, no run
Flintoff to de Villiers, no run
Flintoff to de Villiers, no run
Flintoff to de Villiers, no run
Flintoff to Smith, 1 run
Flintoff to Smith, FOUR runs
Flintoff to Smith, no run
Broad to de Villiers, 2 runs
Broad to de Villiers, FOUR runs
Broad to de Villiers, FOUR runs
Broad to de Villiers, no run
Broad to de Villiers, no run
Broad to Duminy, OUT
Anderson to Smith, no run
Anderson to Smith, FOUR runs
Anderson to Duminy, 1 leg bye
Anderson to Duminy, 1 wide
Anderson to Duminy, 1 wide
Anderson to Duminy, no run
Anderson to Duminy, no run
Anderson to Smith, 1 run
