Nehra to Duminy, FOUR runs
Nehra to Boucher, 1 run
Nehra to de Villiers, OUT
Nehra to de Villiers, no run
Nehra to Boucher, 3 runs
Nehra to de Villiers, 1 run
Pathan to de Villiers, 1 run
Pathan to de Villiers, SIX runs
Pathan to de Villiers, FOUR runs
Pathan to Morkel, OUT
Pathan to Morkel, 2 runs
Pathan to Morkel, SIX runs
Nehra to Morkel, 1 run
Nehra to de Villiers, 1 run
Nehra to Morkel, (no ball) 1 run
Nehra to de Villiers, 1 run
Nehra to Morkel, 1 run
Nehra to de Villiers, 1 run
Nehra to Morkel, 1 run
Chawla to de Villiers, 2 runs
Chawla to de Villiers, SIX runs
Chawla to de Villiers, no run
Chawla to Kallis, OUT
Chawla to de Villiers, 1 run
Chawla to Kallis, 1 run
Jadeja to de Villiers, SIX runs
Jadeja to Kallis, 1 run
Jadeja to de Villiers, 1 run
Jadeja to Smith, 1 run, OUT
Jadeja to Kallis, 1 run
Jadeja to Kallis, SIX runs
Harbhajan to Kallis, 1 run
Harbhajan to Smith, 1 run
Harbhajan to Kallis, 1 run
Harbhajan to Kallis, SIX runs
Harbhajan to Kallis, SIX runs
Harbhajan to Smith, 1 run
Jadeja to Smith, 1 run
Jadeja to Kallis, 1 run
Jadeja to Kallis, no run
Jadeja to Smith, 1 run
Jadeja to Smith, SIX runs
Jadeja to Kallis, 1 run
Harbhajan to Kallis, 1 run
Harbhajan to Kallis, 2 runs
Harbhajan to Kallis, 2 runs
Harbhajan to Smith, 1 run
Harbhajan to Kallis, 1 run
Harbhajan to Smith, 1 run
Jadeja to Kallis, FOUR runs
Jadeja to Kallis, 2 runs
Jadeja to Kallis, no run
Jadeja to Kallis, no run
Jadeja to Smith, 1 run
Jadeja to Smith, no run
Chawla to Smith, 1 run
Chawla to Kallis, 1 run
Chawla to Smith, 1 run
Chawla to Smith, SIX runs
Chawla to Kallis, 1 run
Chawla to Kallis, 2 runs
Jadeja to Kallis, 1 run
Jadeja to Kallis, no run
Jadeja to Kallis, 2 runs
Jadeja to Kallis, no run
Jadeja to Smith, 1 run
Jadeja to Smith, no run
Pathan to Smith, 1 run
Pathan to Kallis, 1 run
Pathan to Kallis, FOUR runs
Pathan to Smith, 1 run
Pathan to Smith, no run
Pathan to Kallis, 1 run
Chawla to Kallis, 1 run
Chawla to Kallis, 2 runs
Chawla to Smith, 1 bye
Chawla to Kallis, 1 run
Chawla to Kallis, no run
Chawla to Smith, 1 run
Pathan to Kallis, no run
Pathan to Smith, 1 run
Pathan to Smith, FOUR runs
Pathan to Smith, no run
Pathan to Kallis, 1 run
Pathan to Smith, 1 run
Nehra to Kallis, no run
Nehra to Kallis, 2 runs
Nehra to Smith, 1 run
Nehra to Smith, 2 runs
Nehra to Kallis, 1 run
Nehra to Smith, 1 leg bye
Pathan to Smith, 1 run
Pathan to Kallis, 3 runs
Pathan to Bosman, OUT
Pathan to Kallis, 1 run
Pathan to Bosman, 1 run
Pathan to Bosman, 2 runs
Nehra to Bosman, 1 run
Nehra to Bosman, no run
Nehra to Kallis, 1 run
Nehra to Bosman, 1 run
Nehra to Kallis, 1 run
Nehra to Kallis, no run
Harbhajan to Kallis, 1 run
Harbhajan to Bosman, 1 run
Harbhajan to Bosman, no run
Harbhajan to Kallis, 1 run
Harbhajan to Kallis, no run
Harbhajan to Kallis, no run
Praveen to Kallis, 1 run
Praveen to Kallis, no run
Praveen to Bosman, 1 run
Praveen to Kallis, 1 run
Praveen to Bosman, 1 leg bye
Praveen to Bosman, no run
Harbhajan to Kallis, FOUR runs
Harbhajan to Bosman, 1 run
Harbhajan to Bosman, no run
Harbhajan to Bosman, no run
Harbhajan to Kallis, 1 run
Harbhajan to Kallis, no run
