Morkel to Dhoni, SIX runs
Morkel to Dhoni, 2 runs
Morkel to Raina, OUT
Morkel to Raina, SIX runs
Morkel to Dhoni, 1 run
Morkel to Dhoni, FOUR runs
Steyn to Dhoni, 1 run
Steyn to Dhoni, 2 runs
Steyn to Raina, 1 run
Steyn to Pathan, OUT
Steyn to Raina, 1 run
Steyn to Pathan, 1 run
Kleinveldt to Raina, SIX runs
Kleinveldt to Raina, FOUR runs
Kleinveldt to Raina, FOUR runs
Kleinveldt to Raina, FOUR runs
Kleinveldt to Pathan, 1 run
Kleinveldt to Pathan, SIX runs
Morkel to Pathan, 1 run
Morkel to Raina, 1 run
Morkel to Raina, FOUR runs
Morkel to Pathan, 1 run
Morkel to Raina, 1 run
Morkel to Raina, 1 wide
Morkel to Pathan, 1 run
Kleinveldt to Raina, SIX runs
Kleinveldt to Yuvraj, OUT
Kleinveldt to Raina, 1 run
Kleinveldt to Raina, SIX runs
Kleinveldt to Yuvraj, 1 run
Kleinveldt to Raina, 1 run
Steyn to Raina, 1 run
Steyn to Raina, no run
Steyn to Raina, FOUR runs
Steyn to Yuvraj, 1 run
Steyn to Yuvraj, no run
Steyn to Raina, 1 run
Morkel to Raina, 1 run
Morkel to Yuvraj, 1 run
Morkel to Raina, 1 run
Morkel to Yuvraj, 1 run
Morkel to Yuvraj, no run
Morkel to Yuvraj, FOUR runs
Steyn to Yuvraj, 1 run
Steyn to Yuvraj, no run
Steyn to Raina, 1 run
Steyn to Yuvraj, 1 run
Steyn to Yuvraj, FOUR runs
Steyn to Yuvraj, no run
Kallis to Yuvraj, 1 run
Kallis to Yuvraj, FOUR runs
Kallis to Yuvraj, 1 wide
Kallis to Yuvraj, no run
Kallis to Raina, 1 run
Kallis to Yuvraj, 1 run
Kallis to Raina, 1 run
Morkel to Yuvraj, SIX runs
Morkel to Raina, 1 run
Morkel to Raina, 2 runs
Morkel to Raina, no run
Morkel to Raina, FOUR runs
Morkel to Raina, no run
Kallis to Raina, 1 run
Kallis to Raina, 2 runs
Kallis to Raina, 2 runs
Kallis to Raina, no run
Kallis to Raina, no run
Kallis to Raina, SIX runs
van der Merwe to Yuvraj, no run
van der Merwe to Yuvraj, SIX runs
van der Merwe to Yuvraj, no run
van der Merwe to Raina, 1 run
van der Merwe to Raina, FOUR runs
van der Merwe to Raina, 2 runs
Kallis to Raina, 1 run
Kallis to Yuvraj, 1 run
Kallis to Raina, 1 run
Kallis to Yuvraj, 1 run
Kallis to Yuvraj, no run
Kallis to Yuvraj, no run
Kleinveldt to Raina, no run
Kleinveldt to Yuvraj, 1 run
Kleinveldt to Yuvraj, 2 runs
Kleinveldt to Yuvraj, no run
Kleinveldt to Yuvraj, no run
Kleinveldt to Yuvraj, no run
Kallis to Raina, no run
Kallis to Raina, FOUR runs
Kallis to Raina, no run
Kallis to Karthik, OUT
Kallis to Raina, 1 run
Kallis to Karthik, 1 run
Morkel to Raina, FOUR runs
Morkel to Raina, no run
Morkel to Raina, no run
Morkel to Karthik, 1 run
Morkel to Raina, 1 run
Morkel to Raina, 2 runs
Morkel to Raina, (no ball)
Morkel to Karthik, no run
Morkel to Karthik, 2 runs
Morkel to Karthik, no run
Morkel to Karthik, FOUR runs
Morkel to Raina, 1 run
Morkel to Raina, no run
Morkel to Karthik, FOUR runs
Morkel to Karthik, no run
Morkel to Karthik, no run
Morkel to Karthik, no run
Morkel to Karthik, no run
Morkel to Karthik, no run
Morkel to Karthik, 1 wide
Steyn to Raina, no run
Steyn to Karthik, 1 run
Steyn to Raina, 1 run
Steyn to Raina, 2 runs
Steyn to Raina, no run
Steyn to Raina, no run
Kleinveldt to Karthik, no run
Kleinveldt to Karthik, no run
Kleinveldt to Raina, 1 run
Kleinveldt to Raina, no run
Kleinveldt to Vijay, OUT
Kleinveldt to Karthik, 3 runs
Kleinveldt to Karthik, 1 wide
