Umar Gul to Tait, OUT
Umar Gul to Hussey, 1 run
Umar Gul to Hussey, no run
Umar Gul to Tait, 1 run
Ajmal to Hussey, SIX runs
Ajmal to Hussey, no run
Ajmal to Hussey, 1 run, OUT
Ajmal to Nannes, 3 runs
Ajmal to Nannes, no run
Ajmal to Hussey, 1 run
Umar Gul to Hussey, 1 run
Umar Gul to Hussey, 2 runs
Umar Gul to Hussey, FOUR runs
Umar Gul to Nannes, 1 run
Umar Gul to Johnson, OUT
Umar Gul to Hussey, 1 run
Ajmal to Johnson, no run
Ajmal to Johnson, 2 runs
Ajmal to Johnson, no run
Ajmal to Johnson, no run
Ajmal to Johnson, no run
Ajmal to Hussey, 1 run
Naved-ul-Hasan to Johnson, no run
Naved-ul-Hasan to Smith, OUT
Naved-ul-Hasan to Hussey, 1 run
Naved-ul-Hasan to Hussey, 2 runs
Naved-ul-Hasan to Hussey, no run
Naved-ul-Hasan to Hussey, no run
Malik to Hussey, 1 run
Malik to Hussey, SIX runs
Malik to Smith, 1 run
Malik to Smith, FOUR runs
Malik to Smith, no run
Malik to Hussey, 1 run
Ajmal to Smith, no run
Ajmal to Hussey, 1 run
Ajmal to Hussey, no run
Ajmal to Smith, 1 run
Ajmal to Hussey, 1 run
Ajmal to Smith, 1 run
Malik to Smith, 1 run
Malik to Haddin, 1 wide, OUT
Malik to Hussey, 1 run
Malik to Haddin, 1 run
Malik to Haddin, no run
Malik to Haddin, no run
Malik to Birt, OUT
Umar Gul to Birt, 1 run
Umar Gul to White, OUT
Umar Gul to Hussey, 1 run
Umar Gul to White, 1 run
Umar Gul to White, no run
Umar Gul to Hussey, 1 run
Malik to White, no run
Malik to Hussey, 1 run
Malik to White, 1 run
Malik to Hussey, 1 run
Malik to Hussey, no run
Malik to White, 1 run
Umar Gul to White, 1 run
Umar Gul to White, 1 wide
Umar Gul to White, no run
Umar Gul to Clarke, OUT
Umar Gul to Hussey, 1 run
Umar Gul to Clarke, 1 run
Umar Gul to Hussey, 1 run
Malik to Hussey, 1 run
Malik to Clarke, 1 run
Malik to Clarke, 2 runs
Malik to Hussey, 1 run
Malik to Clarke, 1 run
Malik to Clarke, FOUR runs
Mohammad Asif to Clarke, 1 run
Mohammad Asif to Warner, OUT
Mohammad Asif to Warner, 2 runs
Mohammad Asif to Clarke, 1 run
Mohammad Asif to Clarke, no run
Mohammad Asif to Warner, 1 run
Naved-ul-Hasan to Warner, 1 run
Naved-ul-Hasan to Clarke, 1 run
Naved-ul-Hasan to Warner, 3 runs
Naved-ul-Hasan to Clarke, 1 run
Naved-ul-Hasan to Clarke, 2 runs
Naved-ul-Hasan to Warner, 1 run
Mohammad Asif to Clarke, no run
Mohammad Asif to Warner, 1 run
Mohammad Asif to Warner, SIX runs
Mohammad Asif to Clarke, 1 run
Mohammad Asif to Clarke, 2 runs
Mohammad Asif to Clarke, no run
Naved-ul-Hasan to Clarke, 1 run
Naved-ul-Hasan to Clarke, 2 runs
Naved-ul-Hasan to Warner, 1 run
Naved-ul-Hasan to Clarke, 1 run
Naved-ul-Hasan to Clarke, no run
Naved-ul-Hasan to Warner, 1 run
Mohammad Asif to Clarke, 2 runs
Mohammad Asif to Clarke, 2 runs
Mohammad Asif to Clarke, no run
Mohammad Asif to Clarke, no run
Mohammad Asif to Clarke, FOUR runs
Mohammad Asif to Warner, 1 run
Naved-ul-Hasan to Clarke, 2 runs
Naved-ul-Hasan to Warner, 2 runs, OUT
Naved-ul-Hasan to Warner, no run
Naved-ul-Hasan to Warner, FOUR runs
Naved-ul-Hasan to Watson, 1 run
Naved-ul-Hasan to Watson, no run
Mohammad Asif to Watson, 1 run
Mohammad Asif to Watson, 2 runs
Mohammad Asif to Watson, no run
Mohammad Asif to Watson, no run
Mohammad Asif to Watson, FOUR runs
Mohammad Asif to Watson, no run
