Watson to Mohammad Asif, FOUR runs
Watson to Ajmal, 1 leg bye
Watson to Ajmal, no run
Watson to Mohammad Asif, 1 run
Watson to Ajmal, 1 run
Watson to Umar Akmal, OUT
Nannes to Umar Gul, OUT
Nannes to Umar Gul, no run
Nannes to Umar Gul, 2 runs
Nannes to Umar Gul, no run
Nannes to Umar Gul, no run
Nannes to Umar Gul, no run
Smith to Umar Gul, 1 run
Smith to Umar Akmal, 1 run
Smith to Umar Gul, 1 run
Smith to Umar Gul, SIX runs
Smith to Naved-ul-Hasan, OUT
Smith to Umar Akmal, 1 run
Johnson to Naved-ul-Hasan, no run
Johnson to Naved-ul-Hasan, no run
Johnson to Naved-ul-Hasan, no run
Johnson to Naved-ul-Hasan, no run
Johnson to Naved-ul-Hasan, no run
Johnson to Naved-ul-Hasan, no run
Smith to Umar Akmal, 2 runs
Smith to Naved-ul-Hasan, 1 run
Smith to Naved-ul-Hasan, no run
Smith to Fawad Alam, OUT
Smith to Umar Akmal, 1 run
Smith to Umar Akmal, 2 runs
Tait to Umar Akmal, 1 run
Tait to Fawad Alam, 1 run
Tait to Fawad Alam, no run
Tait to Fawad Alam, no run
Tait to Fawad Alam, no run
Tait to Kamran, OUT
Watson to Kamran, 1 run
Watson to Umar Akmal, 1 run
Watson to Umar Akmal, no run
Watson to Umar Akmal, 2 runs
Watson to Umar Akmal, 2 runs
Watson to Kamran, 1 run
Smith to Kamran, 1 run
Smith to Kamran, 2 runs
Smith to Kamran, 2 runs
Smith to Kamran, FOUR runs
Smith to Kamran, no run
Smith to Umar Akmal, 1 run
Nannes to Kamran, SIX runs
Nannes to Umar Akmal, 1 run
Nannes to Kamran, 1 run
Nannes to Umar Akmal, 1 run
Nannes to Umar Akmal, 2 runs
Nannes to Umar Akmal, no run
Smith to Kamran, 2 runs
Smith to Kamran, FOUR runs
Smith to Umar Akmal, 1 run
Smith to Umar Akmal, no run
Smith to Umar Akmal, no run
Smith to Kamran, 1 run
Johnson to Umar Akmal, no run
Johnson to Umar Akmal, no run
Johnson to Umar Akmal, 2 runs
Johnson to Umar Akmal, no run
Johnson to Kamran, 1 leg bye
Johnson to Kamran, no run
Tait to Umar Akmal, no run
Tait to Umar Akmal, no run
Tait to Malik, OUT
Tait to Malik, no run
Tait to Kamran, 1 run
Tait to Malik, 1 leg bye
Watson to Kamran, no run
Watson to Kamran, FOUR runs
Watson to Kamran, FOUR runs
Watson to Malik, 1 run
Watson to Kamran, 1 run
Watson to Malik, 1 run
Johnson to Kamran, no run
Johnson to Kamran, no run
Johnson to Malik, 1 run
Johnson to Malik, no run
Johnson to Malik, no run
Johnson to Kamran, 1 run
Watson to Malik, no run
Watson to Malik, no run
Watson to Malik, no run
Watson to Khalid Latif, OUT
Watson to Khalid Latif, no run
Watson to Khalid Latif, no run
Johnson to Kamran, SIX runs
Johnson to Kamran, 2 runs
Johnson to Kamran, 1 wide
Johnson to Kamran, FOUR runs
Johnson to Kamran, 2 runs
Johnson to Khalid Latif, 1 run
Johnson to Khalid Latif, FOUR runs
Nannes to Kamran, FOUR runs
Nannes to Kamran, 2 runs
Nannes to Kamran, FOUR runs
Nannes to Khalid Latif, 1 run
Nannes to Kamran, 3 runs
Nannes to Kamran, no run
Tait to Khalid Latif, no run
Tait to Khalid Latif, no run
Tait to Farhat, OUT
Tait to Farhat, FOUR runs
Tait to Farhat, no run
Tait to Kamran, 1 run
Nannes to Farhat, no run
Nannes to Imran Nazir, OUT
Nannes to Imran Nazir, no run
Nannes to Imran Nazir, no run
Nannes to Imran Nazir, no run
Nannes to Imran Nazir, no run
Tait to Farhat, no run
Tait to Farhat, no run
Tait to Farhat, 4 runs
Tait to Farhat, 1 wide
Tait to Farhat, no run
Tait to Farhat, no run
Tait to Farhat, no run
