Rampaul to Starc, OUT
Rampaul to Doherty, 3 runs
Rampaul to Doherty, no run
Rampaul to Starc, 1 run
Narine to Doherty, FOUR runs
Narine to Doherty, no run
Narine to Doherty, 2 runs
Narine to Doherty, no run
Narine to Doherty, no run
Narine to Hogg, OUT
Rampaul to Hogg, 1 run
Rampaul to Hogg, 2 runs
Rampaul to Hogg, 1 wide
Rampaul to Hogg, 2 runs
Rampaul to Hogg, no run
Rampaul to Starc, 1 leg bye
Rampaul to Hogg, 1 run
Pollard to Hogg, 1 run
Pollard to Starc, 1 run
Pollard to Starc, no run
Pollard to Cummins, OUT
Pollard to Bailey, OUT
Pollard to Bailey, FOUR runs
Sammy to Cummins, 2 runs
Sammy to Cummins, no run
Sammy to Bailey, 1 run
Sammy to Bailey, SIX runs
Sammy to Cummins, 1 run
Sammy to Bailey, 1 run
Narine to Cummins, no run
Narine to Cummins, 2 runs
Narine to Cummins, 2 leg byes
Narine to Bailey, 1 run
Narine to Cummins, 1 run
Narine to Bailey, 1 run
Russell to Cummins, FOUR runs
Russell to Bailey, 1 run
Russell to Bailey, SIX runs
Russell to Bailey, FOUR runs
Russell to Bailey, FOUR runs
Russell to Bailey, SIX runs
Badree to Bailey, 1 run
Badree to Bailey, 2 runs
Badree to Bailey, SIX runs
Badree to Cummins, 1 run
Badree to Cummins, no run
Badree to Bailey, 1 run
Rampaul to Cummins, no run
Rampaul to Cummins, no run
Rampaul to Bailey, 1 run
Rampaul to Cummins, 1 run
Rampaul to Bailey, 1 run
Rampaul to Cummins, 1 run
Narine to Bailey, 2 runs
Narine to Bailey, no run
Narine to Bailey, no run
Narine to Bailey, FOUR runs
Narine to Wade, OUT
Narine to Wade, no run
Rampaul to Wade, 1 run
Rampaul to Wade, no run
Rampaul to Wade, no run
Rampaul to Hussey, OUT
Rampaul to Hussey, no run
Rampaul to White, OUT
Samuels to Bailey, FOUR runs
Samuels to Bailey, FOUR runs
Samuels to Bailey, no run
Samuels to Bailey, no run
Samuels to White, 1 run
Samuels to White, 2 runs
Badree to Bailey, 2 runs
Badree to Bailey, no run
Badree to Bailey, no run
Badree to Watson, OUT
Badree to Watson, no run
Badree to White, 1 run
Samuels to Watson, FOUR runs
Samuels to Watson, no run
Samuels to White, 1 run
Samuels to White, no run
Samuels to Watson, 1 run
Samuels to Hussey, OUT
Badree to Hussey, 1 run
Badree to Hussey, 2 runs
Badree to Hussey, no run
Badree to Hussey, no run
Badree to Hussey, FOUR runs
Badree to Hussey, FOUR runs
Samuels to Hussey, 3 runs
Samuels to Hussey, no run
Samuels to Hussey, no run
Samuels to Hussey, FOUR runs
Samuels to Hussey, no run
Samuels to Hussey, 1 wide
Samuels to Watson, 1 run
Badree to Warner, OUT
Badree to Watson, 1 run
Badree to Watson, no run
Badree to Watson, no run
Badree to Warner, 1 run
Badree to Warner, no run
