Doherty to Pollard, OUT
Doherty to Pollard, SIX runs
Doherty to Pollard, SIX runs
Doherty to Pollard, SIX runs
Doherty to Gayle, 1 run
Doherty to Gayle, SIX runs
Starc to Pollard, 2 runs
Starc to Pollard, FOUR runs
Starc to Pollard, FOUR runs
Starc to Gayle, 1 run
Starc to Gayle, no run
Starc to Gayle, SIX runs
Cummins to Pollard, FOUR runs
Cummins to Pollard, no run
Cummins to Gayle, 1 run
Cummins to Gayle, FOUR runs
Cummins to Gayle, 1 wide
Cummins to Pollard, 1 run
Cummins to Pollard, 2 runs
Watson to Pollard, 1 run
Watson to Pollard, 2 byes
Watson to Pollard, no run
Watson to Gayle, 1 run
Watson to Gayle, no run
Watson to Gayle, FOUR runs
Cummins to Pollard, 2 runs
Cummins to Dwayne Bravo, OUT
Cummins to Dwayne Bravo, SIX runs
Cummins to Gayle, 1 run
Cummins to Gayle, no run
Cummins to Dwayne Bravo, 1 run
Hussey to Gayle, FOUR runs
Hussey to Gayle, 2 leg byes
Hussey to Gayle, 2 runs
Hussey to Gayle, SIX runs
Hussey to Gayle, FOUR runs
Hussey to Dwayne Bravo, 1 run
Hogg to Dwayne Bravo, 1 run
Hogg to Gayle, 1 run
Hogg to Dwayne Bravo, 1 run
Hogg to Dwayne Bravo, no run
Hogg to Dwayne Bravo, no run
Hogg to Dwayne Bravo, SIX runs
Watson to Gayle, FOUR runs
Watson to Dwayne Bravo, 1 run
Watson to Dwayne Bravo, SIX runs
Watson to Dwayne Bravo, 2 runs
Watson to Dwayne Bravo, no run
Watson to Dwayne Bravo, no run
Starc to Dwayne Bravo, 1 run
Starc to Dwayne Bravo, no run
Starc to Dwayne Bravo, no run
Starc to Gayle, 1 run
Starc to Gayle, no run
Starc to Gayle, 5 wide
Starc to Dwayne Bravo, 1 run
Hussey to Dwayne Bravo, 1 run
Hussey to Dwayne Bravo, 4 byes
Hussey to Gayle, 1 run
Hussey to Dwayne Bravo, 1 run
Hussey to Gayle, 1 run
Hussey to Dwayne Bravo, 1 run
Doherty to Dwayne Bravo, 1 run
Doherty to Gayle, 1 run
Doherty to Dwayne Bravo, 1 run
Doherty to Gayle, 1 run
Doherty to Gayle, SIX runs
Doherty to Gayle, no run
Hogg to Dwayne Bravo, no run
Hogg to Dwayne Bravo, no run
Hogg to Dwayne Bravo, FOUR runs
Hogg to Dwayne Bravo, no run
Hogg to Gayle, 1 run
Hogg to Gayle, no run
Cummins to Dwayne Bravo, no run
Cummins to Dwayne Bravo, no run
Cummins to Gayle, 1 run
Cummins to Dwayne Bravo, 1 run
Cummins to Samuels, OUT
Cummins to Samuels, FOUR runs
Hogg to Samuels, 1 run
Hogg to Samuels, no run
Hogg to Samuels, no run
Hogg to Samuels, no run
Hogg to Samuels, no run
Hogg to Samuels, SIX runs
Doherty to Gayle, SIX runs
Doherty to Samuels, 1 run
Doherty to Samuels, SIX runs
Doherty to Samuels, no run
Doherty to Samuels, no run
Doherty to Samuels, no run
Watson to Gayle, SIX runs
Watson to Samuels, 1 run
Watson to Gayle, 1 leg bye
Watson to Gayle, no run
Watson to Gayle, no run
Watson to Samuels, 1 leg bye
Cummins to Gayle, no run
Cummins to Samuels, 1 run
Cummins to Samuels, FOUR runs
Cummins to Samuels, no run
Cummins to Gayle, 1 run
Cummins to Samuels, 1 run
Starc to Samuels, 1 run
Starc to Charles, OUT
Starc to Gayle, 1 run
Starc to Gayle, 1 wide
Starc to Gayle, no run
Starc to Charles, 1 run
Starc to Gayle, 1 run
Watson to Charles, FOUR runs
Watson to Charles, no run
Watson to Charles, FOUR runs
Watson to Charles, no run
Watson to Gayle, 1 run
Watson to Charles, 1 leg bye
Starc to Charles, 1 run
Starc to Charles, no run
Starc to Charles, no run
Starc to Charles, 1 wide
Starc to Charles, no run
Starc to Charles, no run
Starc to Charles, no run
