Malinga to McCullum, SIX runs
Malinga to McCullum, 1 run, OUT
Malinga to McCullum, FOUR runs
Malinga to Vettori, 1 bye
Malinga to McCullum, 1 run
Welegedara to McCullum, 3 runs
Welegedara to Vettori, 1 run
Welegedara to Vettori, FOUR runs
Welegedara to McCullum, 1 run
Welegedara to Hopkins, 1 run, OUT
Welegedara to Oram, OUT
Malinga to Oram, 1 run
Malinga to Vettori, 1 run
Malinga to Vettori, 2 runs
Malinga to Oram, 1 run
Malinga to Vettori, 1 run
Malinga to Vettori, no run
Mendis to Oram, SIX runs
Mendis to Oram, SIX runs
Mendis to Vettori, 1 run
Mendis to Oram, 1 run
Mendis to Styris, OUT
Mendis to Vettori, 1 run
Malinga to Vettori, 1 run
Malinga to Styris, 1 run
Malinga to Vettori, 1 run
Malinga to Vettori, 2 runs
Malinga to Styris, 1 run
Malinga to Vettori, 1 run
Murali to Vettori, 1 run
Murali to Vettori, no run
Murali to Styris, 1 run
Murali to Styris, no run
Murali to Taylor, OUT
Murali to Styris, 1 run
Jayasuriya to Styris, 1 run
Jayasuriya to Styris, no run
Jayasuriya to Taylor, 1 run
Jayasuriya to Taylor, no run
Jayasuriya to Styris, 1 run
Jayasuriya to Taylor, 1 run
Mendis to Styris, no run
Mendis to Styris, FOUR runs
Mendis to Styris, no run
Mendis to Styris, no run
Mendis to Styris, no run
Mendis to Styris, 2 runs
Jayasuriya to Taylor, no run
Jayasuriya to Styris, 1 run
Jayasuriya to Taylor, 1 run
Jayasuriya to Styris, 1 run
Jayasuriya to Taylor, 1 run
Jayasuriya to Taylor, no run
Murali to Taylor, 1 run
Murali to Taylor, no run
Murali to Styris, 1 run
Murali to Taylor, 1 run
Murali to Styris, 1 run
Murali to Styris, no run
Jayasuriya to Styris, 1 run
Jayasuriya to Guptill, OUT
Jayasuriya to Guptill, no run
Jayasuriya to Guptill, no run
Jayasuriya to Taylor, 1 run
Jayasuriya to Taylor, no run
Murali to Taylor, 1 run
Murali to Guptill, 1 run
Murali to Taylor, 1 run
Murali to Ryder, OUT
Murali to Ryder, no run
Murali to Ryder, SIX runs
Jayasuriya to Ryder, 1 run
Jayasuriya to Ryder, 2 runs
Jayasuriya to Ryder, no run
Jayasuriya to Ryder, 2 runs
Jayasuriya to Guptill, 1 run
Jayasuriya to Ryder, 1 run
Murali to Ryder, 1 run
Murali to Ryder, 2 runs
Murali to Ryder, no run
Murali to Ryder, FOUR runs
Murali to Ryder, 2 runs
Murali to Ryder, no run
Mendis to Ryder, 1 run
Mendis to Guptill, 1 bye
Mendis to Guptill, no run
Mendis to Ryder, 1 run
Mendis to Guptill, 1 run
Mendis to Ryder, 1 run
Malinga to Guptill, no run
Malinga to Guptill, no run
Malinga to Guptill, 2 runs
Malinga to Guptill, no run
Malinga to Guptill, no run
Malinga to Guptill, SIX runs
Mendis to Ryder, 2 runs
Mendis to Ryder, FOUR runs
Mendis to Guptill, 1 run
Mendis to Guptill, no run
Mendis to Ryder, 1 run
Mendis to Guptill, 1 run
Angelo Mathews to Ryder, no run
Angelo Mathews to Ryder, no run
Angelo Mathews to Ryder, no run
Angelo Mathews to Ryder, SIX runs
Angelo Mathews to Guptill, 1 run
Angelo Mathews to Guptill, no run
Welegedara to Ryder, no run
Welegedara to Guptill, 1 run
Welegedara to Guptill, FOUR runs
Welegedara to Guptill, 1 wide
Welegedara to Guptill, no run
Welegedara to Ryder, 1 run
Welegedara to Ryder, FOUR runs
Angelo Mathews to Guptill, no run
Angelo Mathews to Guptill, no run
Angelo Mathews to McCullum, OUT
Angelo Mathews to McCullum, no run
Angelo Mathews to McCullum, no run
Angelo Mathews to McCullum, no run
