Bond to Angelo Mathews, OUT
Bond to Angelo Mathews, no run
Bond to Kapugedera, OUT
Bond to Kapugedera, SIX runs
Bond to Angelo Mathews, 1 run
Bond to Angelo Mathews, no run
Southee to Angelo Mathews, 1 run
Southee to Kapugedera, 1 run
Southee to Angelo Mathews, 1 run
Southee to Kapugedera, 1 run
Southee to Kapugedera, no run
Southee to Mahela Jayawardene, OUT
Vettori to Kapugedera, no run
Vettori to Mahela Jayawardene, 1 run
Vettori to Mahela Jayawardene, 2 runs
Vettori to Mahela Jayawardene, 2 runs
Vettori to Kapugedera, 1 run
Vettori to Kapugedera, no run
Southee to Mahela Jayawardene, FOUR runs
Southee to Kapugedera, 1 run
Southee to Mahela Jayawardene, 1 run
Southee to Kapugedera, 1 run
Southee to Mahela Jayawardene, 1 run
Southee to Mahela Jayawardene, FOUR runs
McCullum to Mahela Jayawardene, 1 run
McCullum to Mahela Jayawardene, 2 runs
McCullum to Chandimal, OUT
McCullum to Mahela Jayawardene, 1 run
McCullum to Chandimal, 1 run
McCullum to Chandimal, FOUR runs
Oram to Chandimal, 1 run
Oram to Mahela Jayawardene, 1 run
Oram to Mahela Jayawardene, FOUR runs
Oram to Mahela Jayawardene, no run
Oram to Chandimal, 1 run
Oram to Mahela Jayawardene, 1 run
Bond to Chandimal, no run
Bond to Chandimal, 2 runs
Bond to Mahela Jayawardene, 1 run
Bond to Mahela Jayawardene, FOUR runs
Bond to Chandimal, 1 run
Bond to Mahela Jayawardene, 1 run
Oram to Mahela Jayawardene, 1 run
Oram to Mahela Jayawardene, no run
Oram to Chandimal, 1 run
Oram to Mahela Jayawardene, 1 run
Oram to Mahela Jayawardene, SIX runs
Oram to Mahela Jayawardene, no run
Vettori to Chandimal, no run
Vettori to Chandimal, 2 runs
Vettori to Mahela Jayawardene, 1 run
Vettori to Chandimal, 1 run
Vettori to Mahela Jayawardene, 1 run
Vettori to Mahela Jayawardene, 2 runs
Styris to Chandimal, SIX runs
Styris to Chandimal, 2 runs
Styris to Mahela Jayawardene, 1 leg bye
Styris to Chandimal, 1 run
Styris to Chandimal, no run
Styris to Chandimal, no run
Vettori to Chandimal, 1 run
Vettori to Mahela Jayawardene, 1 run
Vettori to Chandimal, 1 run
Vettori to Mahela Jayawardene, 1 run
Vettori to Chandimal, 1 run
Vettori to Mahela Jayawardene, 1 run
Styris to Mahela Jayawardene, 1 run
Styris to Chandimal, 3 runs
Styris to Chandimal, no run
Styris to Chandimal, no run
Styris to Sangakkara, OUT
Styris to Sangakkara, no run
Vettori to Sangakkara, 1 run
Vettori to Mahela Jayawardene, 1 run
Vettori to Sangakkara, 1 run
Vettori to Sangakkara, no run
Vettori to Sangakkara, no run
Vettori to Mahela Jayawardene, 1 run
Southee to Sangakkara, no run
Southee to Mahela Jayawardene, 1 run
Southee to Mahela Jayawardene, no run
Southee to Sangakkara, 1 leg bye
Southee to Mahela Jayawardene, 1 run
Southee to Sangakkara, 1 run
Oram to Sangakkara, 1 run
Oram to Sangakkara, no run
Oram to Dilshan, OUT
Oram to Dilshan, no run
Oram to Mahela Jayawardene, 1 run
Oram to Mahela Jayawardene, FOUR runs
Southee to Dilshan, no run
Southee to Mahela Jayawardene, 1 run
Southee to Mahela Jayawardene, no run
Southee to Dilshan, 1 run
Southee to Dilshan, no run
Southee to Dilshan, no run
Bond to Mahela Jayawardene, FOUR runs
Bond to Dilshan, 1 leg bye
Bond to Dilshan, no run
Bond to Mahela Jayawardene, 1 run
Bond to Mahela Jayawardene, FOUR runs
Bond to Mahela Jayawardene, no run
McCullum to Dilshan, no run
McCullum to Mahela Jayawardene, 1 run
McCullum to Mahela Jayawardene, FOUR runs
McCullum to Dilshan, 1 run
McCullum to Dilshan, no run
McCullum to Dilshan, no run
Bond to Mahela Jayawardene, SIX runs
Bond to Dilshan, 1 run
Bond to Dilshan, no run
Bond to Mahela Jayawardene, 1 run
Bond to Mahela Jayawardene, 2 runs
Bond to Mahela Jayawardene, no run
McCullum to Dilshan, no run
McCullum to Dilshan, no run
McCullum to Dilshan, no run
McCullum to Dilshan, no run
McCullum to Dilshan, no run
McCullum to Dilshan, 1 wide
McCullum to Mahela Jayawardene, 1 run
