Yuvraj to Finn, OUT
Yuvraj to Finn, no run
Yuvraj to Dernbach, 1 run
Yuvraj to Finn, 1 run
Chawla to Finn, 1 run
Chawla to Dernbach, 1 run
Chawla to Dernbach, no run
Chawla to Finn, 1 run
Chawla to Finn, no run
Chawla to Dernbach, 1 run
Dinda to Dernbach, 1 run
Dinda to Dernbach, FOUR runs
Dinda to Dernbach, FOUR runs
Dinda to Finn, 1 run
Dinda to Finn, FOUR runs
Dinda to Broad, OUT
Harbhajan to Finn, no run
Harbhajan to Finn, no run
Harbhajan to Swann, OUT
Harbhajan to Swann, no run
Harbhajan to Swann, no run
Harbhajan to Buttler, OUT
Chawla to Buttler, 1 run
Chawla to Buttler, 2 runs
Chawla to Buttler, no run
Chawla to Buttler, no run
Chawla to Broad, 1 run
Chawla to Broad, 2 runs
Harbhajan to Bresnan, OUT
Harbhajan to Buttler, 1 run
Harbhajan to Buttler, no run
Harbhajan to Bresnan, 1 run
Harbhajan to Bresnan, no run
Harbhajan to Buttler, 1 run
Chawla to Bresnan, no run
Chawla to Bresnan, no run
Chawla to Bresnan, no run
Chawla to Bresnan, no run
Chawla to Bresnan, no run
Chawla to Kieswetter, OUT
Harbhajan to Buttler, FOUR runs
Harbhajan to Buttler, no run
Harbhajan to Buttler, no run
Harbhajan to Buttler, 2 runs
Harbhajan to Kieswetter, 1 run
Harbhajan to Kieswetter, 2 runs
Chawla to Bairstow, OUT
Chawla to Bairstow, no run
Chawla to Bairstow, no run
Chawla to Kieswetter, 1 run
Chawla to Bairstow, 1 run
Chawla to Kieswetter, 1 run
Harbhajan to Bairstow, no run
Harbhajan to Bairstow, no run
Harbhajan to Bairstow, no run
Harbhajan to Bairstow, no run
Harbhajan to Morgan, OUT
Harbhajan to Morgan, no run
Pathan to Kieswetter, FOUR runs
Pathan to Kieswetter, no run
Pathan to Kieswetter, FOUR runs
Pathan to Kieswetter, no run
Pathan to Kieswetter, no run
Pathan to Morgan, 1 run
Dinda to Kieswetter, no run
Dinda to Kieswetter, FOUR runs
Dinda to Kieswetter, SIX runs
Dinda to Morgan, 1 run
Dinda to Kieswetter, 1 run
Dinda to Kieswetter, no run
Pathan to Morgan, no run
Pathan to Morgan, no run
Pathan to Wright, OUT
Pathan to Wright, SIX runs
Pathan to Wright, no run
Pathan to Wright, no run
Balaji to Kieswetter, no run
Balaji to Kieswetter, FOUR runs
Balaji to Kieswetter, SIX runs
Balaji to Kieswetter, no run
Balaji to Kieswetter, no run
Balaji to Kieswetter, no run
Pathan to Hales, OUT
Pathan to Hales, no run
Pathan to Hales, 1 wide
Pathan to Kieswetter, 1 run
Pathan to Kieswetter, no run
Pathan to Kieswetter, no run
Pathan to Kieswetter, no run
