Dernbach to Rohit Sharma, 2 runs
Dernbach to Raina, 1 run
Dernbach to Raina, 1 wide
Dernbach to Dhoni, OUT
Dernbach to Dhoni, 1 wide
Dernbach to Rohit Sharma, 1 run
Dernbach to Rohit Sharma, FOUR runs
Dernbach to Rohit Sharma, SIX runs
Dernbach to Rohit Sharma, 1 wide
Bresnan to Dhoni, 2 runs
Bresnan to Dhoni, 1 wide
Bresnan to Dhoni, no run
Bresnan to Rohit Sharma, 1 run
Bresnan to Rohit Sharma, no run
Bresnan to Rohit Sharma, FOUR runs
Bresnan to Rohit Sharma, 2 runs
Dernbach to Rohit Sharma, 1 run
Dernbach to Dhoni, 1 run
Dernbach to Dhoni, 2 runs
Dernbach to Dhoni, FOUR runs
Dernbach to Rohit Sharma, 1 run
Dernbach to Rohit Sharma, 2 runs
Broad to Dhoni, no run
Broad to Rohit Sharma, 3 runs
Broad to Rohit Sharma, no run
Broad to Rohit Sharma, FOUR runs
Broad to Rohit Sharma, FOUR runs
Broad to Rohit Sharma, 2 runs
Finn to Dhoni, no run
Finn to Gambhir, OUT
Finn to Gambhir, 2 runs
Finn to Gambhir, no run
Finn to Rohit Sharma, 1 run
Finn to Rohit Sharma, 2 runs
Bresnan to Rohit Sharma, 1 run
Bresnan to Gambhir, 1 run
Bresnan to Rohit Sharma, 1 run
Bresnan to Rohit Sharma, no run
Bresnan to Gambhir, 1 run
Bresnan to Gambhir, FOUR runs
Broad to Gambhir, 1 run
Broad to Rohit Sharma, 1 run
Broad to Gambhir, 1 run
Broad to Rohit Sharma, 1 run
Broad to Gambhir, 1 run
Broad to Gambhir, FOUR runs
Swann to Rohit Sharma, 2 runs
Swann to Gambhir, 1 run
Swann to Rohit Sharma, 1 run
Swann to Gambhir, 1 run
Swann to Rohit Sharma, 1 run
Swann to Rohit Sharma, no run
Dernbach to Rohit Sharma, 1 run
Dernbach to Rohit Sharma, FOUR runs
Dernbach to Gambhir, 1 run
Dernbach to Rohit Sharma, 1 run
Dernbach to Rohit Sharma, no run
Dernbach to Gambhir, 1 run
Swann to Gambhir, 1 leg bye
Swann to Rohit Sharma, 1 run
Swann to Rohit Sharma, no run
Swann to Kohli, OUT
Swann to Kohli, no run
Swann to Gambhir, 1 bye
Bresnan to Kohli, 2 runs
Bresnan to Gambhir, 1 run
Bresnan to Kohli, 1 run
Bresnan to Gambhir, 1 run
Bresnan to Kohli, 1 run
Bresnan to Kohli, FOUR runs
Swann to Kohli, 1 run
Swann to Gambhir, 1 run
Swann to Gambhir, no run
Swann to Kohli, 1 run
Swann to Kohli, no run
Swann to Gambhir, 1 run
Broad to Gambhir, 1 run
Broad to Kohli, 1 run
Broad to Kohli, no run
Broad to Kohli, FOUR runs
Broad to Gambhir, 1 run
Broad to Kohli, 1 run
Swann to Kohli, 1 run
Swann to Gambhir, 1 run
Swann to Gambhir, 1 wide
Swann to Kohli, 1 run
Swann to Kohli, no run
Swann to Gambhir, 1 run
Swann to Kohli, 1 run
Finn to Kohli, 1 run
Finn to Gambhir, 1 run
Finn to Gambhir, FOUR runs
Finn to Kohli, 1 run
Finn to Kohli, no run
Finn to Kohli, FOUR runs
Bresnan to Kohli, 1 run
Bresnan to Kohli, no run
Bresnan to Kohli, FOUR runs
Bresnan to Gambhir, 1 run
Bresnan to Kohli, 1 run
Bresnan to Kohli, no run
Broad to Gambhir, no run
Broad to Kohli, 1 run
Broad to Kohli, no run
Broad to Kohli, no run
Broad to Kohli, FOUR runs
Broad to Gambhir, 1 run
Finn to Kohli, FOUR runs
Finn to Kohli, no run
Finn to Pathan, OUT
Finn to Pathan, 1 wide
Finn to Pathan, FOUR runs
Finn to Gambhir, 1 run
Finn to Pathan, 1 run
Finn to Pathan, 1 wide
Dernbach to Pathan, 1 run
Dernbach to Gambhir, 1 leg bye
Dernbach to Gambhir, FOUR runs
Dernbach to Gambhir, FOUR runs
Dernbach to Gambhir, no run
Dernbach to Gambhir, no run
Finn to Pathan, no run
Finn to Gambhir, 1 run
Finn to Gambhir, 1 wide
Finn to Pathan, 1 leg bye
Finn to Pathan, 2 runs
Finn to Pathan, no run
Finn to Gambhir, 1 run
