Bond to Dwayne Bravo, 2 runs
Bond to Ramdin, OUT
Bond to Dwayne Bravo, 1 run
Bond to Dwayne Bravo, no run
Bond to Ramdin, 1 run
Bond to Ramdin, (no ball) FOUR runs
Bond to Dwayne Bravo, 1 run
Patel to Ramdin, FOUR runs
Patel to Dwayne Bravo, 1 run
Patel to Chanderpaul, OUT
Patel to Dwayne Bravo, 1 run
Patel to Dwayne Bravo, FOUR runs
Patel to Chanderpaul, 1 run
Cairns to Chanderpaul, 1 run
Cairns to Chanderpaul, no run
Cairns to Chanderpaul, FOUR runs
Cairns to Dwayne Bravo, 1 run
Cairns to Chanderpaul, 1 run
Cairns to Chanderpaul, FOUR runs
Patel to Chanderpaul, 1 run
Patel to Dwayne Bravo, 1 run
Patel to Chanderpaul, 1 run
Patel to Dwayne Bravo, 1 run
Patel to Dwayne Bravo, FOUR runs
Patel to Chanderpaul, 1 run
Cairns to Chanderpaul, 1 run
Cairns to Chanderpaul, no run
Cairns to Dwayne Bravo, 1 run
Cairns to Dwayne Bravo, no run
Cairns to Dwayne Bravo, no run
Cairns to Chanderpaul, 1 run
Styris to Chanderpaul, 1 run
Styris to Chanderpaul, no run
Styris to Chanderpaul, no run
Styris to Chanderpaul, no run
Styris to Dwayne Bravo, 1 run
Styris to Dwayne Bravo, no run
Patel to Chanderpaul, OUT
Patel to Hinds, 1 bye
Patel to Hinds, no run
Patel to Hinds, 2 runs
Patel to Chanderpaul, 1 run
Patel to Chanderpaul, 2 runs
Styris to Hinds, no run
Styris to Hinds, no run
Styris to Hinds, 2 runs
Styris to Hinds, FOUR runs
Styris to Chanderpaul, 1 run
Styris to Hinds, 1 run
Patel to Hinds, 1 run
Patel to Hinds, 4 leg byes
Patel to Hinds, no run
Patel to Hinds, no run
Patel to Chanderpaul, 1 run
Patel to Chanderpaul, no run
Cairns to Chanderpaul, 1 run
Cairns to Hinds, 1 run
Cairns to Chanderpaul, 1 run
Cairns to Hinds, 1 run
Cairns to Hinds, no run
Cairns to Chanderpaul, 1 run
Styris to Chanderpaul, 1 run
Styris to Hinds, 1 run
Styris to Ganga, OUT
Styris to Ganga, FOUR runs
Styris to Ganga, no run
Styris to Ganga, FOUR runs
Cairns to Ganga, 1 run
Cairns to Hinds, 1 run
Cairns to Hinds, no run
Cairns to Ganga, OUT
Cairns to Smith, 1 run
Cairns to Smith, 2 runs
Styris to Ganga, SIX runs
Styris to Smith, 1 run
Styris to Smith, FOUR runs
Styris to Morton, OUT
Styris to Ganga, 1 run
Styris to Morton, 1 run
Franklin to Ganga, no run
Franklin to Ganga, no run
Franklin to Morton, 1 run
Franklin to Ganga, 1 run
Franklin to Morton, 1 run
Franklin to Morton, no run
Bond to Ganga, no run
Bond to Ganga, no run
Bond to Morton, 1 leg bye
Bond to Morton, no run
Bond to Ganga, 1 run
Bond to Ganga, no run
Franklin to Morton, no run
Franklin to Morton, 1 wide
Franklin to Ganga, 1 run
Franklin to Ganga, no run
Franklin to Ganga, no run
Franklin to Ganga, FOUR runs
Franklin to Morton, 1 run
Bond to Ganga, no run
Bond to Ganga, no run
Bond to Gayle, OUT
Bond to Gayle, no run
Bond to Ganga, 1 run
Bond to Ganga, no run
Franklin to Gayle, no run
Franklin to Gayle, 4 runs
Franklin to Ganga, 1 run
Franklin to Ganga, no run
Franklin to Ganga, no run
Franklin to Ganga, no run
Bond to Gayle, no run
Bond to Gayle, no run
Bond to Gayle, 1 wide
Bond to Ganga, 1 run
Bond to Ganga, no run
Bond to Ganga, no run
Bond to Ganga, no run
Franklin to Gayle, no run
Franklin to Gayle, no run
Franklin to Gayle, 2 runs
Franklin to Gayle, FOUR runs
Franklin to Gayle, no run
Franklin to Gayle, no run
