Bradshaw to Bond, FOUR runs
Bradshaw to Franklin, 1 leg bye
Bradshaw to Bond, 1 run
Bradshaw to Franklin, 1 run
Bradshaw to Franklin, SIX runs
Bradshaw to Franklin, 2 runs
Gayle to Bond, 2 runs
Gayle to Franklin, 1 run
Gayle to Bond, 1 run
Gayle to Fulton, OUT
Gayle to Fulton, 2 runs
Gayle to Franklin, 1 run
Smith to Franklin, 1 run
Smith to Franklin, no run
Smith to Fulton, 1 run
Smith to Franklin, 1 run
Smith to McCullum, OUT
Smith to McCullum, no run
Gayle to McCullum, 1 run
Gayle to Fulton, 1 run
Gayle to Fulton, 2 runs
Gayle to Fulton, no run
Gayle to Fulton, no run
Gayle to Fulton, 2 runs
Smith to McCullum, no run
Smith to McCullum, no run
Smith to McCullum, no run
Smith to Fulton, 1 run
Smith to McCullum, 1 run
Smith to McCullum, no run
Gayle to Fulton, 2 runs
Gayle to McCullum, 1 run
Gayle to Fulton, 1 run
Gayle to McCullum, 1 run
Gayle to Marshall, OUT
Gayle to Fulton, 1 run
Smith to Marshall, no run
Smith to Fulton, 1 run
Smith to Marshall, 1 run
Smith to Marshall, no run
Smith to Vincent, OUT
Smith to Vincent, no run
Gayle to Vincent, 1 run
Gayle to Vincent, no run
Gayle to Fulton, 1 run
Gayle to Fulton, no run
Gayle to Fulton, no run
Gayle to Vincent, 1 run
Smith to Vincent, 1 run
Smith to Fulton, 1 run
Dwayne Bravo to Cairns, OUT
Dwayne Bravo to Cairns, no run
Dwayne Bravo to Cairns, no run
Dwayne Bravo to Vincent, 1 run
Bradshaw to Vincent, 1 leg bye
Bradshaw to Cairns, 1 run
Bradshaw to Vincent, 1 leg bye
Bradshaw to Cairns, 1 run
Bradshaw to Cairns, no run
Bradshaw to Vincent, 1 run
Dwayne Bravo to Cairns, no run
Dwayne Bravo to Cairns, no run
Dwayne Bravo to Cairns, no run
Dwayne Bravo to Cairns, 1 wide
Dwayne Bravo to Styris, OUT
Dwayne Bravo to Styris, no run
Dwayne Bravo to Styris, FOUR runs
Butler to Styris, 1 run
Butler to Vincent, 1 run
Butler to Styris, 1 run
Butler to Styris, no run
Butler to Styris, no run
Butler to Styris, no run
Dwayne Bravo to Vincent, no run
Dwayne Bravo to Styris, 1 run
Dwayne Bravo to Styris, 1 wide
Dwayne Bravo to Styris, no run
Dwayne Bravo to Vincent, 1 run
Dwayne Bravo to Styris, 1 run
Dwayne Bravo to Styris, SIX runs
Butler to Styris, 1 run
Butler to Styris, no run
Butler to Styris, no run
Butler to Styris, FOUR runs
Butler to Vincent, 1 run
Butler to Vincent, 1 wide
Butler to Vincent, FOUR runs
Taylor to Astle, OUT
Taylor to Astle, FOUR runs
Taylor to Vincent, 1 run
Taylor to Vincent, FOUR runs
Taylor to Vincent, SIX runs
Taylor to Vincent, no run
Butler to Vincent, 1 leg bye
Butler to Vincent, no run
Butler to Vincent, no run
Butler to Vincent, no run
Butler to Vincent, FOUR runs
Butler to Vincent, FOUR runs
Taylor to Vincent, 1 run
Taylor to Astle, 1 leg bye
Taylor to Vincent, 1 run
Taylor to Vincent, 2 runs
Taylor to Vincent, no run
Taylor to Vincent, no run
Bradshaw to Vincent, 1 run
Bradshaw to Vincent, no run
Bradshaw to Astle, 1 run
Bradshaw to Astle, no run
Bradshaw to Astle, no run
Bradshaw to Astle, no run
Taylor to Fleming, OUT
Taylor to Vincent, 1 run
Taylor to Vincent, 1 wide
Taylor to Vincent, FOUR runs
Taylor to Fleming, 1 run
Taylor to Fleming, FOUR runs
Taylor to Fleming, no run
Bradshaw to Vincent, no run
Bradshaw to Vincent, no run
Bradshaw to Fleming, 1 run
Bradshaw to Fleming, no run
Bradshaw to Fleming, no run
Bradshaw to Vincent, 1 run
Bradshaw to Vincent, 1 wide
