Fawad to Bopara, no run
Fawad to Root, 1 run
Fawad to Morgan, OUT
Fawad to Morgan, SIX runs
Fawad to Bopara, 1 run
Fawad to Buttler, OUT
Faulkner to Hales, OUT
Faulkner to Hales, 2 runs
Faulkner to Morgan, 1 run
Faulkner to Morgan, no run
Faulkner to Morgan, 2 leg byes
Faulkner to Hales, 1 run
Coulter-Nile to Morgan, 2 runs
Coulter-Nile to Hales, 1 run
Coulter-Nile to Hales, FOUR runs
Coulter-Nile to Hales, 2 runs
Coulter-Nile to Hales, (no ball) 2 runs
Coulter-Nile to Morgan, 1 run
Coulter-Nile to Morgan, SIX runs
Faulkner to Morgan, 1 run
Faulkner to Hales, 1 run
Faulkner to Morgan, 1 run
Faulkner to Morgan, 2 runs
Faulkner to Wright, OUT
Faulkner to Wright, 2 runs
Maxwell to Hales, 2 runs
Maxwell to Wright, 1 run
Maxwell to Wright, FOUR runs
Maxwell to Wright, FOUR runs
Maxwell to Wright, SIX runs
Maxwell to Hales, 1 run
Johnson to Wright, FOUR runs
Johnson to Hales, 1 run
Johnson to Wright, 1 run
Johnson to Wright, no run
Johnson to Wright, no run
Johnson to Wright, no run
Maxwell to Wright, 1 run
Maxwell to Hales, 1 run
Maxwell to Wright, 1 run
Maxwell to Wright, 2 runs
Maxwell to Wright, 2 runs
Maxwell to Wright, no run
Coulter-Nile to Hales, 2 runs
Coulter-Nile to Hales, no run
Coulter-Nile to Hales, FOUR runs
Coulter-Nile to Hales, no run
Coulter-Nile to Wright, 1 run
Coulter-Nile to Hales, 1 run
Fawad to Hales, 1 run
Fawad to Wright, 1 run
Fawad to Hales, 1 run
Fawad to Hales, 2 runs
Fawad to Lumb, OUT
Fawad to Hales, 1 run
Johnson to Lumb, FOUR runs
Johnson to Hales, 1 run
Johnson to Hales, FOUR runs
Johnson to Hales, SIX runs
Johnson to Hales, no run
Johnson to Lumb, 1 run
Fawad to Lumb, 1 run
Fawad to Lumb, no run
Fawad to Hales, 1 run
Fawad to Lumb, 1 run
Fawad to Hales, 1 run
Fawad to Hales, 2 runs
Faulkner to Hales, 1 run
Faulkner to Hales, FOUR runs
Faulkner to Hales, no run
Faulkner to Hales, no run
Faulkner to Lumb, 1 run
Faulkner to Hales, 1 run
Fawad to Hales, 1 leg bye
Fawad to Lumb, 1 leg bye
Fawad to Lumb, no run
Fawad to Hales, 1 run
Fawad to Hales, FOUR runs
Fawad to Hales, no run
Watson to Lumb, 2 runs
Watson to Hales, 1 run
Watson to Lumb, 1 run
Watson to Lumb, SIX runs
Watson to Hales, 1 run
Watson to Hales, 2 runs
Coulter-Nile to Lumb, 2 runs
Coulter-Nile to Lumb, FOUR runs
Coulter-Nile to Lumb, FOUR runs
Coulter-Nile to Hales, 1 run
Coulter-Nile to Hales, no run
Coulter-Nile to Hales, FOUR runs
Faulkner to Hales, 1 run
Faulkner to Hales, FOUR runs
Faulkner to Hales, SIX runs
Faulkner to Hales, no run
Faulkner to Hales, FOUR runs
Faulkner to Hales, FOUR runs
Coulter-Nile to Lumb, no run
Coulter-Nile to Lumb, no run
Coulter-Nile to Lumb, FOUR runs
Coulter-Nile to Hales, 1 run
Coulter-Nile to Hales, no run
Coulter-Nile to Hales, no run
Johnson to Hales, 1 run
Johnson to Hales, no run
Johnson to Hales, no run
Johnson to Hales, FOUR runs
Johnson to Hales, FOUR runs
Johnson to Hales, no run
Watson to Lumb, no run
Watson to Lumb, 2 runs
Watson to Lumb, FOUR runs
Watson to Hales, 1 leg bye
Watson to Lumb, 1 run
Watson to Lumb, FOUR runs
Johnson to Hales, no run
Johnson to Hales, no run
Johnson to Lumb, 1 run
Johnson to Lumb, no run
Johnson to Lumb, no run
Johnson to Lumb, no run
