Dernbach to Fawad, 1 run
Dernbach to Fawad, no run
Dernbach to Johnson, 1 run
Dernbach to Fawad, (no ball) 1 run
Dernbach to Fawad, no run
Dernbach to Johnson, 1 run
Dernbach to Fawad, 1 run
Finn to Johnson, no run
Finn to Coulter-Nile, OUT
Finn to Coulter-Nile, no run
Finn to Coulter-Nile, no run
Finn to Coulter-Nile, SIX runs
Finn to Coulter-Nile, SIX runs
Dernbach to Johnson, no run
Dernbach to Coulter-Nile, 1 run
Dernbach to Johnson, 1 run
Dernbach to Faulkner, OUT
Dernbach to Maxwell, OUT
Dernbach to Maxwell, no run
Bopara to Maxwell, 1 run
Bopara to Maxwell, FOUR runs
Bopara to Maxwell, 2 runs
Bopara to Maxwell, FOUR runs
Bopara to Maxwell, 2 runs
Bopara to Maxwell, SIX runs
Briggs to Faulkner, no run
Briggs to Faulkner, no run
Briggs to Faulkner, FOUR runs
Briggs to Maxwell, 1 run
Briggs to Faulkner, 1 run
Briggs to Wade, OUT
Bopara to Maxwell, no run
Bopara to Maxwell, 2 runs
Bopara to Maxwell, 2 runs
Bopara to Wade, 1 run
Bopara to Wade, 2 runs
Bopara to Maxwell, 1 run
Briggs to Maxwell, 1 run
Briggs to Wade, 1 run
Briggs to Bailey, OUT
Briggs to Maxwell, 1 run
Briggs to Maxwell, no run
Briggs to Bailey, 1 run
Dernbach to Warner, OUT
Dernbach to Warner, 2 runs
Dernbach to Warner, no run
Dernbach to Bailey, 1 run
Dernbach to Bailey, 2 runs
Dernbach to Warner, 1 run
Dernbach to Warner, 1 wide
Root to Bailey, 2 runs
Root to Warner, 1 run
Root to Bailey, 1 run
Root to Bailey, 2 runs
Root to Bailey, 2 runs
Root to Warner, 1 run
Broad to Bailey, SIX runs
Broad to Bailey, 2 runs
Broad to Bailey, FOUR runs
Broad to Bailey, no run
Broad to Bailey, no run
Broad to Warner, 1 run
Root to Marsh, OUT
Root to Marsh, no run
Root to Marsh, SIX runs
Root to Marsh, no run
Root to Warner, 1 leg bye
Root to Warner, 1 wide
Root to Marsh, 1 leg bye
Bopara to Warner, no run
Bopara to Warner, 2 runs
Bopara to Warner, no run
Bopara to Marsh, 1 run
Bopara to Marsh, 1 wide
Bopara to Warner, 1 run
Bopara to Warner, 1 wide
Bopara to Marsh, 1 run
Root to Warner, no run
Root to Warner, FOUR runs
Root to Marsh, 1 run
Root to Warner, 1 run
Root to Marsh, 1 run
Root to Marsh, 2 runs
Briggs to Warner, no run
Briggs to Warner, SIX runs
Briggs to Warner, FOUR runs
Briggs to Warner, no run
Briggs to Warner, FOUR runs
Briggs to Warner, no run
Briggs to Warner, 1 wide
Dernbach to Warner, 1 run
Dernbach to Warner, no run
Dernbach to Warner, no run
Dernbach to Warner, 1 wide
Dernbach to Warner, no run
Dernbach to Warner, SIX runs
Dernbach to Warner, no run
Finn to Warner, 1 leg bye
Finn to Warner, no run
Finn to Marsh, 1 run
Finn to Marsh, 1 wide
Finn to Warner, 1 run
Finn to Warner, no run
Finn to Warner, SIX runs
Broad to Marsh, no run
Broad to Warner, 1 run
Broad to Warner, no run
Broad to Warner, FOUR runs
Broad to Warner, no run
Broad to Warner, FOUR runs
Finn to Marsh, no run
Finn to Marsh, no run
Finn to Watson, OUT
Finn to Watson, FOUR runs
Finn to Watson, no run
Finn to Watson, 2 runs
Broad to Warner, no run
Broad to Warner, no run
Broad to Watson, 1 run
Broad to Watson, no run
Broad to Finch, OUT
Broad to Finch, FOUR runs
Finn to Finch, 1 run
Finn to Finch, no run
Finn to Warner, 1 run
Finn to Warner, no run
Finn to Finch, 1 leg bye
Finn to Warner, 1 run
