Kleinveldt to Guptill, FOUR runs
Kleinveldt to Munro, 1 run
Kleinveldt to Munro, 2 runs
Kleinveldt to Munro, 2 runs
Kleinveldt to Guptill, 1 run
Kleinveldt to Munro, 1 run
Morkel to Munro, 1 run
Morkel to Guptill, 1 run
Morkel to Guptill, FOUR runs
Morkel to Guptill, 2 runs
Morkel to Munro, 1 run
Morkel to Munro, no run
McLaren to McCullum, OUT
McLaren to Guptill, 1 run
McLaren to McCullum, 1 run
McLaren to Guptill, (no ball) 1 run
McLaren to Guptill, FOUR runs
McLaren to McCullum, 1 leg bye
McLaren to Guptill, 1 run
Morkel to McCullum, FOUR runs
Morkel to McCullum, no run
Morkel to McCullum, FOUR runs
Morkel to McCullum, no run
Morkel to Guptill, 1 run
Morkel to Guptill, no run
McLaren to Guptill, 1 run
McLaren to McCullum, 1 run
McLaren to Guptill, 1 run
McLaren to Guptill, no run
McLaren to Guptill, 2 runs
McLaren to McCullum, 1 run
Phangiso to Guptill, SIX runs
Phangiso to Guptill, no run
Phangiso to Guptill, SIX runs
Phangiso to Guptill, no run
Phangiso to Guptill, 5 wide
Phangiso to Guptill, no run
Phangiso to McCullum, 1 run
Kleinveldt to Guptill, no run
Kleinveldt to McCullum, 1 run
Kleinveldt to Guptill, 1 run
Kleinveldt to Guptill, no run
Kleinveldt to Guptill, 2 runs
Kleinveldt to McCullum, 1 run
Peterson to Guptill, SIX runs
Peterson to Guptill, FOUR runs
Peterson to McCullum, 1 run
Peterson to Guptill, 1 run
Peterson to Guptill, no run
Peterson to Guptill, 1 wide
Peterson to McCullum, 1 run
Phangiso to Guptill, no run
Phangiso to Guptill, no run
Phangiso to Guptill, FOUR runs
Phangiso to McCullum, 1 run
Phangiso to Guptill, 1 run
Phangiso to Guptill, FOUR runs
Peterson to Guptill, 1 run
Peterson to Nicol, OUT
Peterson to Guptill, 1 run
Peterson to Guptill, SIX runs
Peterson to Guptill, FOUR runs
Peterson to Guptill, no run
Phangiso to Guptill, 1 run
Phangiso to Nicol, 1 run
Phangiso to Guptill, 1 run
Phangiso to Guptill, no run
Phangiso to Guptill, no run
Phangiso to Guptill, SIX runs
McLaren to Guptill, 1 run
McLaren to Nicol, 1 run
McLaren to Guptill, 1 run
McLaren to Guptill, 4 leg byes
McLaren to Nicol, 1 run
McLaren to Nicol, 4 leg byes
Phangiso to Guptill, no run
Phangiso to Nicol, 1 run
Phangiso to Nicol, no run
Phangiso to Nicol, no run
Phangiso to Nicol, no run
Phangiso to Nicol, FOUR runs
McLaren to Nicol, 1 run
McLaren to Nicol, FOUR runs
McLaren to Guptill, 1 run
McLaren to Guptill, no run
McLaren to Guptill, no run
McLaren to Guptill, no run
McLaren to Guptill, 1 wide
Kleinveldt to Nicol, FOUR runs
Kleinveldt to Nicol, FOUR runs
Kleinveldt to Nicol, no run
Kleinveldt to Nicol, no run
Kleinveldt to Nicol, 2 runs
Kleinveldt to Nicol, no run
Morkel to Guptill, no run
Morkel to Guptill, SIX runs
Morkel to Guptill, no run
Morkel to Guptill, no run
Morkel to Guptill, 2 runs
Morkel to Guptill, no run
Kleinveldt to Nicol, no run
Kleinveldt to Guptill, 1 run
Kleinveldt to Guptill, FOUR runs
Kleinveldt to Guptill, FOUR runs
Kleinveldt to Guptill, no run
Kleinveldt to Guptill, no run
Morkel to Nicol, no run
Morkel to Nicol, no run
Morkel to Guptill, 1 run
Morkel to Guptill, no run
Morkel to Guptill, no run
Morkel to Nicol, 1 run
Morkel to Nicol, 1 wide
Peterson to Guptill, no run
Peterson to Nicol, 1 run
Peterson to Nicol, no run
Peterson to Guptill, 1 run
Peterson to Guptill, no run
Peterson to Guptill, no run
