Doug Bracewell to Behardien, FOUR runs
Doug Bracewell to Peterson, OUT
Doug Bracewell to Behardien, 1 run
Doug Bracewell to du Plessis, OUT
Doug Bracewell to Miller, OUT
Doug Bracewell to Miller, 1 wide
Doug Bracewell to Miller, FOUR runs
McClenaghan to du Plessis, FOUR runs
McClenaghan to Miller, 1 run
McClenaghan to Miller, FOUR runs
McClenaghan to du Plessis, 1 run
McClenaghan to Miller, 1 run
McClenaghan to Miller, SIX runs
Anderson to du Plessis, 2 runs
Anderson to du Plessis, no run
Anderson to du Plessis, FOUR runs
Anderson to du Plessis, FOUR runs
Anderson to du Plessis, no run
Anderson to du Plessis, 2 runs
Hira to du Plessis, 1 run
Hira to du Plessis, FOUR runs
Hira to du Plessis, SIX runs
Hira to Miller, 1 leg bye
Hira to Miller, SIX runs
Hira to Miller, no run
McCullum to Miller, 1 run
McCullum to du Plessis, 1 run
McCullum to Miller, 1 run
McCullum to Miller, 2 runs
McCullum to Miller, 2 runs
McCullum to Miller, 2 runs
Doug Bracewell to Miller, 1 run
Doug Bracewell to du Plessis, 3 runs
Doug Bracewell to Miller, 1 run
Doug Bracewell to du Plessis, 1 run
Doug Bracewell to du Plessis, no run
Doug Bracewell to du Plessis, FOUR runs
Nicol to du Plessis, 1 run
Nicol to du Plessis, no run
Nicol to du Plessis, no run
Nicol to Miller, 1 run
Nicol to du Plessis, 1 run
Nicol to du Plessis, FOUR runs
McClenaghan to Miller, no run
McClenaghan to du Plessis, 1 run
McClenaghan to du Plessis, no run
McClenaghan to Davids, OUT
McClenaghan to Davids, no run
McClenaghan to Davids, 2 runs
McClenaghan to du Plessis, (no ball) 1 run
McCullum to Davids, no run
McCullum to du Plessis, 1 run
McCullum to Davids, 1 run
McCullum to Davids, FOUR runs
McCullum to du Plessis, 1 run
McCullum to Davids, 1 run
Hira to du Plessis, FOUR runs
Hira to Davids, 1 run
Hira to du Plessis, 1 run
Hira to Davids, 1 run
Hira to Davids, 2 runs
Hira to Davids, SIX runs
McCullum to du Plessis, 2 runs
McCullum to Davids, 1 run
McCullum to du Plessis, 1 leg bye
McCullum to du Plessis, no run
McCullum to du Plessis, no run
McCullum to du Plessis, no run
Franklin to Davids, no run
Franklin to Davids, no run
Franklin to Davids, FOUR runs
Franklin to du Plessis, 1 run
Franklin to Davids, 1 run
Franklin to Davids, FOUR runs
McCullum to du Plessis, no run
McCullum to Davids, 1 run
McCullum to Davids, no run
McCullum to Davids, no run
McCullum to Davids, no run
McCullum to Davids, 2 runs
Anderson to Davids, 1 run
Anderson to Davids, no run
Anderson to Davids, no run
Anderson to Davids, no run
Anderson to Davids, FOUR runs
Anderson to Davids, FOUR runs
Doug Bracewell to du Plessis, FOUR runs
Doug Bracewell to du Plessis, no run
Doug Bracewell to Davids, 1 run
Doug Bracewell to du Plessis, 3 runs
Doug Bracewell to Davids, 1 run
Doug Bracewell to Davids, FOUR runs
Hira to du Plessis, no run
Hira to Davids, 1 run
Hira to du Plessis, 1 run
Hira to du Plessis, no run
Hira to du Plessis, no run
Hira to Levi, OUT
McClenaghan to Davids, no run
McClenaghan to Davids, 2 runs
McClenaghan to Davids, FOUR runs
McClenaghan to Levi, 1 run
McClenaghan to Davids, 1 run
McClenaghan to Levi, 1 run
Hira to Davids, no run
Hira to Levi, 1 run
Hira to Davids, 1 run
Hira to Levi, 1 run
Hira to Levi, no run
Hira to Levi, no run
McClenaghan to Levi, 1 run
McClenaghan to Levi, no run
McClenaghan to Levi, no run
McClenaghan to Levi, no run
McClenaghan to Levi, no run
McClenaghan to Levi, no run
