Balaji to Morkel, OUT
Balaji to Morkel, SIX runs
Balaji to Morkel, no run
Balaji to Morkel, OUT
Balaji to Morkel, SIX runs
Ashwin to Morkel, 1 run
Ashwin to Botha, OUT
Ashwin to Botha, SIX runs
Ashwin to Morkel, 1 run
Ashwin to Botha, 1 run
Ashwin to Morkel, 1 run
Khan to Morkel, 1 run
Khan to Botha, 1 run
Khan to Botha, no run
Khan to Peterson, OUT
Khan to Behardien, OUT
Khan to Peterson, 1 run
Balaji to Behardien, FOUR runs
Balaji to Peterson, 1 run
Balaji to Behardien, 1 leg bye
Balaji to Behardien, 2 runs
Balaji to Peterson, 1 leg bye
Balaji to Peterson, FOUR runs
Ashwin to Peterson, 1 run
Ashwin to Peterson, 2 runs
Ashwin to Peterson, no run
Ashwin to Peterson, (no ball)
Ashwin to Behardien, 1 run
Ashwin to Behardien, no run
Ashwin to Peterson, 1 run
Balaji to Duminy, OUT
Balaji to Duminy, no run
Balaji to Behardien, 1 run
Balaji to Behardien, no run
Balaji to Duminy, 1 run
Balaji to Behardien, 1 run
Ashwin to Behardien, 1 run
Ashwin to Duminy, 1 run
Ashwin to Duminy, 2 runs
Ashwin to Duminy, no run
Ashwin to Behardien, 1 run
Ashwin to Duminy, 1 run
Yuvraj to Behardien, 2 runs
Yuvraj to Duminy, 1 run
Yuvraj to du Plessis, OUT
Yuvraj to du Plessis, FOUR runs
Yuvraj to du Plessis, no run
Yuvraj to Duminy, 1 run
Balaji to du Plessis, FOUR runs
Balaji to du Plessis, FOUR runs
Balaji to Duminy, 1 run
Balaji to du Plessis, 1 run
Balaji to du Plessis, no run
Balaji to Duminy, 1 run
Yuvraj to du Plessis, no run
Yuvraj to du Plessis, no run
Yuvraj to du Plessis, FOUR runs
Yuvraj to du Plessis, no run
Yuvraj to Duminy, 1 run
Yuvraj to du Plessis, 1 run
Ashwin to Duminy, no run
Ashwin to du Plessis, 1 run
Ashwin to du Plessis, 2 runs
Ashwin to Duminy, 1 run
Ashwin to Duminy, no run
Ashwin to du Plessis, 1 run
Yuvraj to du Plessis, 1 run
Yuvraj to Duminy, 1 run
Yuvraj to Duminy, no run
Yuvraj to Duminy, no run
Yuvraj to du Plessis, 1 run
Yuvraj to du Plessis, 2 runs
Rohit Sharma to du Plessis, 1 run
Rohit Sharma to du Plessis, SIX runs
Rohit Sharma to du Plessis, 2 runs
Rohit Sharma to du Plessis, 2 runs
Rohit Sharma to Duminy, 1 run
Rohit Sharma to du Plessis, 1 run
Yuvraj to du Plessis, 1 run
Yuvraj to Duminy, 1 run
Yuvraj to Duminy, 2 runs
Yuvraj to Duminy, no run
Yuvraj to Duminy, no run
Yuvraj to de Villiers, OUT
Pathan to du Plessis, 2 runs
Pathan to du Plessis, FOUR runs
Pathan to du Plessis, no run
Pathan to du Plessis, FOUR runs
Pathan to du Plessis, 2 runs
Pathan to du Plessis, 2 runs
Khan to du Plessis, 1 run
Khan to du Plessis, SIX runs
Khan to du Plessis, no run
Khan to du Plessis, 2 runs
Khan to du Plessis, no run
Khan to du Plessis, 2 runs
Pathan to de Villiers, FOUR runs
Pathan to du Plessis, 1 run
Pathan to du Plessis, no run
Pathan to Kallis, OUT
Pathan to Kallis, no run
Pathan to Kallis, no run
Khan to de Villiers, 2 runs
Khan to de Villiers, no run
Khan to de Villiers, no run
Khan to de Villiers, no run
Khan to de Villiers, FOUR runs
Khan to de Villiers, no run
Pathan to de Villiers, 1 run
Pathan to Kallis, 1 leg bye
Pathan to Kallis, 2 runs
Pathan to Kallis, FOUR runs
Pathan to Kallis, no run
Pathan to Kallis, no run
Khan to de Villiers, no run
Khan to de Villiers, 2 runs
Khan to de Villiers, no run
Khan to de Villiers, no run
Khan to Amla, OUT
Khan to Amla, no run
