Kallis to Raina, 1 run, OUT
Kallis to Dhoni, 1 run
Kallis to Dhoni, FOUR runs
Kallis to Raina, 1 run
Kallis to Dhoni, 1 run
Kallis to Raina, 1 run
Steyn to Dhoni, no run
Steyn to Dhoni, 2 runs
Steyn to Dhoni, 2 runs
Steyn to Dhoni, FOUR runs
Steyn to Dhoni, 2 runs
Steyn to Dhoni, FOUR runs
Kallis to Raina, FOUR runs
Kallis to Raina, 2 runs
Kallis to Dhoni, 1 run
Kallis to Raina, 1 run
Kallis to Dhoni, 1 run
Kallis to Raina, 1 run
Steyn to Dhoni, no run
Steyn to Raina, 1 run
Steyn to Dhoni, 1 run
Steyn to Raina, 1 run
Steyn to Raina, no run
Steyn to Raina, FOUR runs
Peterson to Rohit Sharma, OUT
Peterson to Raina, 1 run
Peterson to Raina, no run
Peterson to Rohit Sharma, 1 run
Peterson to Raina, 1 run
Peterson to Raina, no run
Duminy to Raina, 1 run
Duminy to Rohit Sharma, 1 run
Duminy to Raina, 1 run
Duminy to Rohit Sharma, 1 run
Duminy to Raina, 1 run
Duminy to Rohit Sharma, 1 run
Botha to Raina, 2 runs
Botha to Raina, FOUR runs
Botha to Raina, no run
Botha to Raina, 2 runs
Botha to Rohit Sharma, 1 run
Botha to Rohit Sharma, FOUR runs
Peterson to Raina, no run
Peterson to Rohit Sharma, 1 leg bye
Peterson to Raina, 1 run
Peterson to Raina, FOUR runs
Peterson to Raina, 2 runs
Peterson to Rohit Sharma, 1 run
Morkel to Raina, FOUR runs
Morkel to Raina, no run
Morkel to Raina, 2 runs
Morkel to Rohit Sharma, 1 run
Morkel to Raina, 1 run
Morkel to Raina, no run
Morkel to Rohit Sharma, (no ball) 1 run
du Plessis to Raina, no run
du Plessis to Rohit Sharma, 1 run
du Plessis to Rohit Sharma, no run
du Plessis to Raina, 1 run
du Plessis to Raina, no run
du Plessis to Rohit Sharma, 1 run
Morkel to Yuvraj, OUT
Morkel to Rohit Sharma, 1 run
Morkel to Yuvraj, 1 run
Morkel to Rohit Sharma, 1 run
Morkel to Rohit Sharma, FOUR runs
Morkel to Rohit Sharma, no run
Botha to Rohit Sharma, 1 run
Botha to Rohit Sharma, no run
Botha to Yuvraj, 1 run
Botha to Yuvraj, FOUR runs
Botha to Rohit Sharma, 1 run
Botha to Yuvraj, 1 run
Peterson to Rohit Sharma, no run
Peterson to Yuvraj, 1 run
Peterson to Yuvraj, SIX runs
Peterson to Yuvraj, no run
Peterson to Rohit Sharma, 1 run
Peterson to Rohit Sharma, no run
Botha to Yuvraj, no run
Botha to Yuvraj, SIX runs
Botha to Rohit Sharma, 1 run
Botha to Yuvraj, 1 run
Botha to Yuvraj, no run
Botha to Rohit Sharma, 1 run
Peterson to Yuvraj, no run
Peterson to Yuvraj, no run
Peterson to Yuvraj, no run
Peterson to Sehwag, OUT
Peterson to Sehwag, SIX runs
Peterson to Sehwag, no run
Kallis to Rohit Sharma, no run
Kallis to Kohli, OUT
Kallis to Kohli, no run
Kallis to Kohli, no run
Kallis to Sehwag, 1 run
Kallis to Sehwag, FOUR runs
Morkel to Kohli, no run
Morkel to Kohli, no run
Morkel to Kohli, 2 runs
Morkel to Gambhir, OUT
Morkel to Sehwag, 1 run
Morkel to Sehwag, no run
Steyn to Gambhir, 4 leg byes
Steyn to Gambhir, no run
Steyn to Gambhir, no run
Steyn to Sehwag, 1 leg bye
Steyn to Sehwag, no run
Steyn to Sehwag, no run
Morkel to Gambhir, 2 runs
Morkel to Gambhir, no run
Morkel to Sehwag, 1 run
Morkel to Sehwag, 2 runs
Morkel to Sehwag, 2 runs
Morkel to Gambhir, 1 run
Steyn to Sehwag, no run
Steyn to Gambhir, 1 run
Steyn to Gambhir, 4 leg byes
Steyn to Gambhir, no run
Steyn to Gambhir, no run
Steyn to Gambhir, FOUR runs
