Roach to Mahmudullah, SIX runs
Roach to Mahmudullah, no run
Roach to Mahmudullah, FOUR runs
Roach to Mahmudullah, SIX runs
Roach to Mahmudullah, 2 runs
Roach to Mahmudullah, no run
Samuels to Mahmudullah, 1 run
Samuels to Tamim, 1 run
Samuels to Mahmudullah, 1 run
Samuels to Tamim, 1 run
Samuels to Tamim, FOUR runs
Samuels to Tamim, FOUR runs
Roach to Tamim, 1 run
Roach to Mahmudullah, 1 run
Roach to Tamim, 1 run
Roach to Tamim, 2 runs
Roach to Tamim, no run
Roach to Mahmudullah, 1 run
Roach to Mahmudullah, (no ball)
Gayle to Mahmudullah, 1 run
Gayle to Tamim, 1 run
Gayle to Tamim, no run
Gayle to Mahmudullah, 1 run
Gayle to Mahmudullah, no run
Gayle to Mahmudullah, no run
Narine to Mahmudullah, 1 run
Narine to Tamim, 1 run
Narine to Tamim, FOUR runs
Narine to Tamim, SIX runs
Narine to Tamim, SIX runs
Narine to Mahmudullah, 1 run
Gayle to Mahmudullah, 1 leg bye
Gayle to Tamim, 1 bye
Gayle to Mahmudullah, 1 run
Gayle to Tamim, 1 run
Gayle to Mahmudullah, 1 run
Gayle to Tamim, 1 run
Smith to Mahmudullah, no run
Smith to Tamim, 1 run
Smith to Mahmudullah, 1 run
Smith to Mahmudullah, FOUR runs
Smith to Tamim, 1 run
Smith to Mahmudullah, 1 run
Gayle to Mahmudullah, 1 run
Gayle to Tamim, 1 run
Gayle to Mahmudullah, 1 run
Gayle to Tamim, 1 run
Gayle to Mahmudullah, 1 run
Gayle to Tamim, 1 run
Smith to Tamim, 1 run
Smith to Mahmudullah, 1 run
Smith to Mahmudullah, FOUR runs
Smith to Mahmudullah, no run
Smith to Tamim, 1 run
Smith to Mahmudullah, 1 run
Gayle to Mahmudullah, 1 run
Gayle to Mahmudullah, no run
Gayle to Tamim, 1 run
Gayle to Tamim, no run
Gayle to Tamim, 2 runs
Gayle to Mahmudullah, 1 run
Sammy to Mahmudullah, 1 run
Sammy to Tamim, 1 run
Sammy to Tamim, FOUR runs
Sammy to Mahmudullah, 1 leg bye
Sammy to Mahmudullah, SIX runs
Sammy to Tamim, 1 run
Narine to Tamim, 1 run
Narine to Tamim, 1 wide
Narine to Mahmudullah, 1 run
Narine to Mahmudullah, no run
Narine to Tamim, 1 run
Narine to Tamim, no run
Narine to Tamim, no run
Samuels to Tamim, 1 run
Samuels to Mahmudullah, 1 run
Samuels to Tamim, 1 run
Samuels to Tamim, no run
Samuels to Tamim, no run
Samuels to Tamim, FOUR runs
Narine to Mahmudullah, no run
Narine to Tamim, 1 run
Narine to Mahmudullah, 1 run
Narine to Tamim, 1 run
Narine to Tamim, no run
Narine to Mahmudullah, 1 run
Samuels to Mahmudullah, 1 run
Samuels to Mahmudullah, no run
Samuels to Mahmudullah, no run
Samuels to Mahmudullah, SIX runs
Samuels to Tamim, 1 run
Samuels to Mahmudullah, 1 run
Roach to Tamim, no run
Roach to Tamim, 2 runs
Roach to Tamim, no run
Roach to Tamim, no run
Roach to Anamul, OUT
Roach to Anamul, no run
Samuels to Anamul, 1 run
Samuels to Anamul, no run
Samuels to Tamim, 1 run
Samuels to Anamul, 1 run
Samuels to Anamul, no run
Samuels to Tamim, 1 run
Russell to Anamul, FOUR runs
Russell to Tamim, 1 run
Russell to Tamim, FOUR runs
Russell to Tamim, FOUR runs
Russell to Tamim, FOUR runs
Russell to Tamim, no run
Roach to Anamul, FOUR runs
Roach to Anamul, no run
Roach to Tamim, 1 run
Roach to Tamim, no run
Roach to Tamim, no run
Roach to Tamim, FOUR runs
Sammy to Anamul, SIX runs
Sammy to Anamul, FOUR runs
Sammy to Anamul, 2 runs
Sammy to Tamim, 1 run
Sammy to Tamim, FOUR runs
Sammy to Tamim, no run
