Rubel to Samuels, SIX runs
Rubel to Samuels, FOUR runs
Rubel to Samuels, SIX runs
Rubel to Samuels, SIX runs
Rubel to Samuels, SIX runs
Rubel to Simmons, 1 run
Shafiul to Samuels, FOUR runs
Shafiul to Simmons, 1 run
Shafiul to Samuels, 1 run
Shafiul to Simmons, 1 run
Shafiul to Samuels, 1 run
Shafiul to Samuels, 2 runs
Rubel to Simmons, FOUR runs
Rubel to Simmons, 2 runs
Rubel to Simmons, FOUR runs
Rubel to Samuels, 1 run
Rubel to Samuels, SIX runs
Rubel to Samuels, no run
Ziaur to Simmons, no run
Ziaur to Samuels, 1 run
Ziaur to Simmons, 1 run
Ziaur to Samuels, 1 run
Ziaur to Samuels, no run
Ziaur to Simmons, 1 run
Razzak to Simmons, 1 run
Razzak to Samuels, 1 run
Razzak to Samuels, SIX runs
Razzak to Samuels, no run
Razzak to Samuels, SIX runs
Razzak to Simmons, 1 run
Ziaur to Samuels, no run
Ziaur to Simmons, 1 run
Ziaur to Pollard, OUT
Ziaur to Pollard, no run
Ziaur to Samuels, 1 run
Ziaur to Samuels, no run
Sohag Gazi to Pollard, SIX runs
Sohag Gazi to Samuels, 1 run
Sohag Gazi to Samuels, 5 wide
Sohag Gazi to Samuels, no run
Sohag Gazi to Pollard, 1 run
Sohag Gazi to Pollard, SIX runs
Sohag Gazi to Pollard, no run
Sohag Gazi to Pollard, 1 wide
Ziaur to Pollard, 1 run
Ziaur to Samuels, 1 run
Ziaur to Pollard, 1 run
Ziaur to Samuels, 1 run
Ziaur to Samuels, no run
Ziaur to Samuels, no run
Sohag Gazi to Pollard, no run
Sohag Gazi to Darren Bravo, OUT
Sohag Gazi to Samuels, 1 run
Sohag Gazi to Samuels, SIX runs
Sohag Gazi to Darren Bravo, 1 run
Sohag Gazi to Samuels, 1 run
Ziaur to Samuels, 1 run
Ziaur to Samuels, no run
Ziaur to Samuels, FOUR runs
Ziaur to Samuels, no run
Ziaur to Darren Bravo, 1 run
Ziaur to Darren Bravo, no run
Razzak to Samuels, no run
Razzak to Darren Bravo, 1 run
Razzak to Darren Bravo, FOUR runs
Razzak to Darren Bravo, no run
Razzak to Darren Bravo, no run
Razzak to Darren Bravo, SIX runs
Mahmudullah to Darren Bravo, 1 run
Mahmudullah to Darren Bravo, no run
Mahmudullah to Samuels, 1 run
Mahmudullah to Samuels, SIX runs
Mahmudullah to Darren Bravo, 1 run
Mahmudullah to Darren Bravo, SIX runs
Razzak to Darren Bravo, 1 run
Razzak to Darren Bravo, no run
Razzak to Darren Bravo, no run
Razzak to Darren Bravo, no run
Razzak to Darren Bravo, FOUR runs
Razzak to Darren Bravo, 1 wide
Razzak to Darren Bravo, no run
Sohag Gazi to Samuels, no run
Sohag Gazi to Darren Bravo, 1 leg bye
Sohag Gazi to Samuels, 1 run
Sohag Gazi to Darren Bravo, 1 run
Sohag Gazi to Darren Bravo, 2 runs
Sohag Gazi to Samuels, 1 run
Shafiul to Darren Bravo, no run
Shafiul to Darren Bravo, no run
Shafiul to Darren Bravo, FOUR runs
Shafiul to Darren Bravo, FOUR runs
Shafiul to Darren Bravo, no run
Shafiul to Samuels, 1 run
Rubel to Darren Bravo, FOUR runs
Rubel to Smith, OUT
Rubel to Smith, no run
Rubel to Smith, no run
Rubel to Smith, no run
Rubel to Smith, FOUR runs
Shafiul to Samuels, no run
Shafiul to Smith, 1 run
Shafiul to Smith, no run
Shafiul to Smith, no run
Shafiul to Smith, no run
Shafiul to Smith, no run
Rubel to Gayle, OUT
Rubel to Gayle, FOUR runs
Rubel to Smith, 1 run
Rubel to Smith, no run
Rubel to Smith, FOUR runs
Rubel to Smith, no run
Shafiul to Gayle, no run
Shafiul to Gayle, no run
Shafiul to Gayle, no run
Shafiul to Smith, 1 run
Shafiul to Smith, FOUR runs
Shafiul to Gayle, 1 run
Sohag Gazi to Smith, 2 runs
Sohag Gazi to Smith, SIX runs
Sohag Gazi to Smith, no run
Sohag Gazi to Smith, no run
Sohag Gazi to Gayle, 1 run
Sohag Gazi to Smith, 1 run
