Dernbach to Kulasekara, no run
Dernbach to Perera, 1 run
Dernbach to Perera, 2 runs
Dernbach to Perera, 2 runs
Dernbach to Kulasekara, 1 run
Dernbach to Perera, 1 run
Broad to Kulasekara, no run
Broad to Thirimanne, OUT
Broad to Thirimanne, FOUR runs
Broad to Thirimanne, 2 runs
Broad to Perera, 1 run
Broad to Perera, SIX runs
Broad to Perera, 1 wide
Dernbach to Thirimanne, SIX runs
Dernbach to Perera, 1 run
Dernbach to Perera, no run
Dernbach to Perera, no run
Dernbach to Perera, SIX runs
Dernbach to Perera, 2 runs
Dernbach to Perera, 1 wide
Finn to Perera, 1 leg bye
Finn to Perera, 2 runs
Finn to Perera, no run
Finn to Thirimanne, 1 run
Finn to Thirimanne, no run
Finn to Thirimanne, no run
Broad to Perera, no run
Broad to Perera, 2 runs
Broad to Angelo Mathews, OUT
Broad to Jeevan Mendis, OUT
Broad to Angelo Mathews, 1 run
Broad to Angelo Mathews, FOUR runs
Patel to Jeevan Mendis, SIX runs
Patel to Angelo Mathews, 1 run
Patel to Angelo Mathews, SIX runs
Patel to Jeevan Mendis, 1 run
Patel to Angelo Mathews, 1 run
Patel to Angelo Mathews, 2 runs
Bopara to Angelo Mathews, 1 run
Bopara to Jeevan Mendis, 1 run
Bopara to Angelo Mathews, 1 run
Bopara to Angelo Mathews, 2 runs
Bopara to Jeevan Mendis, 2 wide
Bopara to Angelo Mathews, 1 run
Bopara to Angelo Mathews, no run
Swann to Jeevan Mendis, no run
Swann to Jeevan Mendis, no run
Swann to Angelo Mathews, 3 byes
Swann to Jeevan Mendis, 1 bye
Swann to Jeevan Mendis, no run
Swann to Jeevan Mendis, 2 runs
Broad to Angelo Mathews, FOUR runs
Broad to Angelo Mathews, FOUR runs
Broad to Angelo Mathews, no run
Broad to Angelo Mathews, no run
Broad to Angelo Mathews, no run
Broad to Angelo Mathews, no run
Swann to Jeevan Mendis, no run
Swann to Jeevan Mendis, FOUR runs
Swann to Jeevan Mendis, FOUR runs
Swann to Jeevan Mendis, no run
Swann to Sangakkara, OUT
Swann to Mahela Jayawardene, OUT
Patel to Mahela Jayawardene, 1 run
Patel to Mahela Jayawardene, FOUR runs
Patel to Mahela Jayawardene, no run
Patel to Mahela Jayawardene, FOUR runs
Patel to Mahela Jayawardene, no run
Patel to Sangakkara, 1 run
Swann to Mahela Jayawardene, no run
Swann to Mahela Jayawardene, FOUR runs
Swann to Sangakkara, 1 run
Swann to Sangakkara, no run
Swann to Mahela Jayawardene, 1 run
Swann to Sangakkara, 1 run
Bopara to Mahela Jayawardene, no run
Bopara to Sangakkara, 1 run
Bopara to Sangakkara, no run
Bopara to Sangakkara, no run
Bopara to Sangakkara, 2 runs
Bopara to Mahela Jayawardene, 1 run
Swann to Mahela Jayawardene, 1 run
Swann to Sangakkara, 1 run
Swann to Mahela Jayawardene, 1 run
Swann to Mahela Jayawardene, no run
Swann to Mahela Jayawardene, FOUR runs
Swann to Mahela Jayawardene, 2 runs
Broad to Mahela Jayawardene, 1 run
Broad to Mahela Jayawardene, no run
Broad to Mahela Jayawardene, 2 runs
Broad to Mahela Jayawardene, no run
Broad to Mahela Jayawardene, no run
Broad to Mahela Jayawardene, no run
Finn to Sangakkara, FOUR runs
Finn to Sangakkara, 2 runs
Finn to Dilshan, OUT
Finn to Mahela Jayawardene, 1 run
Finn to Mahela Jayawardene, no run
Finn to Mahela Jayawardene, no run
Dernbach to Mahela Jayawardene, 1 run
Dernbach to Dilshan, 1 run
Dernbach to Dilshan, 1 wide
Dernbach to Dilshan, SIX runs
Dernbach to Mahela Jayawardene, 1 run
Dernbach to Mahela Jayawardene, SIX runs
Dernbach to Mahela Jayawardene, no run
Finn to Dilshan, no run
Finn to Mahela Jayawardene, 1 run
Finn to Mahela Jayawardene, no run
Finn to Mahela Jayawardene, no run
Finn to Mahela Jayawardene, FOUR runs
Finn to Dilshan, 1 run
Dernbach to Mahela Jayawardene, no run
Dernbach to Mahela Jayawardene, no run
Dernbach to Dilshan, 1 run
Dernbach to Dilshan, no run
Dernbach to Dilshan, 2 runs
Dernbach to Mahela Jayawardene, 1 leg bye
Finn to Dilshan, FOUR runs
Finn to Dilshan, no run
Finn to Dilshan, no run
Finn to Mahela Jayawardene, 1 run
Finn to Mahela Jayawardene, 1 wide
Finn to Dilshan, 1 run
Finn to Mahela Jayawardene, 1 run
