Kulasekara to Dernbach, 1 run
Kulasekara to Finn, 1 run
Kulasekara to Finn, no run
Kulasekara to Dernbach, 1 run
Kulasekara to Swann, OUT
Kulasekara to Swann, (no ball)
Kulasekara to Swann, 2 runs
Malinga to Finn, no run
Malinga to Patel, OUT
Malinga to Swann, 1 run
Malinga to Patel, 1 run
Malinga to Swann, 1 leg bye
Malinga to Swann, FOUR runs
Mendis to Patel, 2 runs
Mendis to Patel, no run
Mendis to Swann, 1 run
Mendis to Patel, 1 run
Mendis to Swann, 1 run
Mendis to Swann, SIX runs
Malinga to Swann, 1 run
Malinga to Swann, FOUR runs
Malinga to Swann, FOUR runs
Malinga to Swann, 2 runs
Malinga to Swann, no run
Malinga to Swann, FOUR runs
Mendis to Swann, 1 run
Mendis to Patel, 1 run
Mendis to Swann, 1 run
Mendis to Patel, 1 run
Mendis to Patel, no run
Mendis to Swann, 1 run
Dananjaya to Swann, 1 bye
Dananjaya to Patel, 1 run
Dananjaya to Patel, FOUR runs
Dananjaya to Patel, SIX runs
Dananjaya to Swann, 1 run
Dananjaya to Broad, OUT
Malinga to Broad, 1 run
Malinga to Patel, 1 run
Malinga to Buttler, OUT
Malinga to Patel, 2 wide
Malinga to Buttler, 1 run
Malinga to Patel, 1 run
Malinga to Buttler, 1 run
Dananjaya to Buttler, 1 run
Dananjaya to Patel, 1 run
Dananjaya to Patel, 2 runs
Dananjaya to Patel, no run
Dananjaya to Buttler, 1 run
Dananjaya to Patel, 1 run
Jeevan Mendis to Buttler, 2 runs
Jeevan Mendis to Buttler, 2 runs
Jeevan Mendis to Bopara, OUT
Jeevan Mendis to Bopara, no run
Jeevan Mendis to Bopara, no run
Jeevan Mendis to Patel, 1 run
Dananjaya to Patel, 1 run
Dananjaya to Bopara, 1 run
Dananjaya to Bopara, no run
Dananjaya to Bopara, no run
Dananjaya to Morgan, OUT
Dananjaya to Patel, 1 run
Mendis to Patel, 1 run
Mendis to Morgan, 1 run
Mendis to Morgan, no run
Mendis to Patel, 1 leg bye
Mendis to Patel, FOUR runs
Mendis to Patel, FOUR runs
Dananjaya to Morgan, 2 runs
Dananjaya to Morgan, no run
Dananjaya to Patel, 1 run
Dananjaya to Morgan, 1 run
Dananjaya to Patel, 1 run
Dananjaya to Patel, no run
Angelo Mathews to Patel, 1 run
Angelo Mathews to Morgan, 1 leg bye
Angelo Mathews to Morgan, no run
Angelo Mathews to Morgan, no run
Angelo Mathews to Morgan, no run
Angelo Mathews to Morgan, FOUR runs
Mendis to Patel, no run
Mendis to Patel, FOUR runs
Mendis to Patel, 1 wide
Mendis to Patel, FOUR runs
Mendis to Patel, no run
Mendis to Patel, FOUR runs
Mendis to Morgan, 1 run
Kulasekara to Patel, no run
Kulasekara to Patel, no run
Kulasekara to Patel, no run
Kulasekara to Patel, FOUR runs
Kulasekara to Patel, no run
Kulasekara to Patel, FOUR runs
Angelo Mathews to Patel, 1 run
Angelo Mathews to Patel, no run
Angelo Mathews to Patel, SIX runs
Angelo Mathews to Patel, no run
Angelo Mathews to Morgan, 1 run
Angelo Mathews to Patel, 1 run
Kulasekara to Morgan, no run
Kulasekara to Morgan, no run
Kulasekara to Patel, 1 run
Kulasekara to Patel, no run
Kulasekara to Patel, no run
Kulasekara to Patel, no run
Malinga to Hales, OUT
Malinga to Bairstow, OUT
Malinga to Bairstow, 2 runs
Malinga to Wright, OUT
Malinga to Wright, no run
Malinga to Hales, 1 run
Kulasekara to Wright, no run
Kulasekara to Hales, 1 leg bye
Kulasekara to Hales, no run
Kulasekara to Wright, 1 run
Kulasekara to Wright, SIX runs
Kulasekara to Wright, no run
Angelo Mathews to Hales, 2 runs
Angelo Mathews to Wright, 1 run
Angelo Mathews to Wright, FOUR runs
Angelo Mathews to Wright, no run
Angelo Mathews to Wright, no run
Angelo Mathews to Wright, no run
