Raina to Morkel, SIX runs
Raina to Morkel, FOUR runs
Raina to Morkel, SIX runs
Raina to Ontong, OUT
Raina to Ontong, SIX runs
Raina to Ontong, FOUR runs
Pathan to Ontong, 1 run
Pathan to Ontong, FOUR runs
Pathan to Behardien, 1 run
Pathan to Behardien, 2 runs
Pathan to Behardien, FOUR runs
Pathan to Behardien, 2 runs
Raina to Ontong, SIX runs
Raina to Behardien, 1 run
Raina to Ontong, 1 run
Raina to Behardien, 1 run
Raina to Behardien, 2 runs
Raina to Ingram, OUT
Vinay to Behardien, FOUR runs
Vinay to Ingram, 1 run
Vinay to Ingram, FOUR runs
Vinay to Ingram, FOUR runs
Vinay to Ingram, SIX runs
Vinay to Behardien, 1 run
Raina to Ingram, 2 runs
Raina to Behardien, 1 run
Raina to Ingram, 1 run
Raina to Ingram, no run
Raina to Ingram, 2 runs
Raina to Behardien, 1 run
Ashwin to Kallis, OUT
Ashwin to Ingram, 1 run
Ashwin to Kallis, 1 run
Ashwin to Ingram, 1 run
Ashwin to Ingram, SIX runs
Ashwin to Kallis, 1 run
Kohli to Kallis, 1 run
Kohli to Kallis, FOUR runs
Kohli to Kallis, FOUR runs
Kohli to Kallis, FOUR runs
Kohli to Ingram, 1 run
Kohli to Kallis, 1 run
Pathan to Kallis, 1 run
Pathan to Ingram, 1 run
Pathan to Ingram, FOUR runs
Pathan to Kallis, 1 run
Pathan to Ingram, 1 run
Pathan to Ingram, no run
Rohit Sharma to Ingram, 1 run
Rohit Sharma to Ingram, 2 runs
Rohit Sharma to Ingram, FOUR runs
Rohit Sharma to Kallis, 1 run
Rohit Sharma to Kallis, SIX runs
Rohit Sharma to Kallis, no run
Ashwin to Kallis, 1 run
Ashwin to Ingram, 1 run
Ashwin to Kallis, 1 run
Ashwin to Ingram, 1 run
Ashwin to Ingram, SIX runs
Ashwin to Kallis, 1 run
Raina to Kallis, 1 run
Raina to Kallis, 2 runs
Raina to Kallis, no run
Raina to Kallis, no run
Raina to Ingram, 1 run
Raina to Kallis, 1 run
Ashwin to Ingram, no run
Ashwin to Kallis, 1 run
Ashwin to Ingram, 1 run
Ashwin to Kallis, 1 run
Ashwin to Kallis, no run
Ashwin to Ingram, 1 run
Pathan to Ingram, 1 run
Pathan to Kallis, 1 run
Pathan to Kallis, SIX runs
Pathan to Kallis, no run
Pathan to Ingram, 1 run
Pathan to Ingram, no run
Praveen to Ingram, 1 leg bye
Praveen to Ingram, FOUR runs
Praveen to Kallis, 1 run
Praveen to Kallis, 2 runs
Praveen to Ingram, 1 run
Praveen to Kallis, 1 run
Ashwin to Ingram, no run
Ashwin to Ingram, FOUR runs
Ashwin to Ingram, no run
Ashwin to Kallis, 1 run
Ashwin to Kallis, 2 runs
Ashwin to Ingram, 1 run
Vinay to Kallis, FOUR runs
Vinay to Ingram, 1 run
Vinay to Kallis, 1 run
Vinay to Kallis, no run
Vinay to Kallis, FOUR runs
Vinay to Kallis, no run
Pathan to Ingram, no run
Pathan to Ingram, FOUR runs
Pathan to Ingram, no run
Pathan to Ingram, 2 runs
Pathan to Kallis, 1 run
Pathan to Ingram, 1 run
Vinay to Ingram, 1 run
Vinay to Ingram, no run
Vinay to Ingram, no run
Vinay to Ingram, no run
Vinay to Ingram, no run
Vinay to Kallis, 1 run
Pathan to Ingram, no run
Pathan to Ingram, 1 wide
Pathan to Ingram, FOUR runs
Pathan to Levi, OUT
Pathan to Levi, FOUR runs
Pathan to Levi, FOUR runs
Pathan to Kallis, 1 run
Praveen to Levi, no run
Praveen to Levi, FOUR runs
Praveen to Levi, FOUR runs
Praveen to Kallis, 1 run
Praveen to Kallis, 1 wide
Praveen to Kallis, no run
Praveen to Levi, 3 runs
