Parnell to Uthappa, 1 run
Parnell to Gambhir, 1 run
Parnell to Gambhir, FOUR runs
Parnell to Gambhir, FOUR runs
Parnell to Gambhir, no run
Botha to Gambhir, 1 run
Botha to Gambhir, no run
Botha to Gambhir, FOUR runs
Botha to Uthappa, 1 run
Botha to Uthappa, no run
Botha to Uthappa, FOUR runs
Parnell to Uthappa, 1 run
Parnell to Gambhir, 1 run
Parnell to Uthappa, 1 run
Parnell to Uthappa, no run
Parnell to Gambhir, 1 run
Parnell to Gambhir, no run
Tsotsobe to Uthappa, no run
Tsotsobe to Uthappa, no run
Tsotsobe to Gambhir, 1 run
Tsotsobe to Uthappa, 1 run
Tsotsobe to Uthappa, 2 runs
Tsotsobe to Gambhir, 3 runs
