Shafiul to Vitori, no run
Shafiul to Vitori, no run
Shafiul to Panyangara, 1 run
Shafiul to Panyangara, no run
Shafiul to Vitori, 1 run
Shafiul to Utseya, OUT
Shakib to Panyangara, no run
Shakib to Mushangwe, OUT
Shakib to Utseya, 1 run
Shakib to Masakadza, OUT
Shakib to Masakadza, 2 runs
Shakib to Utseya, 1 leg bye
Shafiul to Masakadza, 2 runs
Shafiul to Utseya, 1 run
Shafiul to Masakadza, 1 run
Shafiul to Utseya, 1 run
Shafiul to Utseya, 2 runs
Shafiul to Utseya, no run
Shakib to Utseya, 1 run
Shakib to Raza, OUT
Shakib to Masakadza, 1 run
Shakib to Raza, 1 bye
Shakib to Raza, no run
Shakib to Raza, 2 runs
Razzak to Raza, 1 leg bye
Razzak to Masakadza, 1 run
Razzak to Masakadza, no run
Razzak to Raza, 1 leg bye
Razzak to Raza, 2 runs
Razzak to Raza, no run
Razzak to Raza, 1 wide
Mominul to Raza, 1 run
Mominul to Masakadza, 1 run
Mominul to Raza, 1 run
Mominul to Masakadza, 1 run
Mominul to Raza, 1 run
Mominul to Raza, SIX runs
Razzak to Masakadza, no run
Razzak to Masakadza, no run
Razzak to Masakadza, no run
Razzak to Waller, OUT
Razzak to Waller, no run
Razzak to Waller, no run
Mominul to Waller, 1 run
Mominul to Raza, 1 run
Mominul to Waller, 1 run
Mominul to Raza, 1 run
Mominul to Raza, 2 runs
Mominul to Waller, 1 run
Robiul to Waller, 1 run
Robiul to Waller, FOUR runs
Robiul to Raza, 1 run
Robiul to Raza, SIX runs
Robiul to Raza, no run
Robiul to Waller, 1 run
Shafiul to Waller, 1 run
Shafiul to Raza, OUT
Shafiul to Williams, 1 run
Shafiul to Raza, 1 run
Shafiul to Raza, no run
Shafiul to Raza, 2 leg byes
Shakib to Williams, no run
Shakib to Raza, 1 run
Shakib to Raza, no run
Shakib to Raza, 2 runs
Shakib to Raza, no run
Shakib to Williams, 1 run
Mahmudullah to Raza, no run
Mahmudullah to Williams, 1 run
Mahmudullah to Williams, no run
Mahmudullah to Williams, FOUR runs
Mahmudullah to Raza, 1 run
Mahmudullah to Raza, 1 wide
Mahmudullah to Raza, 1 wide
Mahmudullah to Williams, 1 run
Sohag Gazi to Williams, 1 leg bye
Sohag Gazi to Williams, no run
Sohag Gazi to Williams, FOUR runs
Sohag Gazi to Raza, 1 run
Sohag Gazi to Williams, 1 run
Sohag Gazi to Raza, 1 run
Shafiul to Sibanda, OUT
Shafiul to Sibanda, 2 runs
Shafiul to Sibanda, 2 runs
Shafiul to Williams, 1 run
Shafiul to Williams, 2 runs
Shafiul to Sibanda, 1 run
Sohag Gazi to Williams, no run
Sohag Gazi to Williams, no run
Sohag Gazi to Williams, no run
Sohag Gazi to Williams, no run
Sohag Gazi to Williams, no run
Sohag Gazi to Williams, no run
Shakib to Taylor, OUT
Shakib to Taylor, FOUR runs
Shakib to Sibanda, 1 run
Shakib to Sibanda, FOUR runs
Shakib to Taylor, 1 run
Shakib to Taylor, no run
Razzak to Taylor, 1 run
Razzak to Sibanda, 1 run
Razzak to Sibanda, 2 runs
Razzak to Sibanda, no run
Razzak to Sibanda, no run
Razzak to Sibanda, FOUR runs
Sohag Gazi to Taylor, FOUR runs
Sohag Gazi to Taylor, no run
Sohag Gazi to Taylor, FOUR runs
Sohag Gazi to Sibanda, 1 run
Sohag Gazi to Sibanda, no run
Sohag Gazi to Sibanda, 1 wide
Sohag Gazi to Sibanda, SIX runs
Razzak to Sibanda, 1 run
Razzak to Sibanda, FOUR runs
Razzak to Sibanda, no run
Razzak to Taylor, 1 run
Razzak to Taylor, no run
Razzak to Masakadza, OUT
Sohag Gazi to Masakadza, 1 run
Sohag Gazi to Masakadza, no run
Sohag Gazi to Sibanda, 1 run
Sohag Gazi to Sibanda, 2 runs
Sohag Gazi to Masakadza, 1 run
Sohag Gazi to Masakadza, no run
