Vitori to Razzak, 2 runs
Vitori to Razzak, 2 runs
Vitori to Sohag Gazi, 1 run
Vitori to Sohag Gazi, no run
Vitori to Sohag Gazi, 2 runs
Vitori to Razzak, 1 leg bye
Panyangara to Sohag Gazi, FOUR runs
Panyangara to Razzak, 1 run
Panyangara to Razzak, 1 wide
Panyangara to Razzak, no run
Panyangara to Sohag Gazi, 1 run
Panyangara to Sohag Gazi, no run
Panyangara to Razzak, 1 run
Vitori to Sohag Gazi, OUT
Vitori to Mominul, OUT
Vitori to Nasir, 1 leg bye
Vitori to Nasir, 2 runs
Vitori to Mominul, 1 run
Vitori to Nasir, 2 wide
Vitori to Nasir, no run
Panyangara to Mominul, no run
Panyangara to Mominul, (no ball) FOUR runs
Panyangara to Nasir, 1 run
Panyangara to Nasir, no run
Panyangara to Mominul, 1 run
Panyangara to Nasir, 1 run
Panyangara to Nasir, 2 runs
Mushangwe to Nasir, 1 run
Mushangwe to Mominul, 1 run
Mushangwe to Nasir, (no ball) 1 run
Mushangwe to Mominul, 1 run
Mushangwe to Nasir, 1 run
Mushangwe to Nasir, FOUR runs
Mushangwe to Nasir, no run
Panyangara to Nasir, 1 run
Panyangara to Nasir, FOUR runs
Panyangara to Nasir, FOUR runs
Panyangara to Mominul, 1 run
Panyangara to Mominul, no run
Panyangara to Mahmudullah, OUT
Utseya to Nasir, no run
Utseya to Nasir, no run
Utseya to Nasir, no run
Utseya to Mahmudullah, 1 run
Utseya to Nasir, 1 run
Masakadza to Nasir, 1 run
Masakadza to Nasir, 1 wide
Masakadza to Mahmudullah, 1 leg bye
Masakadza to Mahmudullah, no run
Masakadza to Mushfiqur, OUT
Masakadza to Nasir, 1 run
Masakadza to Mushfiqur, 1 run
Williams to Mushfiqur, 1 run
Williams to Nasir, 1 run
Williams to Mushfiqur, 1 run
Williams to Nasir, 1 run
Williams to Mushfiqur, 1 run
Williams to Mushfiqur, 2 runs
Utseya to Mushfiqur, 1 run
Utseya to Tamim, OUT
Utseya to Tamim, no run
Utseya to Tamim, no run
Utseya to Mushfiqur, 1 run
Utseya to Tamim, 1 run
Williams to Mushfiqur, FOUR runs
Williams to Tamim, 1 run
Williams to Mushfiqur, 1 run
Williams to Mushfiqur, no run
Williams to Tamim, 1 run
Williams to Tamim, 2 runs
Mushangwe to Mushfiqur, FOUR runs
Mushangwe to Shakib, OUT
Mushangwe to Tamim, 1 run
Mushangwe to Tamim, SIX runs
Mushangwe to Tamim, FOUR runs
Mushangwe to Shakib, 1 run
Mushangwe to Shakib, 1 wide
Masakadza to Shakib, 1 run
Masakadza to Tamim, 1 run
Masakadza to Shakib, 1 leg bye
Masakadza to Shakib, SIX runs
Masakadza to Tamim, 1 run
Masakadza to Tamim, FOUR runs
Mushangwe to Shakib, no run
Mushangwe to Shakib, no run
Mushangwe to Shakib, no run
Mushangwe to Tamim, 1 run
Mushangwe to Tamim, no run
Mushangwe to Shakib, 1 run
Utseya to Shakib, 1 run
Utseya to Shakib, no run
Utseya to Shakib, 2 runs
Utseya to Tamim, 1 run
Utseya to Shakib, 1 run
Utseya to Tamim, 1 run
Panyangara to Tamim, 1 run
Panyangara to Tamim, FOUR runs
Panyangara to Tamim, FOUR runs
Panyangara to Tamim, no run
Panyangara to Shakib, 1 run
Panyangara to Shakib, FOUR runs
Vitori to Tamim, no run
Vitori to Tamim, no run
Vitori to Tamim, FOUR runs
Vitori to Tamim, no run
Vitori to Shakib, 1 leg bye
Vitori to Shakib, FOUR runs
Masakadza to Tamim, no run
Masakadza to Tamim, FOUR runs
Masakadza to Shakib, 1 run
Masakadza to Shakib, FOUR runs
Masakadza to Shakib, FOUR runs
Masakadza to Shakib, no run
Masakadza to Shakib, (no ball) FOUR runs
Vitori to Shakib, 1 run
Vitori to Shakib, FOUR runs
Vitori to Shakib, no run
Vitori to Shakib, no run
Vitori to Shakib, no run
Vitori to Shakib, no run
Vitori to Shakib, 1 wide
Utseya to Tamim, no run
Utseya to Tamim, no run
Utseya to Rahman, OUT
Utseya to Rahman, no run
Utseya to Rahman, 2 runs
Utseya to Tamim, 1 run
Utseya to Tamim, 1 wide
