Kleinveldt to McClenaghan, OUT
Kleinveldt to McClenaghan, no run
Steyn to Doug Bracewell, no run
Steyn to Doug Bracewell, no run
Steyn to Doug Bracewell, 2 runs
Steyn to Doug Bracewell, 2 runs
Steyn to McClenaghan, 1 leg bye
Steyn to Hira, OUT
Peterson to Hira, 1 run
Peterson to Doug Bracewell, 1 run
Peterson to Doug Bracewell, no run
Peterson to Doug Bracewell, no run
Peterson to Doug Bracewell, no run
Peterson to Doug Bracewell, no run
Kleinveldt to Doug Bracewell, 1 run
Kleinveldt to Doug Bracewell, no run
Kleinveldt to Doug Bracewell, FOUR runs
Kleinveldt to Doug Bracewell, FOUR runs
Kleinveldt to Doug Bracewell, FOUR runs
Kleinveldt to Doug Bracewell, no run
McLaren to Hira, no run
McLaren to Hira, no run
McLaren to Hira, no run
McLaren to Hira, 2 runs
McLaren to Hira, no run
McLaren to Hira, no run
du Plessis to Doug Bracewell, no run
du Plessis to Doug Bracewell, no run
Morris to Hira, 1 run
Morris to Doug Bracewell, 1 run
Morris to Doug Bracewell, no run
Morris to Doug Bracewell, no run
Peterson to Hira, no run
Peterson to Hira, no run
Peterson to Hira, no run
Peterson to Doug Bracewell, 1 run
Peterson to Doug Bracewell, no run
Peterson to Hira, 1 run
Morris to Munro, OUT
Morris to Doug Bracewell, 1 run
Morris to Munro, 1 run
Morris to Munro, FOUR runs
Morris to Munro, no run
Morris to Munro, no run
Peterson to Doug Bracewell, no run
Peterson to Doug Bracewell, no run
Peterson to Neesham, OUT
Peterson to Neesham, no run
Peterson to Munro, 1 run
Peterson to Munro, 2 runs
McLaren to Munro, 1 run
McLaren to Munro, FOUR runs
McLaren to Neesham, 1 run
McLaren to Neesham, FOUR runs
McLaren to Neesham, no run
McLaren to Neesham, FOUR runs
Peterson to Neesham, 1 run
Peterson to McCullum, OUT
Peterson to McCullum, no run
Peterson to McCullum, no run
Peterson to McCullum, no run
Peterson to McCullum, no run
Morris to Munro, no run
Morris to McCullum, 1 run
Morris to McCullum, no run
Morris to McCullum, 1 wide
Morris to Anderson, OUT
Morris to Anderson, no run
Morris to Munro, 1 run
McLaren to Anderson, FOUR runs
McLaren to Anderson, no run
McLaren to Munro, 1 run
McLaren to Anderson, 1 run
McLaren to Franklin, OUT
McLaren to Franklin, no run
Morris to Munro, FOUR runs
Morris to Munro, no run
Morris to Munro, no run
Morris to Munro, FOUR runs
Morris to Munro, no run
Morris to Munro, no run
Kleinveldt to Franklin, no run
Kleinveldt to McCullum, OUT
Kleinveldt to McCullum, no run
Kleinveldt to McCullum, no run
Kleinveldt to McCullum, no run
Kleinveldt to McCullum, no run
Steyn to Fulton, OUT
Steyn to Fulton, no run
Steyn to Fulton, no run
Steyn to Fulton, FOUR runs
Steyn to McCullum, 1 run
Steyn to McCullum, no run
Kleinveldt to Fulton, no run
Kleinveldt to McCullum, 1 run
Kleinveldt to McCullum, FOUR runs
Kleinveldt to McCullum, no run
Kleinveldt to McCullum, no run
Kleinveldt to Nicol, OUT
Steyn to Fulton, no run
Steyn to Fulton, no run
Steyn to Fulton, no run
Steyn to Nicol, 1 run
Steyn to Fulton, 1 run
Steyn to Nicol, 1 run
Steyn to Nicol, 1 wide
McLaren to Fulton, no run
McLaren to Fulton, FOUR runs
McLaren to Fulton, no run
McLaren to Fulton, no run
McLaren to Nicol, 1 run
McLaren to Nicol, no run
