Neesham to du Plessis, 2 runs
Nicol to du Plessis, 1 run
Nicol to de Kock, 1 run
Nicol to de Kock, FOUR runs
Nicol to de Kock, FOUR runs
Nicol to du Plessis, 1 run
Nicol to du Plessis, no run
Hira to de Kock, 2 runs
Hira to du Plessis, 1 run
Hira to du Plessis, no run
Hira to de Kock, 1 run
Hira to du Plessis, 1 run
Hira to du Plessis, FOUR runs
McCullum to du Plessis, 1 run
McCullum to du Plessis, no run
McCullum to du Plessis, no run
McCullum to de Kock, 1 run
McCullum to de Kock, no run
McCullum to du Plessis, 1 run
Hira to de Kock, no run
Hira to de Kock, no run
Hira to de Kock, no run
Hira to de Kock, no run
Hira to du Plessis, 1 run
Hira to du Plessis, no run
McCullum to de Kock, FOUR runs
McCullum to de Kock, no run
McCullum to de Kock, no run
McCullum to de Kock, no run
McCullum to de Kock, no run
McCullum to de Kock, no run
Anderson to de Kock, 1 run
Anderson to de Kock, FOUR runs
Anderson to du Plessis, 1 run
Anderson to de Kock, 1 run
Anderson to de Kock, FOUR runs
Anderson to de Kock, no run
Hira to du Plessis, no run
Hira to du Plessis, no run
Hira to de Kock, 1 run
Hira to Davids, OUT
Hira to Davids, FOUR runs
Hira to Davids, no run
McClenaghan to du Plessis, FOUR runs
McClenaghan to du Plessis, FOUR runs
McClenaghan to du Plessis, FOUR runs
McClenaghan to du Plessis, no run
McClenaghan to du Plessis, no run
McClenaghan to du Plessis, FOUR runs
Doug Bracewell to du Plessis, 1 run
Doug Bracewell to du Plessis, FOUR runs
Doug Bracewell to du Plessis, no run
Doug Bracewell to Davids, 1 run
Doug Bracewell to Davids, no run
Doug Bracewell to Davids, SIX runs
McClenaghan to du Plessis, 2 runs
McClenaghan to Davids, 1 run
McClenaghan to du Plessis, 1 run
McClenaghan to du Plessis, no run
McClenaghan to du Plessis, no run
McClenaghan to du Plessis, no run
Doug Bracewell to Davids, FOUR runs
Doug Bracewell to Davids, no run
Doug Bracewell to Davids, FOUR runs
Doug Bracewell to Davids, no run
Doug Bracewell to Davids, no run
Doug Bracewell to Davids, no run
Doug Bracewell to Davids, 1 wide
McClenaghan to du Plessis, no run
McClenaghan to Levi, OUT
McClenaghan to Levi, no run
McClenaghan to Levi, no run
McClenaghan to Levi, no run
McClenaghan to Levi, no run
