Dernbach to Misbah, OUT
Dernbach to Hammad, 1 run
Dernbach to Misbah, 1 run
Dernbach to Misbah, 1 wide
Dernbach to Hammad, 1 run
Dernbach to Afridi, 1 run, OUT
Dernbach to Afridi, 2 runs
Broad to Misbah, no run
Broad to Misbah, no run
Broad to Misbah, FOUR runs
Broad to Umar Akmal, OUT
Broad to Umar Akmal, no run
Broad to Umar Akmal, no run
Dernbach to Umar Akmal, 1 run
Dernbach to Misbah, 1 run
Dernbach to Misbah, no run
Dernbach to Umar Akmal, 1 run
Dernbach to Misbah, 1 run
Dernbach to Misbah, 1 wide
Dernbach to Umar Akmal, 1 run
Finn to Misbah, no run
Finn to Umar Akmal, 1 run
Finn to Umar Akmal, 2 runs
Finn to Umar Akmal, FOUR runs
Finn to Umar Akmal, 2 runs
Finn to Umar Akmal, no run
Broad to Misbah, no run
Broad to Misbah, 2 runs
Broad to Misbah, no run
Broad to Umar Akmal, 1 run
Broad to Misbah, 1 run
Broad to Misbah, no run
Patel to Umar Akmal, 2 runs
Patel to Umar Akmal, no run
Patel to Misbah, 1 run
Patel to Umar Akmal, 1 run
Patel to Misbah, 1 run
Patel to Misbah, FOUR runs
Swann to Misbah, 1 run
Swann to Umar Akmal, 1 run
Swann to Umar Akmal, 2 runs
Swann to Umar Akmal, no run
Swann to Misbah, 1 run
Swann to Umar Akmal, 1 run
Patel to Umar Akmal, 1 run
Patel to Umar Akmal, no run
Patel to Misbah, 1 run
Patel to Umar Akmal, 1 run
Patel to Umar Akmal, no run
Patel to Shafiq, 1 run, OUT
Swann to Shafiq, 1 run
Swann to Misbah, 1 run
Swann to Shafiq, 1 run
Swann to Misbah, 1 run
Swann to Shafiq, 1 run
Swann to Shafiq, no run
Swann to Misbah, 2 wide
Broad to Misbah, 1 run
Broad to Shafiq, 1 run
Broad to Shafiq, FOUR runs
Broad to Shafiq, FOUR runs
Broad to Misbah, 1 run
Broad to Misbah, no run
Swann to Misbah, 1 run
Swann to Shafiq, 1 run
Swann to Shafiq, no run
Swann to Shafiq, 2 runs
Swann to Misbah, 1 run
Swann to Misbah, no run
Patel to Misbah, 1 run
Patel to Shafiq, 1 run
Patel to Shafiq, no run
Patel to Shafiq, no run
Patel to Shafiq, no run
Patel to Misbah, 1 run
Swann to Shafiq, no run
Swann to Shafiq, no run
Swann to Misbah, 1 run
Swann to Misbah, no run
Swann to Awais Zia, OUT
Swann to Shafiq, 1 run
Patel to Awais Zia, no run
Patel to Awais Zia, no run
Patel to Shafiq, 1 run
Patel to Awais Zia, 1 run
Patel to Awais Zia, no run
Patel to Awais Zia, no run
Broad to Awais Zia, 1 run
Broad to Awais Zia, no run
Broad to Shafiq, 1 run
Broad to Shafiq, 2 runs
Broad to Awais Zia, 1 run
Broad to Awais Zia, no run
Finn to Shafiq, 2 runs
Finn to Awais Zia, 1 run
Finn to Awais Zia, 1 wide
Finn to Awais Zia, no run
Finn to Shafiq, 1 run
Finn to Shafiq, FOUR runs
Finn to Awais Zia, 1 run
Dernbach to Awais Zia, 1 run
Dernbach to Awais Zia, no run
Dernbach to Awais Zia, FOUR runs
Dernbach to Shafiq, 1 run
Dernbach to Awais Zia, 1 run
Dernbach to Shafiq, 1 run
Finn to Shafiq, 1 leg bye
Finn to Shafiq, no run
Finn to Awais Zia, 1 leg bye
Finn to Shafiq, 1 run
Finn to Awais Zia, 1 run
Finn to Awais Zia, SIX runs
Dernbach to Awais Zia, 1 leg bye
Dernbach to Shafiq, 1 run
Dernbach to Awais Zia, 1 run
Dernbach to Shafiq, 1 run
Dernbach to Shafiq, no run
Dernbach to Hafeez, OUT
Finn to Awais Zia, 2 runs
Finn to Awais Zia, no run
Finn to Awais Zia, 4 leg byes
Finn to Awais Zia, no run
Finn to Awais Zia, no run
Finn to Awais Zia, 2 runs
