Cheema to Pietersen, SIX runs
Cheema to Broad, 1 run
Cheema to Broad, no run
Cheema to Broad, 2 runs
Cheema to Pietersen, 1 run
Cheema to Broad, 1 run
Umar Gul to Pietersen, FOUR runs
Umar Gul to Pietersen, no run
Umar Gul to Pietersen, 1 wide
Umar Gul to Broad, 1 run
Umar Gul to Pietersen, 1 run
Umar Gul to Broad, 1 run
Umar Gul to Pietersen, 1 run
Ajmal to Broad, no run
Ajmal to Patel, OUT
Ajmal to Patel, no run
Ajmal to Patel, FOUR runs
Ajmal to Patel, SIX runs
Ajmal to Patel, 2 runs
Umar Gul to Patel, 1 run
Umar Gul to Pietersen, 1 run
Umar Gul to Pietersen, 2 runs
Umar Gul to Patel, 1 run
Umar Gul to Patel, 2 runs
Umar Gul to Pietersen, 1 run
Ajmal to Patel, no run
Ajmal to Patel, no run
Ajmal to Buttler, OUT
Ajmal to Pietersen, 1 run
Ajmal to Pietersen, no run
Ajmal to Buttler, 1 run
Umar Gul to Buttler, 1 run
Umar Gul to Buttler, no run
Umar Gul to Buttler, 2 runs
Umar Gul to Pietersen, 1 run
Umar Gul to Pietersen, no run
Umar Gul to Pietersen, 5 wide
Umar Gul to Pietersen, 1 wide
Umar Gul to Pietersen, no run
Afridi to Buttler, no run
Afridi to Buttler, no run
Afridi to Buttler, no run
Afridi to Pietersen, 1 run
Afridi to Buttler, 1 run
Afridi to Buttler, no run
Ajmal to Buttler, 1 run
Ajmal to Pietersen, 1 run
Ajmal to Buttler, 1 run
Ajmal to Buttler, no run
Ajmal to Bairstow, OUT
Ajmal to Bairstow, no run
Afridi to Pietersen, no run
Afridi to Pietersen, 2 runs
Afridi to Pietersen, FOUR runs
Afridi to Bairstow, 1 run
Afridi to Bairstow, no run
Afridi to Bairstow, no run
Hafeez to Bairstow, 1 run
Hafeez to Bairstow, no run
Hafeez to Pietersen, 1 run
Hafeez to Pietersen, no run
Hafeez to Pietersen, no run
Hafeez to Bairstow, 1 run
Afridi to Pietersen, no run
Afridi to Pietersen, no run
Afridi to Pietersen, OUT
Afridi to Pietersen, FOUR runs
Afridi to Morgan, 1 run
Afridi to Pietersen, 1 run
Hafeez to Pietersen, 1 run
Hafeez to Morgan, 1 run
Hafeez to Morgan, no run
Hafeez to Morgan, no run
Hafeez to Pietersen, 1 run
Hafeez to Morgan, 1 run
Afridi to Morgan, 1 run
Afridi to Morgan, no run
Afridi to Pietersen, 1 run
Afridi to Morgan, 1 run
Afridi to Pietersen, 1 run
Afridi to Pietersen, no run
Hafeez to Morgan, 2 runs
Hafeez to Pietersen, 1 run
Hafeez to Morgan, 1 run
Hafeez to Pietersen, 1 run
Hafeez to Pietersen, no run
Hafeez to Pietersen, FOUR runs
Cheema to Pietersen, 1 run
Cheema to Morgan, 1 run
Cheema to Bopara, OUT
Cheema to Pietersen, 1 run
Cheema to Bopara, 1 run
Cheema to Pietersen, 1 run
Ajmal to Pietersen, 1 run
Ajmal to Pietersen, FOUR runs
Ajmal to Pietersen, no run
Ajmal to Kieswetter, OUT
Ajmal to Kieswetter, no run
Ajmal to Pietersen, 1 run
Cheema to Pietersen, 1 run
Cheema to Kieswetter, 1 run
Cheema to Kieswetter, no run
Cheema to Pietersen, 1 run
Cheema to Kieswetter, 1 run
Cheema to Pietersen, 1 run
Umar Gul to Kieswetter, no run
Umar Gul to Kieswetter, no run
Umar Gul to Kieswetter, no run
Umar Gul to Kieswetter, SIX runs
Umar Gul to Kieswetter, FOUR runs
Umar Gul to Kieswetter, 2 runs
Cheema to Kieswetter, 1 run
Cheema to Kieswetter, 2 runs
Cheema to Kieswetter, no run
Cheema to Kieswetter, no run
Cheema to Pietersen, 1 run
Cheema to Pietersen, no run
Hafeez to Kieswetter, no run
Hafeez to Pietersen, 1 run
Hafeez to Pietersen, FOUR runs
Hafeez to Pietersen, no run
Hafeez to Kieswetter, 1 leg bye
Hafeez to Pietersen, 1 run
