Lee to Edwards, OUT
Lee to Mathurin, 1 run
Lee to Narine, OUT
Lee to Narine, no run
Watson to Narine, 1 run
Watson to Mathurin, 1 run
Watson to Narine, 1 run
Watson to Mathurin, 1 run
Watson to Mathurin, no run
Watson to Dwayne Bravo, OUT
Lee to Baugh, OUT
Lee to Dwayne Bravo, 1 run
Lee to Baugh, 1 run
Lee to Baugh, no run
Lee to Dwayne Bravo, 1 run
Lee to Dwayne Bravo, no run
Watson to Dwayne Bravo, 1 run
Watson to Baugh, 1 run
Watson to Baugh, no run
Watson to Baugh, FOUR runs
Watson to Baugh, no run
Watson to Dwayne Bravo, 1 run
Christian to Baugh, no run
Christian to Dwayne Bravo, 1 run
Christian to Dwayne Bravo, 2 runs
Christian to Baugh, 1 run
Christian to Dwayne Bravo, 1 run
Christian to Samuels, OUT
McKay to Samuels, 1 run
McKay to Dwayne Bravo, 1 run
McKay to Samuels, 1 run
McKay to Dwayne Bravo, 1 run
McKay to Dwayne Bravo, 2 runs
McKay to Hyatt, OUT
Christian to Hyatt, 1 run
Christian to Hyatt, FOUR runs
Christian to Hyatt, no run
Christian to Hyatt, no run
Christian to Dwayne Bravo, 3 runs
Christian to Dwayne Bravo, 2 runs
McKay to Dwayne Bravo, 1 run
McKay to Dwayne Bravo, 2 runs
McKay to Dwayne Bravo, no run
McKay to Hyatt, 1 run
McKay to Hyatt, no run
McKay to Sammy, OUT
Watson to Sammy, 1 run
Watson to Sammy, 1 wide
Watson to Dwayne Bravo, 1 run
Watson to Sammy, 1 run
Watson to Sammy, no run
Watson to Sammy, no run
Watson to Sammy, 1 wide
Watson to Sammy, no run
Christian to Sammy, 1 run
Christian to Dwayne Bravo, 1 run
Christian to Dwayne Bravo, no run
Christian to Sammy, 1 run
Christian to Dwayne Bravo, 1 run
Christian to Sammy, 1 run
Doherty to Dwayne Bravo, no run
Doherty to Dwayne Bravo, no run
Doherty to Smith, OUT
Doherty to Smith, no run
Doherty to Smith, SIX runs
Doherty to Smith, FOUR runs
Pattinson to Dwayne Bravo, no run
Pattinson to Smith, 1 run
Pattinson to Smith, SIX runs
Pattinson to Smith, SIX runs
Pattinson to Smith, no run
Pattinson to Smith, 1 wide
Pattinson to Smith, SIX runs
Lee to Pollard, OUT
Lee to Smith, 1 run
Lee to Smith, 2 runs
Lee to Smith, no run
Lee to Pollard, 1 run
Lee to Pollard, no run
Watson to Smith, 2 runs
Watson to Smith, 2 runs
Watson to Charles, OUT
Watson to Charles, no run
Watson to Charles, (no ball) FOUR runs
Watson to Smith, 1 leg bye
Watson to Charles, 1 run
Doherty to Smith, FOUR runs
Doherty to Smith, FOUR runs
Doherty to Charles, 1 run
Doherty to Charles, FOUR runs
Doherty to Smith, 1 run
Doherty to Smith, FOUR runs
McKay to Charles, no run
McKay to Charles, no run
McKay to Charles, FOUR runs
McKay to Charles, no run
McKay to Charles, no run
McKay to Charles, 1 wide
McKay to Charles, FOUR runs
Doherty to Smith, no run
Doherty to Charles, 1 run
Doherty to Smith, 1 run
Doherty to Smith, no run
Doherty to Charles, 1 run
Doherty to Smith, 1 run
McKay to Charles, 2 runs
McKay to Charles, no run
McKay to Smith, 1 run
McKay to Charles, 1 run
McKay to Smith, 1 run
McKay to Smith, no run
Lee to Charles, no run
Lee to Charles, FOUR runs
Lee to Charles, SIX runs
Lee to Smith, 1 run
Lee to Smith, FOUR runs
Lee to Smith, no run
Pattinson to Charles, FOUR runs
Pattinson to Smith, 1 run
Pattinson to Smith, FOUR runs
Pattinson to Smith, no run
Pattinson to Smith, no run
Pattinson to Smith, no run
Pattinson to Smith, 5 wide
