Dwayne Bravo to Doherty, 2 runs
Dwayne Bravo to McKay, OUT
Dwayne Bravo to Hussey, OUT
Dwayne Bravo to McKay, 1 run
Dwayne Bravo to McKay, no run
Dwayne Bravo to Hussey, 1 run
Edwards to McKay, no run
Edwards to McKay, SIX runs
Edwards to McKay, no run
Edwards to McKay, no run
Edwards to Lee, OUT
Edwards to Christian, OUT
Samuels to Christian, 1 run
Samuels to Christian, 2 runs
Samuels to Wade, OUT
Samuels to Wade, no run
Samuels to Wade, no run
Samuels to Wade, no run
Dwayne Bravo to Wade, 1 run
Dwayne Bravo to Wade, no run
Dwayne Bravo to Wade, no run
Dwayne Bravo to Hussey, 1 run
Dwayne Bravo to Hussey, SIX runs
Dwayne Bravo to Hussey, FOUR runs
Narine to Wade, no run
Narine to Wade, 2 runs
Narine to Hussey, 1 run
Narine to Hussey, no run
Narine to Wade, 1 run
Narine to Wade, SIX runs
Edwards to Hussey, 2 runs
Edwards to Hussey, no run
Edwards to Hussey, 1 wide
Edwards to Wade, 1 run
Edwards to Hussey, 1 run
Edwards to Hussey, 1 wide
Edwards to Hussey, no run
Edwards to Wade, 1 run
Narine to Hussey, no run
Narine to Wade, 1 run
Narine to Wade, no run
Narine to Wade, FOUR runs
Narine to Wade, no run
Narine to Hussey, 1 run
Mathurin to Wade, no run
Mathurin to Wade, no run
Mathurin to Wade, no run
Mathurin to Warner, 1 run, OUT
Mathurin to Warner, SIX runs
Mathurin to Hussey, 1 run
Samuels to Hussey, 1 run
Samuels to Hussey, OUT
Samuels to Warner, 1 run
Samuels to Warner, no run
Samuels to Hussey, 1 run
Samuels to Hussey, SIX runs
Pollard to Hussey, 1 run
Pollard to Warner, 1 run
Pollard to Warner, no run
Pollard to Hussey, 1 run
Pollard to Hussey, 2 runs
Pollard to Warner, 1 run
Samuels to Warner, 1 run
Samuels to Hussey, 1 run
Samuels to Warner, 1 run
Samuels to Hussey, 1 run
Samuels to Hussey, no run
Samuels to Warner, 1 run
Dwayne Bravo to Warner, 1 run
Dwayne Bravo to Hussey, 1 run
Dwayne Bravo to Warner, 1 run
Dwayne Bravo to Warner, 2 runs
Dwayne Bravo to Warner, no run
Dwayne Bravo to Warner, no run
Samuels to Warner, 1 run
Samuels to Warner, no run
Samuels to Warner, no run
Samuels to Bailey, OUT
Samuels to Warner, 1 run
Samuels to Warner, FOUR runs
Dwayne Bravo to Warner, 1 run
Dwayne Bravo to Warner, 2 runs
Dwayne Bravo to Bailey, 1 run
Dwayne Bravo to Warner, 1 run
Dwayne Bravo to Warner, no run
Dwayne Bravo to Bailey, 1 run
Narine to Warner, FOUR runs
Narine to Warner, SIX runs
Narine to Bailey, 1 run
Narine to Bailey, no run
Narine to Bailey, no run
Narine to Bailey, FOUR runs
Sammy to Bailey, 1 run
Sammy to Bailey, no run
Sammy to Bailey, FOUR runs
Sammy to Warner, 1 run
Sammy to Warner, FOUR runs
Sammy to Bailey, 1 run
Mathurin to Warner, SIX runs
Mathurin to Bailey, 1 run
Mathurin to Bailey, 2 runs
Mathurin to Bailey, no run
Mathurin to Bailey, SIX runs
Mathurin to Bailey, no run
Edwards to Warner, no run
Edwards to Warner, FOUR runs
Edwards to Warner, no run
Edwards to Warner, no run
Edwards to Warner, FOUR runs
Edwards to Bailey, 1 run
Narine to Warner, no run
Narine to Bailey, 1 run
Narine to Warner, 1 run
Narine to Warner, no run
Narine to Warner, no run
Narine to Warner, no run
Edwards to Watson, OUT
Edwards to Watson, no run
Edwards to Warner, 1 run
Edwards to Warner, no run
Edwards to Warner, no run
Edwards to Warner, no run
