Masakadza to Rampaul, no run
Masakadza to Ramdin, 1 run
Masakadza to Rampaul, 1 run
Masakadza to Ramdin, 1 run
Masakadza to Rampaul, 1 run
Masakadza to Rampaul, 1 wide
Masakadza to Ramdin, 1 run
Chigumbura to Ramdin, 1 run
Chigumbura to Rampaul, 1 run
Chigumbura to Rampaul, no run
Chigumbura to Ramdin, 1 run
Chigumbura to Ramdin, FOUR runs
Chigumbura to Ramdin, no run
Taylor to Rampaul, no run
Taylor to Rampaul, no run
Taylor to Rampaul, no run
Taylor to Rampaul, no run
Taylor to Ramdin, 1 run
Taylor to Ramdin, no run
Cremer to Sammy, OUT
Cremer to Sammy, no run
Cremer to Ramdin, 1 run
Cremer to Ramdin, no run
Cremer to Ramdin, 2 runs
Cremer to Ramdin, no run
Lamb to Ramdin, 1 run
Lamb to Sammy, 1 run
Lamb to Ramdin, 1 run
Lamb to Ramdin, 1 wide
Lamb to Sammy, 1 run
Lamb to Smith, OUT
Lamb to Ramdin, 1 run
Stuart to Smith, no run
Stuart to Ramdin, 1 run
Stuart to Smith, 1 run
Stuart to Ramdin, 1 run
Stuart to Smith, 1 run
Stuart to Smith, SIX runs
Lamb to Ramdin, no run
Lamb to Ramdin, no run
Lamb to Ramdin, no run
Lamb to Ramdin, no run
Lamb to Smith, 1 run
Lamb to Ramdin, 1 run
Cremer to Smith, no run
Cremer to Ramdin, 1 run
Cremer to Smith, 1 run
Cremer to Ramdin, 1 run
Cremer to Smith, 1 run
Cremer to Smith, no run
Lamb to Smith, 1 run
Lamb to Smith, no run
Lamb to Smith, no run
Lamb to Smith, no run
Lamb to Smith, no run
Lamb to Chanderpaul, OUT
Cremer to Ramdin, no run
Cremer to Chanderpaul, 1 run
Cremer to Ramdin, 1 run
Cremer to Ramdin, no run
Cremer to Ramdin, no run
Cremer to Ramdin, no run
Lamb to Ramdin, 1 run
Lamb to Ramdin, no run
Lamb to Ramdin, 1 wide
Lamb to Ramdin, no run
Lamb to Chanderpaul, 1 run
Lamb to Chanderpaul, no run
Lamb to Chanderpaul, 2 runs
Cremer to Ramdin, no run
Cremer to Ramdin, no run
Cremer to Ramdin, no run
Cremer to Darren Bravo, OUT
Cremer to Pollard, OUT
Cremer to Pollard, 1 wide
Cremer to Chanderpaul, 1 run
Price to Chanderpaul, 1 run
Price to Chanderpaul, no run
Price to Pollard, 1 run
Price to Pollard, no run
Price to Pollard, no run
Price to Chanderpaul, 4 wide
Price to Chanderpaul, no run
Utseya to Fletcher, OUT
Utseya to Fletcher, no run
Utseya to Chanderpaul, 1 run
Utseya to Chanderpaul, no run
Utseya to Chanderpaul, 2 runs
Utseya to Chanderpaul, no run
Price to Barath, OUT
Price to Barath, no run
Price to Chanderpaul, 1 run
Price to Chanderpaul, no run
Price to Chanderpaul, no run
Price to Chanderpaul, no run
Utseya to Barath, no run
Utseya to Chanderpaul, 1 run
Utseya to Chanderpaul, no run
Utseya to Chanderpaul, 1 wide
Utseya to Chanderpaul, no run
Utseya to Barath, 1 run
Utseya to Barath, no run
Price to Chanderpaul, 2 runs
Price to Chanderpaul, FOUR runs
Price to Chanderpaul, no run
Price to Barath, 1 run
Price to Barath, FOUR runs
Price to Barath, no run
Utseya to Chanderpaul, no run
Utseya to Chanderpaul, no run
Utseya to Chanderpaul, 2 runs
Utseya to Chanderpaul, no run
Utseya to Chanderpaul, no run
Utseya to Chanderpaul, no run
Price to Barath, no run
Price to Barath, no run
Price to Barath, no run
Price to Barath, no run
Price to Barath, no run
Price to Barath, no run
Utseya to Barath, 1 run
Utseya to Barath, no run
Utseya to Barath, no run
Utseya to Barath, no run
Utseya to Barath, 1 wide
Utseya to Chanderpaul, 1 run
Utseya to Barath, 1 run
