Sammy to Utseya, OUT
Sammy to Utseya, 1 wide
Sammy to Masakadza, OUT
Sammy to Masakadza, no run
Sammy to Chigumbura, OUT
Sammy to Chigumbura, SIX runs
Rampaul to Cremer, OUT
Rampaul to Chigumbura, 1 run
Rampaul to Chigumbura, SIX runs
Rampaul to Chigumbura, (no ball) FOUR runs
Rampaul to Cremer, 1 run
Rampaul to Chigumbura, 1 run
Rampaul to Chigumbura, (no ball)
Rampaul to Chigumbura, (no ball) 2 runs
Rampaul to Chigumbura, FOUR runs
Sammy to Chigumbura, 1 run
Sammy to Cremer, 1 run
Sammy to Masakadza, OUT
Sammy to Chigumbura, 1 run
Sammy to Masakadza, 1 run
Sammy to Masakadza, no run
Roach to Chigumbura, 2 runs
Roach to Chigumbura, no run
Roach to Masakadza, 1 run
Roach to Masakadza, no run
Roach to Chigumbura, 1 run
Roach to Masakadza, 1 run
Sammy to Masakadza, 1 run
Sammy to Chigumbura, 1 run
Sammy to Masakadza, 1 run
Sammy to Chigumbura, 1 run
Sammy to Masakadza, 1 run
Sammy to Chigumbura, 1 run
Pollard to Masakadza, no run
Pollard to Masakadza, FOUR runs
Pollard to Chigumbura, 1 run
Pollard to Masakadza, 1 run
Pollard to Masakadza, 1 wide
Pollard to Chigumbura, 1 run
Pollard to Chigumbura, 1 wide
Pollard to Masakadza, 1 run
Sammy to Lamb, OUT
Sammy to Masakadza, 1 run
Sammy to Lamb, 1 run
Sammy to Masakadza, 1 run
Sammy to Masakadza, SIX runs
Sammy to Masakadza, no run
Pollard to Masakadza, 1 run
Pollard to Lamb, 1 run
Pollard to Masakadza, 1 run
Pollard to Lamb, 1 run
Pollard to Lamb, no run
Pollard to Masakadza, 1 run
Rampaul to Lamb, no run
Rampaul to Lamb, no run
Rampaul to Masakadza, 1 leg bye
Rampaul to Masakadza, no run
Rampaul to Lamb, 1 run
Rampaul to Lamb, no run
Pollard to Lamb, 1 run
Pollard to Masakadza, 1 run
Pollard to Masakadza, no run
Pollard to Masakadza, 1 wide
Pollard to Lamb, 1 run
Pollard to Lamb, no run
Pollard to Masakadza, 1 run
Rampaul to Lamb, no run
Rampaul to Masakadza, 1 leg bye
Rampaul to Masakadza, no run
Rampaul to Masakadza, FOUR runs
Rampaul to Masakadza, no run
Rampaul to Masakadza, no run
Pollard to Masakadza, 1 run
Pollard to Masakadza, no run
Pollard to Masakadza, 2 runs
Pollard to Masakadza, no run
Pollard to Masakadza, no run
Pollard to Lamb, 1 run
Rampaul to Lamb, 1 run
Rampaul to Lamb, no run
Rampaul to Lamb, no run
Rampaul to Lamb, 4 leg byes
Rampaul to Lamb, no run
Rampaul to Lamb, no run
Benn to Masakadza, no run
Benn to Lamb, 1 run
Benn to Lamb, no run
Benn to Masakadza, 1 run
Benn to Lamb, 1 run
Benn to Lamb, no run
Roach to Masakadza, no run
Roach to Masakadza, no run
Roach to Masakadza, no run
Roach to Masakadza, no run
Roach to Lamb, 1 run
Roach to Masakadza, 1 run
Benn to Lamb, no run
Benn to Lamb, no run
Benn to Lamb, no run
Benn to Taylor, OUT
Benn to Masakadza, 3 runs
Benn to Masakadza, no run
Roach to Masakadza, 1 run
Roach to Masakadza, no run
Roach to Masakadza, (no ball)
Roach to Masakadza, FOUR runs
Roach to Masakadza, 2 runs
Roach to Masakadza, no run
Roach to Masakadza, no run
Benn to Taylor, no run
Benn to Taylor, no run
Benn to Stuart, OUT
Benn to Stuart, no run
Benn to Taibu, OUT
Benn to Taibu, no run
Roach to Masakadza, no run
Roach to Masakadza, no run
Roach to Masakadza, no run
Roach to Masakadza, no run
Roach to Masakadza, no run
Roach to Masakadza, no run
Benn to Taibu, no run
Benn to Taibu, no run
Benn to Taibu, no run
Benn to Taibu, no run
Benn to Taibu, no run
Benn to Sibanda, OUT
