Umar Gul to Morgan, SIX runs
Umar Gul to Morgan, FOUR runs
Umar Gul to Morgan, FOUR runs
Ajmal to Pietersen, no run
Ajmal to Morgan, 1 run
Ajmal to Morgan, no run
Ajmal to Morgan, no run
Ajmal to Pietersen, 1 run
Ajmal to Morgan, 1 run
Malik to Morgan, 1 run
Malik to Morgan, 2 runs
Malik to Morgan, no run
Malik to Pietersen, 1 run
Malik to Pietersen, no run
Malik to Pietersen, no run
Umar Gul to Morgan, 2 runs
Umar Gul to Morgan, no run
Umar Gul to Morgan, FOUR runs
Umar Gul to Morgan, no run
Umar Gul to Morgan, FOUR runs
Umar Gul to Pietersen, 1 run
Ajmal to Pietersen, 1 run
Ajmal to Pietersen, no run
Ajmal to Pietersen, 2 runs
Ajmal to Morgan, 1 run
Ajmal to Pietersen, 1 run
Ajmal to Pietersen, no run
Ajmal to Pietersen, 1 wide
Abdul Razzaq to Morgan, 2 runs
Abdul Razzaq to Morgan, FOUR runs
Abdul Razzaq to Morgan, FOUR runs
Abdul Razzaq to Morgan, no run
Abdul Razzaq to Morgan, FOUR runs
Abdul Razzaq to Morgan, no run
Malik to Pietersen, FOUR runs
Malik to Morgan, 1 run
Malik to Morgan, 2 runs
Malik to Pietersen, 1 run
Malik to Pietersen, 2 runs
Malik to Pietersen, no run
Umar Gul to Morgan, SIX runs
Umar Gul to Pietersen, 1 run
Umar Gul to Morgan, 1 run
Umar Gul to Morgan, 4 leg byes
Umar Gul to Morgan, no run
Umar Gul to Pietersen, 1 run
Ajmal to Pietersen, 1 run
Ajmal to Pietersen, no run
Ajmal to Morgan, 1 run
Ajmal to Morgan, no run
Ajmal to Morgan, 2 runs
Ajmal to Pietersen, 1 run
Umar Gul to Morgan, no run
Umar Gul to Morgan, no run
Umar Gul to Pietersen, 1 run
Umar Gul to Morgan, 1 run
Umar Gul to Morgan, no run
Umar Gul to Pietersen, 1 bye
Ajmal to Pietersen, 1 run
Ajmal to Morgan, 1 run
Ajmal to Morgan, no run
Ajmal to Pietersen, 1 run
Ajmal to Pietersen, no run
Ajmal to Morgan, 1 run
Arafat to Morgan, 1 run
Arafat to Morgan, no run
Arafat to Morgan, no run
Arafat to Pietersen, 1 run
Arafat to Morgan, 1 run
Arafat to Pietersen, 1 run
Malik to Pietersen, 1 run
Malik to Pietersen, 1 wide
Malik to Pietersen, FOUR runs
Malik to Pietersen, 2 runs
Malik to Morgan, 1 run
Malik to Morgan, no run
Malik to Morgan, 3 wide
Malik to Morgan, 1 wide
Malik to Pietersen, 1 run
Arafat to Morgan, no run
Arafat to Morgan, no run
Arafat to Morgan, no run
Arafat to Morgan, 2 runs
Arafat to Morgan, no run
Arafat to Morgan, 1 wide
Arafat to Pietersen, 1 run
Abdul Razzaq to Morgan, 2 runs
Abdul Razzaq to Morgan, no run
Abdul Razzaq to Pietersen, 1 run
Abdul Razzaq to Pietersen, no run
Abdul Razzaq to Pietersen, 1 run, OUT
Abdul Razzaq to Pietersen, 2 runs
Arafat to PD Collingwood, no run
Arafat to PD Collingwood, no run
Arafat to Pietersen, 1 run
Arafat to Pietersen, FOUR runs
Arafat to Pietersen, no run
Arafat to Pietersen, no run
Abdul Razzaq to PD Collingwood, no run
Abdul Razzaq to PD Collingwood, no run
Abdul Razzaq to Trott, OUT
Abdul Razzaq to Trott, no run
Abdul Razzaq to Pietersen, 1 run
Abdul Razzaq to Pietersen, no run
Arafat to Pietersen, 1 run
Arafat to Pietersen, 1 wide
Arafat to Denly, OUT
Arafat to Trott, 1 run
Arafat to Trott, no run
Arafat to Trott, 1 wide
Arafat to Denly, 1 run
Arafat to Trott, 1 leg bye
Abdul Razzaq to Denly, no run
Abdul Razzaq to Trott, 1 run
Abdul Razzaq to Trott, no run
Abdul Razzaq to Trott, no run
Abdul Razzaq to Trott, 2 runs
Abdul Razzaq to Trott, no run
