Sidebottom to Arafat, FOUR runs
Sidebottom to Umar Gul, 1 run
Sidebottom to Umar Gul, no run
Sidebottom to Arafat, 1 run
Sidebottom to Arafat, FOUR runs
Sidebottom to Arafat, no run
Bresnan to Abdul Razzaq, OUT
Bresnan to Abdul Razzaq, 2 runs
Bresnan to Abdul Razzaq, 2 runs
Bresnan to Sarfaraz, OUT
Bresnan to Sarfaraz, no run
Bresnan to Sarfaraz, FOUR runs
Broad to Abdul Razzaq, FOUR runs
Broad to Sarfaraz, 1 run
Broad to Sarfaraz, no run
Broad to Fawad Alam, OUT
Broad to Abdul Razzaq, 1 run
Broad to Fawad Alam, 1 run
Sidebottom to Fawad Alam, 1 run
Sidebottom to Abdul Razzaq, 1 run
Sidebottom to Fawad Alam, 1 run
Sidebottom to Abdul Razzaq, 1 run
Sidebottom to Abdul Razzaq, no run
Sidebottom to Fawad Alam, 1 run
Broad to Abdul Razzaq, 2 runs
Broad to Abdul Razzaq, SIX runs
Broad to Abdul Razzaq, no run
Broad to Fawad Alam, 1 run
Broad to Fawad Alam, no run
Broad to Abdul Razzaq, 1 run
Swann to Abdul Razzaq, 1 run
Swann to Abdul Razzaq, no run
Swann to Fawad Alam, 1 run
Swann to Abdul Razzaq, 1 run
Swann to Malik, OUT
Swann to Fawad Alam, 1 run
Wright to Malik, FOUR runs
Wright to Malik, FOUR runs
Wright to Fawad Alam, 1 run
Wright to Malik, 1 run
Wright to Malik, 2 runs
Wright to Malik, no run
PD Collingwood to Malik, 1 run
PD Collingwood to Malik, no run
PD Collingwood to Fawad Alam, 1 run
PD Collingwood to Fawad Alam, SIX runs
PD Collingwood to Malik, 1 run
PD Collingwood to Malik, no run
Wright to Malik, 1 run
Wright to Malik, 2 runs
Wright to Fawad Alam, 1 run
Wright to Fawad Alam, no run
Wright to Fawad Alam, 2 runs
Wright to Fawad Alam, no run
Swann to Fawad Alam, 1 run
Swann to Malik, 1 run
Swann to Malik, 2 runs
Swann to Fawad Alam, 1 run
Swann to Malik, 1 run
Swann to Malik, FOUR runs
Wright to Fawad Alam, no run
Wright to Malik, 1 run
Wright to Fawad Alam, 1 run
Wright to Malik, 3 runs
Wright to Malik, no run
Wright to Fawad Alam, 1 run
Swann to Malik, 2 runs
Swann to Fawad Alam, 1 run
Swann to Fawad Alam, no run
Swann to Umar Akmal, OUT
Swann to Malik, 1 run
Swann to Malik, no run
Bresnan to Umar Akmal, FOUR runs
Bresnan to Malik, 1 run
Bresnan to Umar Akmal, 1 run
Bresnan to Umar Akmal, 2 runs
Bresnan to Umar Akmal, 2 runs
Bresnan to Umar Akmal, no run
Wright to Malik, no run
Wright to Umar Akmal, 1 run
Wright to Malik, 1 run
Wright to Malik, no run
Wright to Khalid Latif, OUT
Wright to Khalid Latif, no run
Wright to Khalid Latif, (no ball)
Broad to Khalid Latif, 1 run
Broad to Umar Akmal, 1 run
Broad to Umar Akmal, no run
Broad to Umar Akmal, 1 wide
Broad to Umar Akmal, 2 runs
Broad to Umar Akmal, no run
Broad to Umar Akmal, no run
Bresnan to Farhat, OUT
Bresnan to Farhat, no run
Bresnan to Farhat, FOUR runs
Bresnan to Farhat, FOUR runs
Bresnan to Khalid Latif, 3 runs
Bresnan to Khalid Latif, no run
Broad to Farhat, no run
Broad to Farhat, no run
Broad to Imran Nazir, OUT
Broad to Imran Nazir, no run
Broad to Imran Nazir, no run
Broad to Farhat, 1 run
Sidebottom to Imran Nazir, no run
Sidebottom to Imran Nazir, no run
Sidebottom to Farhat, 1 run
Sidebottom to Farhat, no run
Sidebottom to Imran Nazir, 1 run
Sidebottom to Imran Nazir, no run
Bresnan to Imran Nazir, 1 run
Bresnan to Imran Nazir, no run
Bresnan to Imran Nazir, no run
Bresnan to Imran Nazir, no run
Bresnan to Imran Nazir, no run
Bresnan to Imran Nazir, no run
Sidebottom to Farhat, no run
Sidebottom to Farhat, FOUR runs
Sidebottom to Farhat, no run
Sidebottom to Farhat, no run
Sidebottom to Imran Nazir, 1 leg bye
Sidebottom to Imran Nazir, no run
