Tait to Ajmal, OUT
Tait to Ajmal, 2 runs
Tait to Ajmal, 2 runs
Tait to Ajmal, no run
Tait to Ajmal, no run
Tait to Sami, 1 run
Johnson to Ajmal, no run
Johnson to Sami, 1 run
Johnson to Fawad Alam, OUT
Johnson to Sami, 1 run
Johnson to Fawad Alam, 1 run
Johnson to Sami, 1 run
Hussey to Sami, 1 run
Hussey to Fawad Alam, 1 run
Hussey to Amir, OUT
Hussey to Fawad Alam, 1 run
Hussey to Fawad Alam, FOUR runs
Hussey to Amir, 1 run
Nannes to Fawad Alam, no run
Nannes to Fawad Alam, SIX runs
Nannes to Amir, 1 run
Nannes to Fawad Alam, 1 run
Nannes to Misbah, OUT
Nannes to Misbah, SIX runs
Watson to Misbah, 1 run
Watson to Fawad Alam, 1 run
Watson to Fawad Alam, no run
Watson to Misbah, 1 run
Watson to Fawad Alam, 1 run
Watson to Misbah, 1 run
Nannes to Misbah, 1 run
Nannes to Abdul Razzaq, OUT
Nannes to Misbah, 1 run
Nannes to Abdul Razzaq, 1 run
Nannes to Misbah, 1 run
Nannes to Misbah, no run
Tait to Afridi, OUT
Tait to Afridi, 2 runs
Tait to Afridi, no run
Tait to Misbah, 1 run
Tait to Afridi, 1 run
Tait to Misbah, 1 run
Johnson to Afridi, 2 runs
Johnson to Afridi, no run
Johnson to Misbah, 1 run
Johnson to Misbah, 2 runs
Johnson to Afridi, 1 run
Johnson to Afridi, no run
Watson to Afridi, 1 leg bye
Watson to Misbah, 1 run
Watson to Afridi, 1 run
Watson to Afridi, FOUR runs
Watson to Misbah, 1 run
Watson to Afridi, 1 run
Smith to Afridi, 1 run
Smith to Misbah, 1 run
Smith to Afridi, 1 run
Smith to Afridi, SIX runs
Smith to Afridi, FOUR runs
Smith to Afridi, FOUR runs
Johnson to Afridi, 1 run
Johnson to Afridi, no run
Johnson to Afridi, 2 runs
Johnson to Afridi, (no ball)
Johnson to Misbah, 1 run
Johnson to Afridi, 1 run
Johnson to Afridi, no run
Smith to Misbah, 2 runs
Smith to Misbah, no run
Smith to Afridi, 1 run
Smith to Misbah, 1 run
Smith to Umar Akmal, OUT
Smith to Umar Akmal, 1 wide
Smith to Umar Akmal, 2 runs
Clarke to Misbah, FOUR runs
Clarke to Umar Akmal, 1 run
Clarke to Misbah, 1 run
Clarke to Misbah, 2 runs
Clarke to Misbah, SIX runs
Clarke to Misbah, no run
Hussey to Misbah, 1 run
Hussey to Misbah, no run
Hussey to Umar Akmal, 1 run
Hussey to Umar Akmal, no run
Hussey to Umar Akmal, 2 runs
Hussey to Umar Akmal, no run
Watson to Misbah, 2 runs
Watson to Misbah, no run
Watson to Umar Akmal, 1 run
Watson to Umar Akmal, SIX runs
Watson to Umar Akmal, 2 runs
Watson to Umar Akmal, no run
Johnson to Misbah, no run
Johnson to Umar Akmal, 1 run
Johnson to Misbah, 1 run
Johnson to Misbah, 1 wide
Johnson to Umar Akmal, 1 run
Johnson to Hafeez, OUT
Johnson to Umar Akmal, 1 run
Tait to Hafeez, FOUR runs
Tait to Hafeez, no run
Tait to Hafeez, no run
Tait to Hafeez, 1 wide
Tait to Hafeez, no run
Tait to Salman Butt, OUT
Tait to Salman Butt, no run
Nannes to Hafeez, no run
Nannes to Salman Butt, 2 wide
Nannes to Salman Butt, FOUR runs
Nannes to Salman Butt, FOUR runs
Nannes to Salman Butt, no run
Nannes to Salman Butt, FOUR runs
Nannes to Salman Butt, no run
Tait to Hafeez, no run
Tait to Hafeez, 1 wide
Tait to Hafeez, no run
Tait to Hafeez, no run
Tait to Salman Butt, 1 run
Tait to Salman Butt, 2 runs
Tait to Salman Butt, no run
Tait to Salman Butt, 1 wide
Nannes to Hafeez, FOUR runs
Nannes to Hafeez, no run
Nannes to Hafeez, no run
Nannes to Hafeez, no run
Nannes to Hafeez, FOUR runs
Nannes to Kamran, OUT
Nannes to Kamran, 1 wide
