Amir to Tait, OUT
Amir to Tait, no run
Amir to Nannes, OUT
Amir to Smith, OUT
Amir to Johnson, OUT
Amir to Haddin, OUT
Ajmal to Hussey, SIX runs
Ajmal to Hussey, 2 runs
Ajmal to Haddin, 1 run
Ajmal to Hussey, 1 run
Ajmal to White, OUT
Ajmal to White, 2 runs
Sami to Hussey, FOUR runs
Sami to Hussey, no run
Sami to White, 1 run
Sami to White, 2 runs
Sami to White, (no ball) 2 runs
Sami to Hussey, 1 run
Sami to White, 1 run
Ajmal to Hussey, 2 runs
Ajmal to White, 1 run
Ajmal to Watson, OUT
Ajmal to Hussey, 1 run
Ajmal to Watson, 1 run
Ajmal to Hussey, OUT
Sami to Hussey, 1 run
Sami to Hussey, SIX runs
Sami to Hussey, SIX runs
Sami to Hussey, SIX runs
Sami to Hussey, 1 wide
Sami to Hussey, 2 runs
Sami to Hussey, SIX runs
Ajmal to Watson, FOUR runs
Ajmal to Hussey, 1 run
Ajmal to Hussey, no run
Ajmal to Hussey, 2 runs
Ajmal to Hussey, FOUR runs
Ajmal to Hussey, no run
Sami to Watson, no run
Sami to Hussey, 1 run
Sami to Hussey, no run
Sami to Hussey, FOUR runs
Sami to Hussey, 2 runs
Sami to Hussey, no run
Afridi to Watson, no run
Afridi to Hussey, 1 run
Afridi to Watson, 1 run
Afridi to Watson, SIX runs
Afridi to Hussey, 1 run
Afridi to Hussey, SIX runs
Ajmal to Hussey, 1 run
Ajmal to Hussey, no run
Ajmal to Watson, 1 run
Ajmal to Watson, FOUR runs
Ajmal to Watson, no run
Ajmal to Watson, no run
Afridi to Watson, 1 run
Afridi to Watson, no run
Afridi to Watson, FOUR runs
Afridi to Watson, 2 runs
Afridi to Hussey, 1 run
Afridi to Watson, 1 run
Hafeez to Hussey, no run
Hafeez to Watson, 1 run
Hafeez to Watson, no run
Hafeez to Watson, SIX runs
Hafeez to Watson, SIX runs
Hafeez to Hussey, 1 run
Afridi to Watson, 2 runs
Afridi to Watson, FOUR runs
Afridi to Hussey, 1 run
Afridi to Hussey, no run
Afridi to Hussey, no run
Afridi to Watson, 1 run
Hafeez to Hussey, no run
Hafeez to Clarke, OUT
Hafeez to Watson, 1 run
Hafeez to Watson, 2 runs
Hafeez to Watson, FOUR runs
Hafeez to Clarke, 1 run
Afridi to Watson, no run
Afridi to Watson, no run
Afridi to Watson, no run
Afridi to Watson, no run
Afridi to Watson, no run
Afridi to Clarke, 1 run
Sami to Watson, FOUR runs
Sami to Watson, no run
Sami to Warner, OUT
Sami to Watson, 1 run
Sami to Warner, 1 run
Sami to Watson, 1 run
Amir to Warner, no run
Amir to Warner, FOUR runs
Amir to Warner, FOUR runs
Amir to Watson, 1 run
Amir to Watson, 2 runs
Amir to Watson, no run
Hafeez to Warner, no run
Hafeez to Warner, FOUR runs
Hafeez to Watson, 1 run
Hafeez to Watson, SIX runs
Hafeez to Watson, 2 runs
Hafeez to Watson, FOUR runs
Amir to Warner, no run
Amir to Watson, 1 run
Amir to Watson, 2 runs
Amir to Watson, 2 runs
Amir to Warner, 1 run
Amir to Watson, 1 run
Hafeez to Warner, SIX runs
Hafeez to Watson, 1 run
Hafeez to Watson, no run
Hafeez to Watson, no run
Hafeez to Warner, 1 run
Hafeez to Warner, no run
Amir to Warner, 1 run
Amir to Warner, no run
Amir to Warner, no run
Amir to Warner, no run
Amir to Warner, FOUR runs
Amir to Warner, no run
