Dernbach to Dwayne Bravo, 3 runs
Dernbach to Pollard, 2 wide
Dernbach to Dwayne Bravo, 1 run
Dernbach to Pollard, 1 bye
Dernbach to Dwayne Bravo, 1 run
Dernbach to Dwayne Bravo, 1 wide
Dernbach to Dwayne Bravo, SIX runs
Dernbach to Dwayne Bravo, FOUR runs
Broad to Pollard, 2 runs
Broad to Pollard, SIX runs
Broad to Dwayne Bravo, 1 leg bye
Broad to Dwayne Bravo, 2 runs
Broad to Dwayne Bravo, no run
Broad to Pollard, 1 leg bye
Dernbach to Dwayne Bravo, 2 runs
Dernbach to Pollard, 1 run
Dernbach to Dwayne Bravo, 1 run
Dernbach to Dwayne Bravo, 1 wide
Dernbach to Dwayne Bravo, SIX runs
Dernbach to Dwayne Bravo, SIX runs
Dernbach to Pollard, 1 run
Patel to Pollard, 1 run
Patel to Pollard, SIX runs
Patel to Dwayne Bravo, 1 run
Patel to Pollard, 1 run
Patel to Pollard, FOUR runs
Patel to Dwayne Bravo, 1 run
Finn to Dwayne Bravo, 1 run
Finn to Pollard, 1 run
Finn to Pollard, no run
Finn to Pollard, no run
Finn to Smith, OUT
Finn to Smith, SIX runs
Patel to Smith, 1 run
Patel to Smith, FOUR runs
Patel to Dwayne Bravo, 1 run
Patel to Dwayne Bravo, no run
Patel to Smith, 1 run
Patel to Dwayne Bravo, 1 run
Broad to Smith, no run
Broad to Smith, SIX runs
Broad to Smith, 1 wide
Broad to Dwayne Bravo, 1 run
Broad to Smith, 1 run
Broad to Smith, SIX runs
Broad to Dwayne Bravo, 1 run
Swann to Dwayne Bravo, 1 run
Swann to Dwayne Bravo, 2 runs
Swann to Smith, 1 run
Swann to Smith, SIX runs
Swann to Dwayne Bravo, 1 run
Swann to Smith, 1 leg bye
Broad to Dwayne Bravo, no run
Broad to Smith, 1 run
Broad to Smith, no run
Broad to Smith, no run
Broad to Smith, no run
Broad to Dwayne Bravo, 1 run
Swann to Dwayne Bravo, 3 runs
Swann to Dwayne Bravo, 2 runs
Swann to Dwayne Bravo, no run
Swann to Dwayne Bravo, no run
Swann to Smith, 1 run
Swann to Smith, no run
Patel to Smith, 1 run
Patel to Smith, no run
Patel to Smith, SIX runs
Patel to Smith, no run
Patel to Smith, no run
Patel to Dwayne Bravo, 1 run
Swann to Dwayne Bravo, 1 run
Swann to Smith, 1 run
Swann to Smith, FOUR runs
Swann to Smith, FOUR runs
Swann to Smith, no run
Swann to Dwayne Bravo, 1 run
Patel to Smith, 2 runs
Patel to Smith, no run
Patel to Smith, no run
Patel to Smith, 2 runs
Patel to Smith, no run
Patel to Dwayne Bravo, 1 leg bye
Swann to Dwayne Bravo, 1 run
Swann to Smith, 1 run
Swann to Dwayne Bravo, 1 run
Swann to Dwayne Bravo, no run
Swann to Samuels, OUT
Swann to Smith, 1 run
Broad to Samuels, no run
Broad to Samuels, FOUR runs
Broad to Samuels, no run
Broad to Smith, 1 run
Broad to Smith, no run
Broad to Simmons, OUT
Finn to Smith, no run
Finn to Smith, no run
Finn to Simmons, 1 run
Finn to Simmons, FOUR runs
Finn to Smith, 1 run
Finn to Smith, no run
Dernbach to Smith, 1 run
Dernbach to Smith, no run
Dernbach to Smith, no run
Dernbach to Smith, no run
Dernbach to Smith, no run
Dernbach to Smith, FOUR runs
Finn to Smith, 1 run
Finn to Simmons, 1 run
Finn to Simmons, no run
Finn to Smith, 1 run
Finn to Gayle, OUT
Finn to Gayle, no run
Dernbach to Smith, no run
Dernbach to Smith, FOUR runs
Dernbach to Smith, no run
Dernbach to Smith, no run
Dernbach to Gayle, 1 run
Dernbach to Gayle, no run
Finn to Smith, no run
Finn to Gayle, 1 run
Finn to Gayle, no run
Finn to Gayle, no run
Finn to Gayle, 3 wide
Finn to Gayle, no run
Finn to Smith, 1 run
