Samuels to Morgan, 2 runs
Samuels to Bopara, OUT
Samuels to Bopara, 2 runs
Samuels to Bopara, no run
Rampaul to Hales, OUT
Rampaul to Hales, 2 runs
Rampaul to Hales, 2 runs
Rampaul to Bopara, 1 run
Rampaul to Bopara, FOUR runs
Rampaul to Bopara, FOUR runs
Narine to Hales, no run
Narine to Bopara, 1 run
Narine to Bopara, 2 runs
Narine to Hales, 1 run
Narine to Bopara, 1 run
Narine to Hales, 1 run
Edwards to Bopara, 2 runs
Edwards to Bopara, no run
Edwards to Bopara, 2 runs
Edwards to Hales, 1 run
Edwards to Bopara, 1 run
Edwards to Hales, 1 run
Edwards to Hales, (no ball)
Samuels to Bopara, no run
Samuels to Bopara, FOUR runs
Samuels to Bopara, no run
Samuels to Bopara, FOUR runs
Samuels to Bopara, 2 runs
Samuels to Hales, 1 run
Edwards to Hales, 1 run
Edwards to Hales, SIX runs
Edwards to Hales, 2 runs
Edwards to Hales, no run
Edwards to Bopara, 1 run
Edwards to Hales, 1 leg bye
Sammy to Hales, 1 run
Sammy to Bopara, 1 run
Sammy to Hales, 1 run
Sammy to Hales, 2 runs
Sammy to Hales, FOUR runs
Sammy to Bopara, 1 run
Narine to Hales, no run
Narine to Hales, 2 runs
Narine to Hales, FOUR runs
Narine to Bopara, 1 run
Narine to Bopara, 2 runs
Narine to Hales, 1 run
Sammy to Bopara, no run
Sammy to Hales, 1 run
Sammy to Hales, FOUR runs
Sammy to Bopara, 1 run
Sammy to Bopara, 2 runs
Sammy to Hales, 1 run
Pollard to Hales, 1 run
Pollard to Bopara, 1 run
Pollard to Bopara, SIX runs
Pollard to Hales, 1 run
Pollard to Hales, FOUR runs
Pollard to Hales, 2 runs
Sammy to Hales, 1 run
Sammy to Hales, no run
Sammy to Bopara, 1 run
Sammy to Hales, 1 run
Sammy to Hales, no run
Sammy to Bopara, 1 leg bye
Dwayne Bravo to Hales, no run
Dwayne Bravo to Hales, SIX runs
Dwayne Bravo to Bopara, 1 run
Dwayne Bravo to Hales, 1 run
Dwayne Bravo to Hales, 2 runs
Dwayne Bravo to Bopara, 1 run
Narine to Hales, 2 runs
Narine to Hales, no run
Narine to Bopara, 1 run
Narine to Hales, 1 run
Narine to Hales, no run
Narine to Bopara, 1 run
Dwayne Bravo to Hales, 2 runs
Dwayne Bravo to Bopara, 1 run
Dwayne Bravo to Bopara, 2 runs
Dwayne Bravo to Hales, 1 run
Dwayne Bravo to Hales, no run
Dwayne Bravo to Hales, FOUR runs
Narine to Hales, 1 run
Narine to Bopara, 1 run
Narine to Bopara, no run
Narine to Bopara, no run
Narine to Hales, 1 run
Narine to Hales, FOUR runs
Rampaul to Hales, 1 run
Rampaul to Hales, no run
Rampaul to Hales, SIX runs
Rampaul to Hales, no run
Rampaul to Bopara, 1 run
Rampaul to Hales, 1 run
Edwards to Hales, 1 run
Edwards to Hales, 2 runs
Edwards to Hales, no run
Edwards to Bopara, 1 run
Edwards to Hales, 1 run
Edwards to Bopara, 1 run
Rampaul to Hales, 2 runs
Rampaul to Hales, no run
Rampaul to Hales, SIX runs
Rampaul to Bopara, 1 run
Rampaul to Bopara, no run
Rampaul to Bopara, 1 wide
Rampaul to Kieswetter, OUT
Edwards to Kieswetter, 1 run
Edwards to Kieswetter, no run
Edwards to Hales, 3 runs
Edwards to Hales, no run
Edwards to Hales, no run
Edwards to Hales, (no ball)
Edwards to Hales, no run
Rampaul to Hales, 1 run
Rampaul to Kieswetter, 1 run
Rampaul to Hales, 1 run
Rampaul to Kieswetter, 1 run
Rampaul to Kieswetter, no run
Rampaul to Kieswetter, no run
Rampaul to Kieswetter, 1 wide
