Southee to de Villiers, FOUR runs
Southee to Levi, 1 run
Southee to Levi, FOUR runs
Southee to Levi, 1 wide
Southee to de Villiers, 1 run
Southee to de Villiers, 2 runs
Southee to de Villiers, no run
Hira to Levi, SIX runs
Hira to de Villiers, 1 run
Hira to Levi, 1 run
Hira to Levi, FOUR runs
Hira to de Villiers, 1 run
Hira to Levi, 1 run
Southee to de Villiers, no run
Southee to de Villiers, FOUR runs
Southee to de Villiers, 2 runs
Southee to de Villiers, 1 wide
Southee to de Villiers, no run
Southee to Levi, 1 run
Southee to Levi, 2 runs
Hira to de Villiers, no run
Hira to de Villiers, no run
Hira to de Villiers, no run
Hira to Levi, 1 run
Hira to de Villiers, 1 run
Hira to de Villiers, no run
Doug Bracewell to Levi, SIX runs
Doug Bracewell to de Villiers, 1 run
Doug Bracewell to Levi, 1 leg bye
Doug Bracewell to Levi, SIX runs
Doug Bracewell to Levi, SIX runs
Doug Bracewell to de Villiers, 1 run
Hira to Levi, SIX runs
Hira to Levi, no run
Hira to de Villiers, 1 run
Hira to de Villiers, 1 wide
Hira to de Villiers, no run
Hira to Levi, 1 run
Hira to Levi, no run
Mills to Levi, 1 run
Mills to Levi, FOUR runs
Mills to Levi, SIX runs
Mills to de Villiers, 1 run
Mills to de Villiers, no run
Mills to de Villiers, FOUR runs
Franklin to de Villiers, 1 run
Franklin to de Villiers, 2 runs
Franklin to Levi, 1 run
Franklin to de Villiers, 1 run
Franklin to Levi, 1 run
Franklin to de Villiers, 1 run
Mills to de Villiers, 1 run
Mills to Levi, 1 run
Mills to Levi, no run
Mills to Levi, SIX runs
Mills to de Villiers, 1 run
Mills to Levi, 1 run
Hira to de Villiers, no run
Hira to Levi, 1 run
Hira to de Villiers, 1 run
Hira to Levi, 1 run
Hira to Levi, no run
Hira to Levi, SIX runs
Southee to Levi, 1 run
Southee to Levi, no run
Southee to Levi, SIX runs
Southee to de Villiers, 1 run
Southee to de Villiers, FOUR runs
Southee to de Villiers, no run
Nicol to Levi, SIX runs
Nicol to de Villiers, 1 run
Nicol to de Villiers, no run
Nicol to Levi, 2 wide
Nicol to de Villiers, 1 run
Nicol to Parnell, OUT
Nicol to Levi, 1 leg bye
Southee to Parnell, no run
Southee to Parnell, no run
Southee to Levi, 1 run
Southee to Levi, no run
Southee to Levi, no run
Southee to Levi, FOUR runs
McCullum to Parnell, FOUR runs
McCullum to Parnell, no run
McCullum to Parnell, no run
McCullum to Levi, 1 run
McCullum to Levi, 5 wide
McCullum to Levi, no run
McCullum to Amla, OUT
Doug Bracewell to Levi, no run
Doug Bracewell to Levi, FOUR runs
Doug Bracewell to Levi, SIX runs
Doug Bracewell to Levi, no run
Doug Bracewell to Levi, SIX runs
Doug Bracewell to Amla, 1 run
McCullum to Levi, no run
McCullum to Levi, no run
McCullum to Levi, SIX runs
McCullum to Levi, no run
McCullum to Amla, 1 run
McCullum to Levi, 1 run
