de Lange to Williamson, 1 bye
de Lange to Williamson, SIX runs
de Lange to de Grandhomme, 1 run
de Lange to Williamson, 1 run
de Lange to de Grandhomme, 1 run
de Lange to Williamson, 1 run
Parnell to Williamson, 1 leg bye
Parnell to de Grandhomme, 1 run
Parnell to de Grandhomme, no run
Parnell to de Grandhomme, no run
Parnell to de Grandhomme, no run
Parnell to Williamson, 1 run
Morkel to de Grandhomme, no run
Morkel to Franklin, OUT
Morkel to Williamson, 1 run
Morkel to Williamson, 2 runs
Morkel to Williamson, FOUR runs
Morkel to Williamson, SIX runs
Duminy to Williamson, 1 run
Duminy to Franklin, 1 run
Duminy to Williamson, 1 run
Duminy to Franklin, 1 run
Duminy to Franklin, SIX runs
Duminy to Franklin, SIX runs
de Lange to Franklin, 1 run
de Lange to Franklin, SIX runs
de Lange to Franklin, SIX runs
de Lange to Franklin, no run
de Lange to Williamson, 1 leg bye
de Lange to Williamson, 1 wide
de Lange to Franklin, 1 run
Botha to Williamson, no run
Botha to Williamson, no run
Botha to McCullum, OUT
Botha to McCullum, FOUR runs
Botha to Williamson, 1 run
Botha to McCullum, 1 run
Morkel to Williamson, no run
Morkel to McCullum, 1 run
Morkel to McCullum, SIX runs
Morkel to McCullum, no run
Morkel to McCullum, no run
Morkel to Williamson, 1 run
Duminy to McCullum, no run
Duminy to McCullum, no run
Duminy to Williamson, 1 run
Duminy to McCullum, 1 run
Duminy to McCullum, no run
Duminy to Williamson, 1 run
de Lange to McCullum, no run
de Lange to Guptill, OUT
de Lange to Guptill, 1 wide
de Lange to McCullum, 1 run
de Lange to Guptill, 1 run
de Lange to McCullum, 1 run
de Lange to McCullum, 1 wide
de Lange to McCullum, FOUR runs
Duminy to Guptill, FOUR runs
Duminy to McCullum, 1 run
Duminy to Guptill, 1 run
Duminy to McCullum, 1 run
Duminy to Guptill, 1 run
Duminy to McCullum, 1 run
Morkel to Guptill, no run
Morkel to Guptill, FOUR runs
Morkel to Guptill, no run
Morkel to McCullum, 1 run
Morkel to McCullum, no run
Morkel to Guptill, 1 run
Botha to Guptill, 1 run
Botha to Guptill, no run
Botha to Guptill, SIX runs
Botha to Guptill, no run
Botha to Guptill, no run
Botha to Guptill, no run
Parnell to McCullum, FOUR runs
Parnell to McCullum, FOUR runs
Parnell to McCullum, no run
Parnell to Guptill, 1 run
Parnell to Guptill, no run
Parnell to Guptill, FOUR runs
Botha to McCullum, no run
Botha to McCullum, 2 runs
Botha to Guptill, 1 run
Botha to Guptill, no run
Botha to McCullum, 1 run
Botha to McCullum, no run
Tsotsobe to Guptill, no run
Tsotsobe to Guptill, FOUR runs
Tsotsobe to McCullum, 1 run
Tsotsobe to McCullum, no run
Tsotsobe to McCullum, no run
Tsotsobe to McCullum, no run
de Lange to Guptill, no run
de Lange to Guptill, 1 wide
de Lange to Guptill, 2 runs
de Lange to Guptill, FOUR runs
de Lange to Nicol, OUT
de Lange to Guptill, 1 run
de Lange to Nicol, 1 run
Tsotsobe to Nicol, 1 run
Tsotsobe to Guptill, 1 run
Tsotsobe to Guptill, no run
Tsotsobe to Guptill, FOUR runs
Tsotsobe to Guptill, FOUR runs
Tsotsobe to Nicol, 1 run
Morkel to Guptill, no run
Morkel to Nicol, 1 run
Morkel to Nicol, no run
Morkel to Nicol, FOUR runs
Morkel to Nicol, no run
Morkel to Nicol, SIX runs
Tsotsobe to Guptill, no run
Tsotsobe to Guptill, 1 wide
Tsotsobe to Nicol, 1 run
Tsotsobe to Nicol, no run
Tsotsobe to Nicol, FOUR runs
Tsotsobe to Guptill, 1 run
Tsotsobe to Guptill, no run
Botha to Guptill, 1 run
Botha to Nicol, 1 leg bye
Botha to Nicol, FOUR runs
Botha to Nicol, no run
Botha to Nicol, no run
Botha to Nicol, no run
