Bracken to Smith, FOUR runs
Bracken to Smith, 2 runs
Bracken to Smith, FOUR runs
Bracken to JJ van der Wath, OUT
Bracken to JJ van der Wath, SIX runs
Bracken to Smith, 1 run
Lewis to Smith, 1 run
Lewis to Smith, 2 runs
Lewis to JJ van der Wath, 1 run
Lewis to JJ van der Wath, 2 runs
Lewis to JJ van der Wath, no run
Lewis to Smith, 1 run
Watson to JJ van der Wath, FOUR runs
Watson to Smith, 1 run
Watson to JJ van der Wath, 1 run
Watson to Smith, 1 run
Watson to Smith, no run
Watson to Pollock, OUT
Lewis to Smith, FOUR runs
Lewis to Smith, FOUR runs
Lewis to Pollock, 1 run
Lewis to Smith, 1 run
Lewis to Pollock, 1 run
Lewis to Gibbs, OUT
Hogg to Smith, FOUR runs
Hogg to Gibbs, 1 run
Hogg to Gibbs, SIX runs
Hogg to Gibbs, SIX runs
Hogg to Gibbs, 2 runs
Hogg to Gibbs, FOUR runs
Bracken to Gibbs, 1 run
Bracken to Smith, 1 run
Bracken to Smith, FOUR runs
Bracken to Gibbs, 1 leg bye
Bracken to Smith, 1 run
Bracken to Gibbs, 1 run
Hogg to Gibbs, 1 run
Hogg to Gibbs, FOUR runs
Hogg to Smith, 1 run
Hogg to Gibbs, 1 run
Hogg to Gibbs, SIX runs
Hogg to Gibbs, 1 wide
Hogg to Smith, 1 run
Clark to Smith, 1 run
Clark to Smith, no run
Clark to Gibbs, 3 byes
Clark to Smith, 1 run
Clark to Gibbs, 1 run
Clark to Smith, 1 run
Watson to Smith, 1 run
Watson to Smith, FOUR runs
Watson to Gibbs, 1 run
Watson to Gibbs, SIX runs
Watson to Smith, 1 run
Watson to Smith, 2 runs
Clark to Smith, 1 run
Clark to Smith, no run
Clark to Smith, no run
Clark to Gibbs, 1 run
Clark to Smith, 1 run
Clark to Smith, FOUR runs
Watson to Gibbs, no run
Watson to Smith, 1 run
Watson to Smith, 1 wide
Watson to Smith, SIX runs
Watson to Gibbs, 1 leg bye
Watson to Smith, 1 run
Watson to Smith, FOUR runs
Clark to Gibbs, 2 runs
Clark to Gibbs, no run
Clark to Gibbs, no run
Clark to Gibbs, no run
Clark to Gibbs, no run
Clark to Gibbs, 2 runs
Lewis to Gibbs, 1 run
Lewis to Smith, 1 leg bye
Lewis to Gibbs, 1 run
Lewis to Smith, 1 run
Lewis to Smith, 2 runs
Lewis to Smith, no run
Clark to Gibbs, no run
Clark to Gibbs, no run
Clark to Gibbs, FOUR runs
Clark to Gibbs, FOUR runs
Clark to Smith, 1 leg bye
Clark to Smith, 2 runs
Lewis to Gibbs, no run
Lewis to Gibbs, no run
Lewis to Bosman, OUT
Lewis to Bosman, no run
Lewis to Bosman, SIX runs
Lewis to Bosman, 2 runs
Lee to Bosman, 1 run
Lee to Bosman, no run
Lee to Bosman, no run
Lee to Bosman, FOUR runs
Lee to Bosman, no run
Lee to Bosman, FOUR runs
Bracken to Smith, no run
Bracken to Smith, FOUR runs
Bracken to Smith, no run
Bracken to Smith, no run
Bracken to Smith, FOUR runs
Bracken to Smith, 1 wide
Bracken to Smith, 2 runs
Lee to Smith, 1 run
Lee to Smith, no run
Lee to Bosman, 1 run
Lee to Smith, 1 run
Lee to Bosman, 1 leg bye
Lee to Smith, 1 run
Bracken to Bosman, no run
Bracken to Smith, 1 run
Bracken to Smith, no run
Bracken to Smith, 2 runs
Bracken to Smith, 1 wide
Bracken to Bosman, 1 leg bye
Bracken to Bosman, FOUR runs
Lee to Bosman, 1 run
Lee to Bosman, no run
Lee to Bosman, 4 byes
Lee to Smith, 1 run
Lee to Smith, no run
Lee to Smith, no run
