Ntini to Lee, SIX runs
Ntini to Bracken, 1 run
Ntini to Lee, 1 run
Ntini to Lee, 2 runs
Ntini to Lee, 2 runs
Ntini to Lee, FOUR runs
Hall to Bracken, no run
Hall to Bracken, 2 runs
Hall to Hogg, OUT
Hall to Hogg, 1 wide
Hall to Lee, 1 run
Hall to Hogg, 1 run
Hall to Hogg, 2 runs
JJ van der Wath to Lee, 2 runs
JJ van der Wath to Hogg, 1 run
JJ van der Wath to Lee, 1 run
JJ van der Wath to Hogg, 1 run
JJ van der Wath to Lee, 1 run
JJ van der Wath to Hogg, 1 run
Telemachus to Lee, SIX runs
Telemachus to Hogg, 1 run
Telemachus to Hogg, no run
Telemachus to Lee, 1 run
Telemachus to Hogg, 1 run
Telemachus to Hogg, FOUR runs
Telemachus to Hogg, 1 wide
JJ van der Wath to Lee, no run
JJ van der Wath to Lee, no run
JJ van der Wath to Lee, FOUR runs
JJ van der Wath to Lee, FOUR runs
JJ van der Wath to Lee, FOUR runs
JJ van der Wath to Lee, no run
Peterson to Hogg, SIX runs
Peterson to Lee, 1 run
Peterson to Hogg, 1 run
Peterson to Lee, 1 run
Peterson to Hogg, 1 run
Peterson to Lee, 1 run
Hall to Hogg, no run
Hall to Lee, 1 run
Hall to Hogg, 3 runs
Hall to Hogg, no run
Hall to Hogg, FOUR runs
Hall to Hogg, no run
Peterson to Clarke, OUT
Peterson to Hogg, 1 run
Peterson to Hogg, SIX runs
Peterson to Hogg, SIX runs
Peterson to Hogg, no run
Peterson to Hogg, no run
Smith to Clarke, 2 runs
Smith to Clarke, SIX runs
Smith to Hogg, 1 run
Smith to Clarke, 1 leg bye
Smith to Clarke, 2 runs
Smith to Clarke, SIX runs
Peterson to Hogg, no run
Peterson to Watson, OUT
Peterson to Clarke, 1 run
Peterson to Watson, 1 run
Peterson to Clarke, 1 run
Peterson to Clarke, 2 runs
Smith to Clarke, 1 run
Smith to Clarke, no run
Smith to Watson, 1 run
Smith to Clarke, 1 run
Smith to Clarke, no run
Smith to Watson, 1 run
Telemachus to Clarke, 2 runs
Telemachus to Watson, 1 run
Telemachus to Watson, 2 leg byes
Telemachus to Clarke, 1 run
Telemachus to Katich, OUT
Telemachus to Katich, FOUR runs
JJ van der Wath to Clarke, 2 runs
JJ van der Wath to Katich, 1 run
JJ van der Wath to Clarke, 1 run
JJ van der Wath to Clarke, SIX runs
JJ van der Wath to Katich, 1 run
JJ van der Wath to Katich, FOUR runs
Telemachus to Clarke, no run
Telemachus to Clarke, no run
Telemachus to Katich, 1 run
Telemachus to Clarke, 3 runs
Telemachus to Clarke, 1 wide
Telemachus to Katich, 1 run
Telemachus to Katich, no run
JJ van der Wath to Clarke, no run
JJ van der Wath to Clarke, no run
JJ van der Wath to Clarke, no run
JJ van der Wath to Martyn, OUT
JJ van der Wath to Martyn, FOUR runs
JJ van der Wath to Martyn, 2 runs
Telemachus to Martyn, 1 run
Telemachus to Martyn, 4 runs
Telemachus to Martyn, FOUR runs
Telemachus to Katich, 1 run
Telemachus to Katich, 1 wide
Telemachus to Martyn, 1 run
Telemachus to Martyn, no run
Hall to Katich, no run
Hall to Katich, no run
Hall to Martyn, 1 run
Hall to Ponting, OUT
Hall to Ponting, no run
Hall to Ponting, FOUR runs
Ntini to Ponting, 1 run
Ntini to Ponting, no run
Ntini to Katich, 1 run
Ntini to Katich, FOUR runs
Ntini to Katich, SIX runs
Ntini to Katich, no run
Hall to Katich, 1 run
Hall to Katich, no run
Hall to Ponting, 1 run
Hall to Ponting, no run
Hall to Ponting, no run
Hall to Gilchrist, OUT
Ntini to Katich, FOUR runs
Ntini to Katich, FOUR runs
Ntini to Katich, 2 runs
Ntini to Katich, FOUR runs
Ntini to Katich, no run
Ntini to Gilchrist, 1 run
Ntini to Gilchrist, 1 wide
