Shafiul to Ramdin, 1 run
Shafiul to Brathwaite, OUT
Shafiul to Ramdin, 1 run
Shafiul to Brathwaite, 1 run
Shafiul to Samuels, OUT
Shafiul to Ramdin, 1 run
Shakib to Samuels, SIX runs
Shakib to Ramdin, 1 leg bye
Shakib to Ramdin, FOUR runs
Shakib to Samuels, 1 run
Shakib to Ramdin, 1 run
Shakib to Ramdin, no run
Md Naeem to Ramdin, 1 run
Md Naeem to Samuels, 1 run
Md Naeem to Samuels, no run
Md Naeem to Ramdin, 1 run
Md Naeem to Samuels, 1 run
Md Naeem to Sammy, OUT
Rubel to Sammy, 1 run
Rubel to Hyatt, OUT
Rubel to Hyatt, 2 runs
Rubel to Samuels, 1 run
Rubel to Samuels, no run
Rubel to Samuels, 2 runs
Razzak to Hyatt, no run
Razzak to Darren Bravo, OUT
Razzak to Darren Bravo, 1 wide
Razzak to Darren Bravo, no run
Razzak to Darren Bravo, SIX runs
Razzak to Samuels, 1 run
Razzak to Samuels, no run
Md Naeem to Darren Bravo, no run
Md Naeem to Darren Bravo, no run
Md Naeem to Samuels, 1 run
Md Naeem to Samuels, SIX runs
Md Naeem to Samuels, no run
Md Naeem to Darren Bravo, 1 run
Shakib to Samuels, no run
Shakib to Samuels, no run
Shakib to Russell, OUT
Shakib to Samuels, 1 run
Shakib to Samuels, FOUR runs
Shakib to Russell, 1 run
Shafiul to Samuels, 2 runs
Shafiul to Samuels, 2 runs
Shafiul to Samuels, no run
Shafiul to Russell, 1 run
Shafiul to Russell, no run
Shafiul to Samuels, 1 run
Md Naeem to Russell, no run
Md Naeem to Samuels, 1 run
Md Naeem to Samuels, FOUR runs
Md Naeem to Russell, 1 run
Md Naeem to Russell, no run
Md Naeem to Samuels, 1 run
Rubel to Russell, no run
Rubel to Samuels, 1 run
Rubel to Russell, 1 run
Rubel to Russell, no run
Rubel to Samuels, 1 run
Rubel to Samuels, 2 runs
Md Naeem to Samuels, 1 run
Md Naeem to Samuels, 1 wide
Md Naeem to Russell, 1 run
Md Naeem to Russell, no run
Md Naeem to Samuels, 1 run
Md Naeem to Samuels, no run
Md Naeem to Samuels, no run
Razzak to Simmons, OUT
Razzak to Simmons, SIX runs
Razzak to Simmons, no run
Razzak to Samuels, 1 run
Razzak to Samuels, no run
Razzak to Samuels, no run
Shafiul to Simmons, no run
Shafiul to Simmons, no run
Shafiul to Samuels, 1 run
Shafiul to Simmons, 1 run
Shafiul to Samuels, 1 run
Shafiul to Simmons, 1 run
Shakib to Simmons, 1 run
Shakib to Simmons, no run
Shakib to Samuels, 1 run
Shakib to Samuels, no run
Shakib to Simmons, 1 leg bye
Shakib to Simmons, no run
Rubel to Samuels, SIX runs
Rubel to Samuels, no run
Rubel to Samuels, SIX runs
Rubel to Simmons, 1 run
Rubel to Simmons, FOUR runs
Rubel to Simmons, no run
Shakib to Simmons, 1 run
Shakib to Simmons, FOUR runs
Shakib to Simmons, no run
Shakib to Simmons, no run
Shakib to Barath, OUT
Shakib to Barath, no run
Rubel to Barath, 1 run
Rubel to Simmons, 1 run
Rubel to Barath, 1 run
Rubel to Barath, no run
Rubel to Barath, no run
Rubel to Simmons, 1 run
Razzak to Barath, no run
Razzak to Barath, 2 runs
Razzak to Barath, no run
Razzak to Barath, FOUR runs
Razzak to Barath, 1 wide
Razzak to Barath, 2 runs
Razzak to Simmons, 1 run
Shafiul to Barath, no run
Shafiul to Barath, 1 wide
Shafiul to Barath, no run
Shafiul to Barath, 4 leg byes
Shafiul to Barath, no run
Shafiul to Barath, no run
Shafiul to Barath, FOUR runs
Razzak to Simmons, no run
Razzak to Barath, 1 run
Razzak to Barath, no run
Razzak to Barath, no run
Razzak to Simmons, 1 run
Razzak to Simmons, no run
