Rampaul to Mushfiqur, SIX runs
Rampaul to Razzak, 1 run
Rampaul to Nasir, OUT
Rampaul to Mushfiqur, 1 run
Rampaul to Mushfiqur, no run
Brathwaite to Mushfiqur, 1 run
Brathwaite to Mushfiqur, 2 runs
Brathwaite to Mushfiqur, FOUR runs
Brathwaite to Nasir, 1 run
Brathwaite to Nasir, FOUR runs
Brathwaite to Nasir, 2 runs
Sammy to Mushfiqur, 2 runs
Sammy to Nasir, 1 run
Sammy to Mushfiqur, 1 run
Sammy to Nasir, 1 run
Sammy to Mushfiqur, 1 run
Sammy to Nasir, 1 run
Rampaul to Nasir, 1 run
Rampaul to Mushfiqur, 3 runs
Rampaul to Nasir, 1 run
Rampaul to Nasir, 2 runs
Rampaul to Mushfiqur, 1 run
Rampaul to Nasir, 1 run
Sammy to Nasir, 1 run
Sammy to Nasir, (no ball)
Sammy to Nasir, no run
Sammy to Nasir, 2 runs
Sammy to Md Naeem, OUT
Sammy to Md Naeem, 2 runs
Sammy to Mushfiqur, 1 run
Martin to Md Naeem, 2 runs
Martin to Mushfiqur, 1 run
Martin to Mushfiqur, SIX runs
Martin to Mushfiqur, no run
Martin to Md Naeem, 1 run
Martin to Mushfiqur, 1 run
Russell to Mushfiqur, 1 run
Russell to Md Naeem, 1 run
Russell to Md Naeem, no run
Russell to Md Naeem, 1 wide
Russell to Md Naeem, FOUR runs
Russell to Md Naeem, no run
Russell to Mushfiqur, 1 run
Samuels to Ashraful, OUT
Samuels to Mushfiqur, 1 run
Samuels to Ashraful, 1 run
Samuels to Ashraful, no run
Samuels to Mushfiqur, 1 run
Samuels to Mushfiqur, no run
Brathwaite to Ashraful, 2 runs
Brathwaite to Ashraful, FOUR runs
Brathwaite to Ashraful, no run
Brathwaite to Mushfiqur, 1 run
Brathwaite to Ashraful, 1 run
Brathwaite to Ashraful, no run
Samuels to Mushfiqur, 2 runs
Samuels to Mushfiqur, no run
Samuels to Mushfiqur, 2 runs
Samuels to Ashraful, 1 run
Samuels to Mushfiqur, 1 run
Samuels to Ashraful, 1 run
Brathwaite to Ashraful, 1 run
Brathwaite to Kapali, OUT
Brathwaite to Kapali, no run
Brathwaite to Kapali, no run
Brathwaite to Ashraful, 1 run
Brathwaite to Kapali, 1 run
Samuels to Kapali, 1 run
Samuels to Kapali, no run
Samuels to Kapali, no run
Samuels to Kapali, no run
Samuels to Kapali, no run
Samuels to Shakib, OUT
Martin to Imrul, OUT
Martin to Imrul, no run
Martin to Ashraful, 1 run
Martin to Imrul, 1 run
Martin to Ashraful, 1 run
Martin to Ashraful, no run
Samuels to Ashraful, 1 run
Samuels to Ashraful, no run
Samuels to Ashraful, no run
Samuels to Imrul, 1 run
Samuels to Imrul, no run
Samuels to Ashraful, 1 run
Martin to Imrul, no run
Martin to Imrul, no run
Martin to Ashraful, 1 run
Martin to Imrul, 1 run
Martin to Imrul, FOUR runs
Martin to Imrul, no run
Sammy to Imrul, 1 leg bye
Sammy to Ashraful, 1 run
Sammy to Imrul, 1 run
Sammy to Imrul, 1 wide
Sammy to Ashraful, 1 run
Sammy to Ashraful, no run
Sammy to Ashraful, FOUR runs
Rampaul to Imrul, no run
Rampaul to Imrul, FOUR runs
Rampaul to Ashraful, 1 run
Rampaul to Tamim, OUT
Rampaul to Tamim, no run
Rampaul to Tamim, no run
Russell to Tamim, 1 run
Russell to Tamim, no run
Russell to Tamim, no run
Russell to Tamim, FOUR runs
Russell to Tamim, FOUR runs
Russell to Tamim, no run
Sammy to Imrul, no run
Sammy to Imrul, SIX runs
Sammy to Imrul, no run
Sammy to Imrul, 1 wide
Sammy to Imrul, no run
Sammy to Tamim, 1 run
Sammy to Tamim, no run
Rampaul to Imrul, no run
Rampaul to Imrul, no run
Rampaul to Imrul, FOUR runs
Rampaul to Tamim, 1 run
Rampaul to Tamim, no run
Rampaul to Tamim, 1 wide
Rampaul to Tamim, no run
