Malinga to Parnell, 2 runs
Malinga to Parnell, FOUR runs
Malinga to Parnell, 2 runs
Malinga to Parnell, no run
Malinga to Wiese, 1 run
Malinga to Parnell, 1 run
Malinga to Parnell, 1 wide
Kulasekara to Parnell, 1 run
Kulasekara to Wiese, 1 run
Kulasekara to Miller, OUT
Kulasekara to Wiese, 1 run
Kulasekara to Wiese, 2 runs
Kulasekara to Miller, 1 run
Malinga to Miller, 1 run
Malinga to Wiese, 1 run
Malinga to Miller, 1 run
Malinga to Wiese, 1 run
Malinga to Miller, 1 run
Malinga to Miller, FOUR runs
Mendis to Miller, 1 run
Mendis to Miller, 2 runs
Mendis to Miller, SIX runs
Mendis to Miller, no run
Mendis to Miller, 2 runs
Mendis to Miller, 2 runs
Senanayake to Wiese, no run
Senanayake to Wiese, no run
Senanayake to Miller, 1 run
Senanayake to Duminy, OUT
Senanayake to Miller, 1 run
Senanayake to Miller, 2 runs
Angelo Mathews to Miller, 1 run
Angelo Mathews to Duminy, 1 run
Angelo Mathews to Miller, 1 run
Angelo Mathews to Miller, SIX runs
Angelo Mathews to Miller, no run
Angelo Mathews to Miller, 2 runs
Mendis to Duminy, FOUR runs
Mendis to Duminy, no run
Mendis to Duminy, no run
Mendis to Duminy, no run
Mendis to Duminy, no run
Mendis to Miller, 1 run
Angelo Mathews to de Villiers, OUT
Angelo Mathews to de Villiers, FOUR runs
Angelo Mathews to de Villiers, 2 runs
Angelo Mathews to Duminy, 1 run
Angelo Mathews to de Villiers, 1 run
Angelo Mathews to Duminy, 1 run
Mendis to Duminy, 1 run
Mendis to de Villiers, 1 run
Mendis to Duminy, 3 runs
Mendis to Duminy, FOUR runs
Mendis to Duminy, 2 runs
Mendis to Duminy, FOUR runs
Angelo Mathews to Duminy, 1 run
Angelo Mathews to de Villiers, 1 run
Angelo Mathews to de Villiers, no run
Angelo Mathews to de Villiers, no run
Angelo Mathews to Duminy, 1 run
Angelo Mathews to Duminy, no run
Mendis to Duminy, 1 run
Mendis to de Villiers, 1 run
Mendis to de Villiers, no run
Mendis to Duminy, 1 run
Mendis to de Villiers, 1 run
Mendis to de Villiers, 2 runs
Malinga to de Villiers, 1 run
Malinga to Duminy, 1 run
Malinga to Duminy, 2 runs
Malinga to de Villiers, 1 run
Malinga to du Plessis, OUT
Malinga to du Plessis, 2 runs
Senanayake to Duminy, 2 runs
Senanayake to Duminy, no run
Senanayake to de Kock, OUT
Senanayake to de Kock, no run
Senanayake to de Kock, 5 wide
Senanayake to de Kock, no run
Senanayake to de Kock, no run
Angelo Mathews to du Plessis, SIX runs
Angelo Mathews to du Plessis, no run
Angelo Mathews to du Plessis, no run
Angelo Mathews to de Kock, 1 run
Angelo Mathews to de Kock, 2 runs
Angelo Mathews to de Kock, no run
Senanayake to de Kock, 1 run
Senanayake to du Plessis, 1 run
Senanayake to du Plessis, no run
Senanayake to du Plessis, no run
Senanayake to du Plessis, no run
Senanayake to du Plessis, no run
Kulasekara to de Kock, no run
Kulasekara to de Kock, no run
Kulasekara to de Kock, no run
Kulasekara to de Kock, FOUR runs
Kulasekara to de Kock, FOUR runs
Kulasekara to du Plessis, 1 run
Senanayake to de Kock, no run
Senanayake to de Kock, FOUR runs
Senanayake to de Kock, no run
Senanayake to de Kock, no run
Senanayake to du Plessis, 1 run
Senanayake to du Plessis, no run
Kulasekara to de Kock, no run
Kulasekara to de Kock, 2 leg byes
Kulasekara to de Kock, no run
Kulasekara to du Plessis, 1 run
Kulasekara to du Plessis, no run
Kulasekara to Davids, OUT
Malinga to Davids, 1 run
Malinga to Davids, no run
Malinga to de Kock, 3 runs
Malinga to de Kock, no run
Malinga to de Kock, no run
Malinga to Davids, 1 run
Kulasekara to Davids, 1 run
Kulasekara to Davids, no run
Kulasekara to Davids, 1 wide
Kulasekara to Davids, 2 runs
Kulasekara to Davids, 2 runs
Kulasekara to Davids, no run
Kulasekara to Davids, no run
