Parnell to Perera, 1 run
Parnell to Perera, no run
Parnell to Perera, 2 runs
Parnell to Perera, no run
Parnell to Perera, 2 runs
Parnell to Perera, no run
Morkel to Perera, 1 run
Morkel to Perera, no run
Morkel to Perera, FOUR runs
Morkel to Senanayake, 1 run
Morkel to Kulasekara, OUT
Morkel to Kulasekara, SIX runs
Parnell to Kulasekara, 1 run
Parnell to Perera, 1 run
Parnell to Kulasekara, 1 leg bye
Parnell to Kulasekara, no run
Parnell to Perera, 1 run
Parnell to Kulasekara, 1 run
Tahir to Kulasekara, 1 run
Tahir to Kulasekara, no run
Tahir to Perera, 1 run
Tahir to Kulasekara, 1 run
Tahir to Perera, 1 run
Tahir to Perera, no run
Morkel to Perera, 1 run
Morkel to Perera, no run
Morkel to Perera, no run
Morkel to Perera, 2 runs
Morkel to Perera, FOUR runs
Morkel to Sangakkara, OUT
Wiese to Sangakkara, 1 run
Wiese to Perera, 1 run
Wiese to Angelo Mathews, OUT
Wiese to Sangakkara, 1 run
Wiese to Angelo Mathews, 1 run
Wiese to Sangakkara, 1 run
Parnell to Angelo Mathews, no run
Parnell to Thirimanne, OUT
Parnell to Thirimanne, 2 runs
Parnell to Thirimanne, no run
Parnell to Thirimanne, 2 runs
Parnell to Thirimanne, no run
Tahir to Thirimanne, 1 run
Tahir to Sangakkara, 1 run
Tahir to Thirimanne, 1 run
Tahir to Sangakkara, 1 run
Tahir to Sangakkara, no run
Tahir to Sangakkara, 2 runs
Wiese to Thirimanne, no run
Wiese to Thirimanne, no run
Wiese to Thirimanne, 2 runs
Wiese to Sangakkara, 1 run
Wiese to Sangakkara, FOUR runs
Wiese to Thirimanne, 1 run
Tahir to Sangakkara, no run
Tahir to Thirimanne, 1 run
Tahir to Sangakkara, 1 run
Tahir to Sangakkara, 2 runs
Tahir to Thirimanne, 1 run
Tahir to Sangakkara, 1 run
Wiese to Sangakkara, 1 run
Wiese to Thirimanne, 1 run
Wiese to Thirimanne, FOUR runs
Wiese to Thirimanne, no run
Wiese to Sangakkara, 1 run
Wiese to Sangakkara, 2 runs
Tahir to Sangakkara, 1 run
Tahir to Thirimanne, 1 run
Tahir to Sangakkara, 1 run
Tahir to Thirimanne, 1 run
Tahir to Perera, OUT
Tahir to Sangakkara, 1 run
Wiese to Sangakkara, 1 run
Wiese to Sangakkara, no run
Wiese to Perera, 1 run
Wiese to Perera, no run
Wiese to Sangakkara, 1 run
Wiese to Sangakkara, no run
Tsotsobe to Perera, no run
Tsotsobe to Sangakkara, 1 run
Tsotsobe to Sangakkara, no run
Tsotsobe to Sangakkara, no run
Tsotsobe to Perera, 1 run
Tsotsobe to Perera, no run
Parnell to Sangakkara, no run
Parnell to Sangakkara, no run
Parnell to Sangakkara, FOUR runs
Parnell to Sangakkara, FOUR runs
Parnell to Sangakkara, FOUR runs
Parnell to Sangakkara, no run
Tsotsobe to Perera, no run
Tsotsobe to Perera, 2 runs
Tsotsobe to Sangakkara, 1 run
Tsotsobe to Sangakkara, no run
Tsotsobe to Chandimal, OUT
Tsotsobe to Chandimal, no run
Morkel to Perera, no run
Morkel to Perera, no run
Morkel to Perera, no run
Morkel to Perera, no run
Morkel to Perera, FOUR runs
Morkel to Perera, FOUR runs
Tsotsobe to Chandimal, no run
Tsotsobe to Chandimal, no run
Tsotsobe to Perera, 1 run
Tsotsobe to Perera, 2 runs
Tsotsobe to Chandimal, 1 run
Tsotsobe to Chandimal, no run
Morkel to Perera, no run
Morkel to Chandimal, 1 run
Morkel to Perera, 1 run
Morkel to Perera, FOUR runs
Morkel to Perera, no run
Morkel to Perera, no run
Morkel to Perera, 1 wide
Tsotsobe to Mahela Jayawardene, OUT
Tsotsobe to Mahela Jayawardene, FOUR runs
Tsotsobe to Mahela Jayawardene, no run
Tsotsobe to Mahela Jayawardene, 1 wide
Tsotsobe to Mahela Jayawardene, 2 runs
Tsotsobe to Mahela Jayawardene, no run
Tsotsobe to Perera, 1 run
