Zondeki to Symonds, 2 runs
Zondeki to Symonds, SIX runs
Zondeki to Symonds, FOUR runs
Zondeki to Symonds, SIX runs
Zondeki to Symonds, 2 runs
Zondeki to Clarke, 2 wide
Zondeki to Martyn, OUT
Hall to Symonds, 2 runs
Hall to Martyn, 1 run
Hall to Martyn, SIX runs
Hall to Martyn, 2 runs
Hall to Symonds, 1 run
Hall to Martyn, 1 run
Botha to Symonds, no run
Botha to Martyn, 1 run
Botha to Martyn, SIX runs
Botha to Martyn, no run
Botha to Symonds, 1 run
Botha to Martyn, 1 run
Hall to Martyn, 1 run
Hall to Symonds, 1 run
Hall to Symonds, no run
Hall to Martyn, 1 run
Hall to Martyn, 2 runs
Hall to Symonds, 1 run
Botha to Martyn, 2 runs
Botha to Symonds, 1 run
Botha to Martyn, 1 run
Botha to Martyn, SIX runs
Botha to Symonds, 1 run
Botha to Martyn, 3 runs
Kruger to Martyn, 1 run
Kruger to Martyn, FOUR runs
Kruger to Symonds, 1 run
Kruger to Martyn, 1 run
Kruger to Symonds, 1 run
Kruger to Martyn, 1 run
Botha to Martyn, 1 run
Botha to Symonds, 1 run
Botha to Symonds, FOUR runs
Botha to Symonds, 2 runs
Botha to Symonds, no run
Botha to Martyn, 1 run
Kallis to Symonds, no run
Kallis to Symonds, FOUR runs
Kallis to Symonds, 4 runs
Kallis to Symonds, FOUR runs
Kallis to Martyn, 1 run
Kallis to Martyn, FOUR runs
Botha to Symonds, FOUR runs
Botha to Martyn, 1 run
Botha to Symonds, 1 run
Botha to Martyn, 1 run
Botha to Ponting, OUT
Botha to Ponting, FOUR runs
Hall to Ponting, 1 run
Hall to Martyn, 1 run
Hall to Martyn, FOUR runs
Hall to Martyn, no run
Hall to Ponting, 1 run
Hall to Ponting, no run
Zondeki to Ponting, 1 run
Zondeki to Martyn, 1 run
Zondeki to Martyn, 2 runs
Zondeki to Martyn, 1 wide
Zondeki to Martyn, 1 run
Zondeki to Martyn, 2 runs
Zondeki to Ponting, 1 leg bye
Zondeki to Ponting, SIX runs
Hall to Ponting, 1 run
Hall to Ponting, 6 runs
Hall to Martyn, 1 leg bye
Hall to Ponting, 1 run
Hall to Ponting, FOUR runs
Hall to Ponting, no run
Zondeki to Martyn, no run
Zondeki to Martyn, 4 runs
Zondeki to Martyn, no run
Zondeki to Ponting, 1 run
Zondeki to Ponting, no run
Zondeki to Ponting, no run
Pollock to Ponting, 1 run
Pollock to Ponting, 1 wide
Pollock to Ponting, no run
Pollock to Hopes, OUT
Pollock to Hopes, FOUR runs
Pollock to Martyn, 1 run
Pollock to Hopes, 1 run
Pollock to Hopes, 1 run
Kruger to Hopes, 1 run
Kruger to Hopes, 1 wide
Kruger to Martyn, 1 run
Kruger to Martyn, FOUR runs
Kruger to Martyn, no run
Kruger to Martyn, 2 runs
Kruger to Martyn, 1 wide
Kruger to Hopes, 1 run
Pollock to Martyn, 1 run
Pollock to Martyn, no run
Pollock to Martyn, no run
Pollock to Martyn, SIX runs
Pollock to Martyn, no run
Pollock to Hopes, 1 run
Pollock to Martyn, 1 run
Kruger to Martyn, 1 run
Kruger to Martyn, 4 byes
Kruger to Hopes, 1 run
Kruger to Martyn, 1 run
Kruger to Hopes, 1 run
Kruger to Hopes, no run
Pollock to Martyn, no run
Pollock to Hopes, 1 run
Pollock to Martyn, 1 run
Pollock to Martyn, FOUR runs
Pollock to Martyn, no run
Pollock to Martyn, SIX runs
Kruger to Hopes, no run
Kruger to Hopes, FOUR runs
Kruger to Hopes, no run
Kruger to Martyn, 1 run
Kruger to Hopes, 1 run
Kruger to Hopes, no run
Pollock to Martyn, FOUR runs
Pollock to Hopes, 1 run
Pollock to Hopes, no run
Pollock to Hopes, no run
Pollock to Hopes, no run
Pollock to Hopes, no run
