Lewis to Zondeki, OUT
Lewis to Kruger, OUT
Lewis to Rudolph, 1 run
Symonds to Rudolph, 1 run
Symonds to Kruger, 1 run
Symonds to Kruger, no run
Symonds to Kruger, no run
Symonds to Kruger, 2 runs
Symonds to Botha, OUT
Hopes to Botha, 1 run
Hopes to Rudolph, 1 run
Hopes to Botha, 1 run
Hopes to Botha, no run
Hopes to Hall, OUT
Hopes to Hall, FOUR runs
Symonds to Hall, 1 run
Symonds to Rudolph, 1 run
Symonds to Hall, 1 run
Symonds to Hall, no run
Symonds to Hall, 2 runs
Symonds to Hall, no run
Hopes to Hall, 1 run
Hopes to Rudolph, 1 run
Hopes to Rudolph, no run
Hopes to Hall, 1 run
Hopes to Rudolph, 1 run
Hopes to Hall, 1 run
Symonds to Kallis, OUT
Symonds to Kallis, no run
Symonds to Kallis, no run
Symonds to Kallis, no run
Symonds to Pollock, OUT
Symonds to Pollock, 2 runs
Symonds to Pollock, 1 run
Clark to Kallis, FOUR runs
Clark to Pollock, 1 run
Clark to Pollock, SIX runs
Clark to Pollock, FOUR runs
Clark to Kallis, 1 run
Clark to Kallis, no run
Symonds to Kallis, 1 run
Symonds to Pollock, 1 run
Symonds to Kallis, 1 run
Symonds to Kallis, SIX runs
Symonds to Pollock, 1 run
Symonds to Pollock, FOUR runs
Clark to Kallis, 2 runs
Clark to Kallis, no run
Clark to Kallis, no run
Clark to Pollock, 1 run
Clark to Boucher, OUT
Clark to Boucher, FOUR runs
Hopes to Boucher, 1 run
Hopes to Boucher, FOUR runs
Hopes to Boucher, no run
Hopes to Boucher, FOUR runs
Hopes to Pollock, 1 run
Hopes to Boucher, 1 run
Clark to Pollock, no run
Clark to Pollock, no run
Clark to Pollock, no run
Clark to Pollock, 2 runs
Clark to Pollock, no run
Clark to Pollock, no run
Hopes to Pollock, 1 run
Hopes to Smith, OUT
Hopes to Boucher, 1 run
Hopes to Boucher, no run
Hopes to Smith, 1 run
Hopes to Smith, no run
Clark to Boucher, no run
Clark to Boucher, FOUR runs
Clark to Boucher, no run
Clark to Boucher, FOUR runs
Clark to Smith, 1 run
Clark to Boucher, 1 run
Lewis to Smith, FOUR runs
Lewis to Boucher, 1 run
Lewis to Smith, 1 run
Lewis to Smith, FOUR runs
Lewis to Boucher, 1 run
Lewis to Boucher, 2 runs
Bracken to Smith, no run
Bracken to Smith, 2 runs
Bracken to Boucher, 1 run
Bracken to Boucher, no run
Bracken to Smith, 1 run
Bracken to Smith, no run
Lewis to Boucher, no run
Lewis to Boucher, no run
Lewis to Smith, 1 run
Lewis to Smith, no run
Lewis to Smith, no run
Lewis to Smith, no run
Bracken to Smith, 1 run
Bracken to Smith, no run
Bracken to Gibbs, OUT
Bracken to Gibbs, no run
Bracken to Dippenaar, OUT
Bracken to Dippenaar, no run
Lewis to Smith, no run
Lewis to Smith, no run
Lewis to Smith, 2 runs
Lewis to Dippenaar, 1 run
Lewis to Dippenaar, no run
Lewis to Dippenaar, no run
Bracken to Smith, no run
Bracken to Smith, no run
Bracken to Smith, no run
Bracken to Smith, no run
Bracken to Smith, FOUR runs
Bracken to Smith, no run
