Bond to Ntini, OUT
Bond to Ntini, FOUR runs
Bond to Ntini, no run
Patel to Nel, no run
Patel to Nel, no run
Patel to Morkel, OUT
Patel to Morkel, SIX runs
Patel to Ntini, 1 run
Patel to Morkel, 1 bye
Bond to Ntini, no run
Bond to Ntini, no run
Bond to Langeveldt, OUT
Bond to Morkel, 1 run
Bond to Langeveldt, 1 run
Bond to Langeveldt, no run
Patel to Langeveldt, 1 run
Patel to Morkel, 1 run
Patel to Morkel, (no ball) OUT
Patel to Morkel, no run
Patel to Morkel, 2 runs
Patel to Morkel, no run
Patel to Prince, 1 run
Astle to Morkel, no run
Astle to Prince, 1 run
Astle to Morkel, 1 run
Astle to Morkel, no run
Astle to Boucher, OUT
Astle to Prince, 1 run
Adams to Prince, 1 run
Adams to Prince, no run
Adams to Boucher, 1 run
Adams to Boucher, no run
Adams to Prince, 1 run
Adams to Pollock, OUT
Astle to Boucher, no run
Astle to Pollock, 1 leg bye
Astle to Kemp, OUT
Astle to Boucher, 1 run
Astle to Boucher, no run
Astle to Kemp, 1 run
Patel to Kemp, 1 run
Patel to Kemp, no run
Patel to Boucher, 1 run
Patel to Kemp, 1 run
Patel to Boucher, 1 run
Patel to Gibbs, OUT
Astle to Kemp, FOUR runs
Astle to Gibbs, 1 run
Astle to Kemp, 1 run
Astle to Kemp, no run
Astle to Gibbs, 1 run
Astle to Gibbs, 2 runs
Patel to Kemp, no run
Patel to Kemp, no run
Patel to Kemp, no run
Patel to Kallis, OUT
Patel to Gibbs, 1 run
Patel to Kallis, 1 run
Astle to Gibbs, no run
Astle to Gibbs, FOUR runs
Astle to Smith, OUT
Astle to Smith, no run
Astle to Kallis, 1 run
Astle to Smith, 1 run
Adams to Smith, 1 leg bye
Adams to Kallis, 1 run
Adams to Smith, 1 run
Adams to Smith, no run
Adams to Smith, no run
Adams to Kallis, 1 run
Mills to Kallis, 1 run
Mills to Kallis, SIX runs
Mills to Kallis, no run
Mills to Kallis, no run
Mills to Smith, 1 run
Mills to Smith, FOUR runs
Adams to Kallis, no run
Adams to Smith, 1 run
Adams to Smith, SIX runs
Adams to Smith, no run
Adams to Smith, no run
Adams to Smith, no run
Mills to Kallis, 2 runs
Mills to Smith, 1 run
Mills to Smith, FOUR runs
Mills to Smith, no run
Mills to Smith, FOUR runs
Mills to Smith, no run
Adams to Smith, 1 run
Adams to Smith, FOUR runs
Adams to Smith, FOUR runs
Adams to Smith, FOUR runs
Adams to Smith, no run
Adams to Kallis, 1 run
Mills to Smith, no run
Mills to Smith, 1 wide
Mills to Smith, no run
Mills to Kallis, 1 run
Mills to Kallis, no run
Mills to Kallis, no run
Mills to Smith, 1 run
Bond to Kallis, FOUR runs
Bond to Smith, 1 run
Bond to Smith, no run
Bond to Smith, no run
Bond to Smith, no run
Bond to Smith, 2 runs
Mills to Smith, 3 runs
Mills to Smith, FOUR runs
Mills to Smith, (no ball)
Mills to Smith, 2 runs
Mills to Smith, no run
Mills to Kallis, 1 run
Mills to Kallis, no run
Bond to Smith, FOUR runs
Bond to Smith, no run
Bond to Smith, FOUR runs
Bond to Smith, FOUR runs
Bond to Smith, no run
Bond to Smith, no run
