Smith to McCullum, 1 run
Smith to McCullum, (no ball) SIX runs
Smith to McCullum, 2 runs
Smith to Oram, 1 run
Smith to McCullum, 1 run
Smith to Oram, 1 bye
Smith to McCullum, (no ball) 1 run
Smith to McCullum, FOUR runs
Langeveldt to McCullum, 1 run
Langeveldt to McCullum, no run
Langeveldt to Oram, 1 leg bye
Langeveldt to McCullum, 1 run
Langeveldt to Styris, OUT
Langeveldt to Styris, no run
Morkel to Styris, 1 run
Morkel to Styris, no run
Morkel to Oram, 1 run
Morkel to Oram, SIX runs
Morkel to Oram, no run
Morkel to Styris, 1 run
Boje to Oram, FOUR runs
Boje to Oram, no run
Boje to Oram, SIX runs
Boje to Oram, 2 runs
Boje to Styris, 1 leg bye
Boje to Oram, 1 run
Morkel to Styris, no run
Morkel to Oram, 1 run
Morkel to Styris, 1 run
Morkel to Oram, 1 run
Morkel to Oram, no run
Morkel to Styris, 1 run
Boje to Oram, no run
Boje to Styris, 1 run
Boje to Oram, 1 leg bye
Boje to Styris, 1 run
Boje to Styris, no run
Boje to McMillan, OUT
Nel to McMillan, 1 run
Nel to McMillan, 2 runs
Nel to McMillan, no run
Nel to McMillan, no run
Nel to Styris, 1 run
Nel to Styris, no run
Boje to McMillan, no run
Boje to Styris, 1 run
Boje to Styris, no run
Boje to McMillan, 1 run
Boje to Styris, 1 run
Boje to McMillan, 1 run
Nel to McMillan, 1 run
Nel to Styris, 1 run
Nel to McMillan, 1 run
Nel to McMillan, no run
Nel to McMillan, FOUR runs
Nel to McMillan, no run
Boje to McMillan, 1 run
Boje to Styris, 1 run
Boje to McMillan, 1 run
Boje to Styris, 1 run
Boje to Styris, no run
Boje to Styris, FOUR runs
Nel to Styris, 1 run
Nel to Styris, 2 runs
Nel to Styris, no run
Nel to Styris, no run
Nel to McMillan, 1 run
Nel to McMillan, no run
Langeveldt to Styris, FOUR runs
Langeveldt to McMillan, 1 run
Langeveldt to McMillan, no run
Langeveldt to Styris, 1 run
Langeveldt to Styris, 1 wide
Langeveldt to Fleming, OUT
Langeveldt to Fleming, FOUR runs
Langeveldt to Fleming, 1 wide
Nel to Marshall, OUT
Nel to Marshall, 2 runs
Nel to Fleming, 1 run
Nel to Fleming, no run
Nel to Marshall, 1 run
Nel to Astle, OUT
Pollock to Fleming, no run
Pollock to Fleming, 2 runs
Pollock to Astle, 1 run
Pollock to Astle, FOUR runs
Pollock to Astle, no run
Pollock to Fleming, 1 run
Ntini to Fleming, 1 run
Ntini to Fleming, FOUR runs
Ntini to Fleming, FOUR runs
Ntini to Fleming, no run
Ntini to Fleming, no run
Ntini to Astle, 1 run
Pollock to Fleming, FOUR runs
Pollock to Fleming, no run
Pollock to Fleming, no run
Pollock to Fleming, no run
Pollock to Fleming, no run
Pollock to Astle, 1 run
Pollock to Astle, 1 wide
Ntini to Fleming, FOUR runs
Ntini to Fleming, FOUR runs
Ntini to Astle, 1 run
Ntini to Fleming, 1 run
Ntini to Astle, 1 run
Ntini to Astle, no run
Pollock to Fleming, no run
Pollock to Fleming, no run
Pollock to Astle, 1 run
Pollock to Fleming, 1 run
Pollock to Fleming, no run
Pollock to Fleming, no run
