Doug Bracewell to Behardien, OUT
Doug Bracewell to Miller, OUT
Doug Bracewell to Miller, FOUR runs
Doug Bracewell to Miller, 2 runs
Doug Bracewell to Miller, FOUR runs
Doug Bracewell to Miller, FOUR runs
Neesham to Behardien, 2 runs
Neesham to Behardien, 1 wide
Neesham to Behardien, no run
Neesham to Behardien, 2 runs
Neesham to Behardien, SIX runs
Neesham to Behardien, FOUR runs
Neesham to Behardien, 1 wide
Neesham to Behardien, 1 wide
Neesham to Miller, 1 run
McCullum to Behardien, no run
McCullum to Miller, 1 run
McCullum to Behardien, 1 run
McCullum to Behardien, FOUR runs
McCullum to Behardien, 2 runs
McCullum to Miller, 1 run
McClenaghan to Miller, 1 run
McClenaghan to Behardien, 1 run
McClenaghan to Miller, 1 run
McClenaghan to Davids, OUT
McClenaghan to Miller, 1 run
McClenaghan to Miller, 2 runs
McClenaghan to Miller, 1 wide
Doug Bracewell to Miller, 1 run
Doug Bracewell to Davids, 1 run
Doug Bracewell to Miller, 1 run
Doug Bracewell to Miller, FOUR runs
Doug Bracewell to Davids, 1 run
Doug Bracewell to Davids, 1 wide
Doug Bracewell to Davids, SIX runs
Franklin to Davids, 1 run
Franklin to Ontong, OUT
Franklin to Ontong, 2 runs
Franklin to Ontong, 2 runs
Franklin to Ontong, SIX runs
Franklin to Ontong, SIX runs
McCullum to Ontong, 1 run
McCullum to Ontong, no run
McCullum to Davids, 1 run
McCullum to Ontong, 1 run
McCullum to Davids, 1 run
McCullum to Davids, 2 runs
Neesham to Davids, 1 run
Neesham to Davids, FOUR runs
Neesham to Ontong, 1 run
Neesham to Davids, 1 run
Neesham to Ontong, 1 leg bye
Neesham to Davids, 1 run
Hira to Ontong, 2 runs
Hira to Ontong, 2 runs
Hira to Ontong, SIX runs
Hira to Davids, 1 run
Hira to Ontong, 1 run
Hira to Davids, 1 run
Franklin to Davids, 1 run
Franklin to Ontong, 1 run
Franklin to Davids, 1 run
Franklin to Davids, FOUR runs
Franklin to Davids, no run
Franklin to Ontong, 1 run
Hira to Ontong, 1 run
Hira to Davids, 1 run
Hira to Ontong, 1 run
Hira to Davids, 1 run
Hira to Davids, no run
Hira to Ontong, 1 run
Neesham to Davids, FOUR runs
Neesham to Ontong, 1 run
Neesham to Davids, 1 run
Neesham to Ontong, 1 run
Neesham to Davids, 1 run
Neesham to Ontong, 1 run
Doug Bracewell to Davids, no run
Doug Bracewell to Davids, 2 leg byes
Doug Bracewell to Ontong, 1 run
Doug Bracewell to Ontong, FOUR runs
Doug Bracewell to Davids, 1 run
Doug Bracewell to Davids, no run
Franklin to Davids, 1 run
Franklin to Davids, no run
Franklin to Ontong, 1 run
Franklin to Ontong, no run
Franklin to Davids, 1 run
Franklin to Davids, 2 runs
Hira to Davids, 1 run
Hira to Ontong, 1 run
Hira to Ontong, 2 runs
Hira to Davids, 1 run
Hira to Ontong, 1 run
Hira to Ontong, no run
McClenaghan to Davids, FOUR runs
McClenaghan to Davids, no run
McClenaghan to de Kock, OUT
McClenaghan to Davids, 1 run
McClenaghan to Davids, FOUR runs
McClenaghan to de Kock, 1 run
McCullum to Davids, no run
McCullum to de Kock, 1 run
McCullum to Davids, 1 run
McCullum to Davids, SIX runs
McCullum to Davids, FOUR runs
McCullum to Davids, no run
McClenaghan to Davids, 1 run
McClenaghan to Davids, no run
McClenaghan to Davids, no run
McClenaghan to Davids, 1 wide
McClenaghan to Davids, no run
McClenaghan to Davids, no run
McClenaghan to Davids, FOUR runs
Hira to de Kock, no run
Hira to du Plessis, OUT
Hira to du Plessis, no run
Hira to du Plessis, no run
Hira to du Plessis, no run
Hira to du Plessis, no run
McClenaghan to Davids, no run
McClenaghan to du Plessis, 1 run
McClenaghan to du Plessis, no run
McClenaghan to du Plessis, no run
McClenaghan to du Plessis, no run
McClenaghan to Davids, 1 leg bye
