Kleinveldt to Doug Bracewell, 2 runs
Kleinveldt to McClenaghan, 1 run
Kleinveldt to Doug Bracewell, 1 run
Kleinveldt to Doug Bracewell, 1 wide
Kleinveldt to Doug Bracewell, FOUR runs
Kleinveldt to Hira, OUT
Kleinveldt to Doug Bracewell, 1 run
Morkel to Doug Bracewell, 1 run
Morkel to Doug Bracewell, FOUR runs
Morkel to Hira, 1 run
Morkel to Hira, 2 runs
Morkel to Hira, 1 wide
Morkel to Hira, no run
Morkel to Hira, FOUR runs
Kleinveldt to Hira, 1 run
Kleinveldt to Hira, no run
Kleinveldt to Hira, no run
Kleinveldt to Hira, FOUR runs
Kleinveldt to Doug Bracewell, 1 run
Kleinveldt to Doug Bracewell, no run
McLaren to Doug Bracewell, 1 run
McLaren to McCullum, OUT
McLaren to McCullum, OUT
McLaren to Anderson, 1 run
McLaren to Anderson, no run
McLaren to McCullum, 1 run
Morkel to Anderson, 2 runs
Morkel to McCullum, 1 run
Morkel to Anderson, 1 run
Morkel to McCullum, 1 run
Morkel to McCullum, FOUR runs
Morkel to McCullum, no run
McLaren to McCullum, 1 run
McLaren to McCullum, 1 wide
McLaren to McCullum, FOUR runs
McLaren to Anderson, 1 run
McLaren to McCullum, 1 run
McLaren to McCullum, 2 runs
McLaren to McCullum, no run
Peterson to Anderson, 2 runs
Peterson to Anderson, FOUR runs
Peterson to McCullum, 1 run
Peterson to Anderson, 1 run
Peterson to Anderson, no run
Peterson to Neesham, OUT
Phangiso to Neesham, 1 run
Phangiso to McCullum, 1 run
Phangiso to Neesham, 1 run
Phangiso to Franklin, OUT
Phangiso to Franklin, FOUR runs
Phangiso to Franklin, no run
Ontong to Franklin, 1 run
Ontong to Neesham, 1 run
Ontong to Franklin, 1 run
Ontong to Franklin, no run
Ontong to Franklin, no run
Ontong to Franklin, SIX runs
Phangiso to Franklin, 1 leg bye
Phangiso to Neesham, 1 run
Phangiso to Neesham, FOUR runs
Phangiso to Neesham, no run
Phangiso to Neesham, no run
Phangiso to Franklin, 1 run
McLaren to Neesham, FOUR runs
McLaren to Neesham, no run
McLaren to Munro, OUT
McLaren to Munro, no run
McLaren to Munro, no run
McLaren to Franklin, 1 run
Phangiso to Franklin, 1 run
Phangiso to Munro, 1 run
Phangiso to Franklin, 1 run
Phangiso to McCullum, OUT
Phangiso to Munro, 1 run
Phangiso to Munro, no run
Kleinveldt to McCullum, no run
Kleinveldt to Munro, 1 run
Kleinveldt to Munro, no run
Kleinveldt to Munro, no run
Kleinveldt to Munro, no run
Kleinveldt to McCullum, 1 run
Phangiso to Guptill, OUT
Phangiso to Guptill, no run
Phangiso to Guptill, no run
Phangiso to McCullum, 1 run
Phangiso to Guptill, 1 run
Phangiso to Guptill, SIX runs
Kleinveldt to McCullum, no run
Kleinveldt to McCullum, no run
Kleinveldt to McCullum, FOUR runs
Kleinveldt to Guptill, 1 run
Kleinveldt to McCullum, 1 run
Kleinveldt to Guptill, 1 run
Morkel to Guptill, 1 run
Morkel to Guptill, no run
Morkel to Guptill, no run
Morkel to Guptill, FOUR runs
Morkel to Guptill, FOUR runs
Morkel to Guptill, no run
Peterson to McCullum, FOUR runs
Peterson to McCullum, no run
Peterson to McCullum, SIX runs
Peterson to Guptill, 1 run
Peterson to Guptill, no run
Peterson to Guptill, FOUR runs
Morkel to McCullum, no run
Morkel to McCullum, no run
Morkel to McCullum, FOUR runs
Morkel to McCullum, no run
Morkel to McCullum, 2 runs
Morkel to McCullum, no run
Peterson to Guptill, no run
Peterson to Guptill, no run
Peterson to McCullum, 1 run
Peterson to McCullum, no run
Peterson to McCullum, no run
Peterson to McCullum, no run
McLaren to Guptill, no run
McLaren to McCullum, 1 run
McLaren to Nicol, OUT
McLaren to Nicol, FOUR runs
McLaren to Guptill, 1 run
McLaren to Nicol, 1 run
