Malinga to Ellis, 2 runs
Malinga to Nicol, OUT
Malinga to Nicol, 2 runs
Malinga to McCullum, 1 run, OUT
Malinga to Ronchi, 1 run
Malinga to Ronchi, no run
Kulasekara to McCullum, 2 runs
Kulasekara to McCullum, FOUR runs
Kulasekara to McCullum, FOUR runs
Kulasekara to Ronchi, 1 run
Kulasekara to McCullum, 1 run
Kulasekara to Ronchi, 1 run
Malinga to McCullum, 2 runs
Malinga to Ronchi, 1 run
Malinga to McCullum, 1 run
Malinga to McCullum, 2 runs
Malinga to McCullum, 2 runs
Malinga to McCullum, 2 runs
Perera to Ronchi, FOUR runs
Perera to Ronchi, no run
Perera to Ronchi, no run
Perera to Ronchi, SIX runs
Perera to McCullum, 1 leg bye
Perera to Ronchi, 1 run
Kulasekara to Ronchi, 1 run
Kulasekara to McCullum, 1 run
Kulasekara to McCullum, no run
Kulasekara to McCullum, FOUR runs
Kulasekara to McCullum, no run
Kulasekara to Ronchi, 1 run
Perera to McCullum, no run
Perera to Ronchi, 1 run
Perera to Munro, OUT
Perera to Munro, no run
Perera to Ronchi, 1 run
Perera to Ronchi, no run
Mendis to Ronchi, 1 run
Mendis to Munro, 1 run
Mendis to Ronchi, 1 run
Mendis to Ronchi, FOUR runs
Mendis to Ronchi, FOUR runs
Mendis to Munro, 1 run
Angelo Mathews to Munro, 1 run
Angelo Mathews to Munro, FOUR runs
Angelo Mathews to Munro, FOUR runs
Angelo Mathews to Munro, no run
Angelo Mathews to Ronchi, 1 run
Angelo Mathews to Munro, 1 run
Mendis to Munro, 1 run
Mendis to Ronchi, 1 run
Mendis to Munro, 1 run
Mendis to Munro, no run
Mendis to Munro, no run
Mendis to Ronchi, 1 run
RLB Rambukwella to Munro, no run
RLB Rambukwella to Ronchi, 1 run
RLB Rambukwella to Munro, 1 run
RLB Rambukwella to Ronchi, 1 run
RLB Rambukwella to Ronchi, no run
RLB Rambukwella to Latham, OUT
Dilshan to Latham, 1 run
Dilshan to Latham, FOUR runs
Dilshan to Munro, 1 run
Dilshan to Latham, 1 run
Dilshan to Latham, no run
Dilshan to Latham, no run
RLB Rambukwella to Latham, 1 run
RLB Rambukwella to Munro, 1 run
RLB Rambukwella to Munro, no run
RLB Rambukwella to Latham, 1 run
RLB Rambukwella to Latham, no run
RLB Rambukwella to Latham, 2 runs
Mendis to Munro, no run
Mendis to Latham, 1 run
Mendis to Devcich, OUT
Mendis to Latham, 1 run
Mendis to Devcich, 1 run
Mendis to Latham, 1 run
RLB Rambukwella to Latham, 1 run
RLB Rambukwella to Devcich, 1 run
RLB Rambukwella to Devcich, no run
RLB Rambukwella to Latham, 1 run
RLB Rambukwella to Latham, no run
RLB Rambukwella to Devcich, 1 run
Malinga to Devcich, 3 runs
Malinga to Devcich, no run
Malinga to Devcich, FOUR runs
Malinga to Devcich, no run
Malinga to Devcich, SIX runs
Malinga to Latham, 1 run
RLB Rambukwella to Devcich, no run
RLB Rambukwella to Devcich, FOUR runs
RLB Rambukwella to Latham, 1 run
RLB Rambukwella to Devcich, 1 run
RLB Rambukwella to Devcich, no run
RLB Rambukwella to Latham, 1 run
Kulasekara to Latham, 1 run
Kulasekara to Devcich, 1 leg bye
Kulasekara to Latham, 1 run
Kulasekara to Latham, no run
Kulasekara to Latham, no run
Kulasekara to Latham, no run
Angelo Mathews to Devcich, no run
Angelo Mathews to Devcich, no run
Angelo Mathews to Devcich, FOUR runs
Angelo Mathews to Broom, OUT
Angelo Mathews to Broom, 2 runs
Angelo Mathews to Broom, no run
Kulasekara to Devcich, FOUR runs
Kulasekara to Broom, 1 run
Kulasekara to Devcich, 1 run
Kulasekara to Broom, 3 runs
Kulasekara to Broom, no run
Kulasekara to Rutherford, OUT
Malinga to Devcich, no run
Malinga to Devcich, no run
Malinga to Devcich, no run
Malinga to Rutherford, 3 runs
Malinga to Rutherford, no run
Malinga to Rutherford, no run
