McCullum to Sangakkara, 2 runs
McCullum to Sangakkara, FOUR runs
McCullum to Sangakkara, 2 runs
McCullum to Sangakkara, 2 runs
McCullum to Sangakkara, no run
Devcich to Sangakkara, 1 run
Devcich to Dilshan, 1 run
Devcich to Sangakkara, 1 run
Devcich to Dilshan, 1 leg bye
Devcich to Sangakkara, 1 run
Devcich to Dilshan, 1 run
McClenaghan to Sangakkara, no run
McClenaghan to Dilshan, 1 run
McClenaghan to Sangakkara, 1 run
McClenaghan to Sangakkara, 2 runs
McClenaghan to Dilshan, 1 run
McClenaghan to Sangakkara, 1 run
Ellis to Sangakkara, 1 run
Ellis to Dilshan, 1 run
Ellis to Dilshan, no run
Ellis to Dilshan, FOUR runs
Ellis to Sangakkara, 1 run
Ellis to Sangakkara, no run
Nicol to Dilshan, FOUR runs
Nicol to Dilshan, FOUR runs
Nicol to Sangakkara, 1 run
Nicol to Sangakkara, no run
Nicol to Dilshan, 1 run
Nicol to Perera, OUT
Mills to Dilshan, 2 runs
Mills to Perera, 1 run
Mills to Perera, no run
Mills to Dilshan, 1 run
Mills to Dilshan, no run
Mills to Dilshan, no run
McCullum to Dilshan, 1 run
McCullum to Perera, 1 run
McCullum to Perera, FOUR runs
McCullum to Dilshan, 1 run
McCullum to Dilshan, FOUR runs
McCullum to Perera, 1 run
Nicol to Dilshan, no run
Nicol to Perera, 1 run
Nicol to Dilshan, 1 run
Nicol to Dilshan, FOUR runs
Nicol to Perera, 1 run
Nicol to Dilshan, 1 run
McClenaghan to Dilshan, 1 run
McClenaghan to Perera, 1 run
McClenaghan to Perera, FOUR runs
McClenaghan to Dilshan, 1 run
McClenaghan to Dilshan, 2 runs
McClenaghan to Perera, 1 run
Devcich to Dilshan, no run
Devcich to Dilshan, no run
Devcich to Perera, 1 run
Devcich to Perera, no run
Devcich to Perera, 2 runs
Devcich to Dilshan, 1 run
McCullum to Dilshan, 1 run
McCullum to Perera, 1 run
McCullum to Dilshan, 1 run
McCullum to Perera, 1 run
McCullum to Dilshan, 1 run
McCullum to Perera, 1 run
Devcich to Dilshan, 2 leg byes
Devcich to Dilshan, no run
Devcich to Perera, 1 run
Devcich to Dilshan, 1 run
Devcich to Perera, 1 run
Devcich to Dilshan, 1 run
Ellis to Dilshan, 1 run
Ellis to Perera, 1 run
Ellis to Dilshan, 1 run
Ellis to Dilshan, no run
Ellis to Dilshan, FOUR runs
Ellis to Perera, 1 run
McCullum to Dilshan, no run
McCullum to Dilshan, FOUR runs
McCullum to Dilshan, no run
McCullum to Perera, 1 run
McCullum to Dilshan, 1 run
McCullum to Dilshan, no run
McClenaghan to Perera, FOUR runs
McClenaghan to Perera, 2 runs
McClenaghan to Perera, FOUR runs
McClenaghan to Perera, no run
McClenaghan to Perera, no run
McClenaghan to Dilshan, 1 run
Mills to Perera, no run
Mills to Perera, FOUR runs
Mills to Perera, SIX runs
Mills to Perera, no run
Mills to Perera, no run
Mills to Perera, FOUR runs
McClenaghan to Perera, 1 run
McClenaghan to Perera, no run
McClenaghan to Perera, SIX runs
McClenaghan to Perera, no run
McClenaghan to Mahela Jayawardene, OUT
McClenaghan to Mahela Jayawardene, no run
Mills to Dilshan, FOUR runs
Mills to Dilshan, no run
Mills to Dilshan, no run
Mills to Dilshan, no run
Mills to Mahela Jayawardene, 3 runs
Mills to Mahela Jayawardene, no run
Mills to Mahela Jayawardene, 1 wide
