Malinga to Broad, OUT
Malinga to Woakes, OUT
Malinga to Broad, 1 bye
Malinga to Woakes, 1 bye
Malinga to Broad, 1 bye
Malinga to Woakes, 1 run
Lakmal to Woakes, 1 run
Lakmal to Wright, OUT
Lakmal to Woakes, 1 run
Lakmal to Wright, 1 run
Lakmal to Woakes, 1 run
Lakmal to Woakes, no run
Jayasuriya to Woakes, 1 run
Jayasuriya to Woakes, 2 runs
Jayasuriya to Bopara, OUT
Jayasuriya to Bopara, FOUR runs
Jayasuriya to Bopara, 2 runs
Jayasuriya to Bopara, no run
Malinga to Wright, no run
Malinga to Bopara, 1 run
Malinga to Wright, 1 run
Malinga to Bopara, 1 run
Malinga to Wright, 1 run
Malinga to Bopara, 1 run
Randiv to Wright, no run
Randiv to Bopara, 1 run
Randiv to Wright, 1 run
Randiv to Wright, 2 runs
Randiv to Wright, no run
Randiv to Bopara, 1 run
Jayasuriya to Bopara, 1 run
Jayasuriya to Bopara, no run
Jayasuriya to Wright, 1 run
Jayasuriya to Bopara, 1 run
Jayasuriya to Wright, 1 run
Jayasuriya to Bopara, 1 run
Randiv to Bopara, 1 run
Randiv to Wright, 1 run
Randiv to Patel, OUT
Randiv to Patel, no run
Randiv to Bopara, 1 run
Randiv to Bopara, no run
Jayasuriya to Patel, no run
Jayasuriya to Pietersen, OUT
Jayasuriya to Bopara, 1 run
Jayasuriya to Pietersen, 2 wide
Jayasuriya to Bopara, 1 run
Jayasuriya to Bopara, no run
Jayasuriya to Bopara, no run
Malinga to Bopara, 1 run
Malinga to Bopara, no run
Malinga to Pietersen, 1 run
Malinga to Morgan, OUT
Malinga to Morgan, no run
Malinga to Morgan, FOUR runs
Perera to Pietersen, SIX runs
Perera to Pietersen, 2 runs
Perera to Morgan, 1 run
Perera to Morgan, SIX runs
Perera to Morgan, SIX runs
Perera to Pietersen, (no ball) 1 run
Perera to Morgan, 1 run
Randiv to Morgan, 1 run
Randiv to Pietersen, 1 run
Randiv to Morgan, 1 run
Randiv to Pietersen, 1 run
Randiv to Morgan, 1 run
Randiv to Morgan, 2 runs
Lakmal to Morgan, 1 run
Lakmal to Morgan, FOUR runs
Lakmal to Pietersen, 1 run
Lakmal to Pietersen, no run
Lakmal to Morgan, 1 run
Lakmal to Morgan, no run
Randiv to Pietersen, no run
Randiv to Pietersen, SIX runs
Randiv to Pietersen, no run
Randiv to Morgan, 1 run
Randiv to Pietersen, 1 run
Randiv to Pietersen, no run
Randiv to Pietersen, 1 wide
Perera to Morgan, no run
Perera to Pietersen, 1 run
Perera to Pietersen, FOUR runs
Perera to Pietersen, FOUR runs
Perera to Morgan, 1 run
Perera to Pietersen, 1 run
Malinga to Morgan, no run
Malinga to Morgan, no run
Malinga to Morgan, no run
Malinga to Pietersen, 1 run
Malinga to Pietersen, 2 runs
Malinga to Pietersen, no run
Kulasekara to Morgan, no run
Kulasekara to Morgan, no run
Kulasekara to Morgan, no run
Kulasekara to Pietersen, 1 run
Kulasekara to Morgan, 1 run
Kulasekara to Morgan, FOUR runs
Lakmal to Pietersen, no run
Lakmal to Morgan, 1 run
Lakmal to Morgan, no run
Lakmal to Morgan, FOUR runs
Lakmal to Morgan, SIX runs
Lakmal to Pietersen, 1 run
Kulasekara to Morgan, no run
Kulasekara to Morgan, no run
Kulasekara to Kieswetter, OUT
Kulasekara to Pietersen, 1 run
Kulasekara to Pietersen, FOUR runs
Kulasekara to Kieswetter, 1 run
Lakmal to Kieswetter, 1 run
Lakmal to Pietersen, 1 run
Lakmal to Kieswetter, 1 run
Lakmal to Lumb, OUT
Lakmal to Lumb, no run
Lakmal to Lumb, no run
Kulasekara to Lumb, 1 run
Kulasekara to Kieswetter, 1 run
Kulasekara to Kieswetter, no run
Kulasekara to Kieswetter, no run
Kulasekara to Lumb, 1 run
Kulasekara to Lumb, no run
