Broad to Mahela Jayawardene, FOUR runs
Broad to Mahela Jayawardene, 2 runs
Bopara to Sangakkara, FOUR runs
Bopara to Mahela Jayawardene, 1 run
Bopara to Sangakkara, 2 wide
Bopara to Mahela Jayawardene, 1 run
Bopara to Mahela Jayawardene, no run
Bopara to Sangakkara, 1 run
Bopara to Sangakkara, no run
Woakes to Mahela Jayawardene, no run
Woakes to Mahela Jayawardene, FOUR runs
Woakes to Sangakkara, 1 leg bye
Woakes to Mahela Jayawardene, 1 run
Woakes to Sangakkara, 1 run
Woakes to Mahela Jayawardene, 1 run
Woakes to Mahela Jayawardene, 1 wide
Swann to Sangakkara, no run
Swann to Sangakkara, FOUR runs
Swann to Mahela Jayawardene, 1 run
Swann to Sangakkara, 1 run
Swann to Sangakkara, no run
Swann to Mahela Jayawardene, 1 run
Broad to Sangakkara, no run
Broad to Sangakkara, no run
Broad to Sangakkara, 2 runs
Broad to Mahela Jayawardene, 1 run
Broad to Sangakkara, 1 run
Broad to Mahela Jayawardene, 1 run
Dernbach to Sangakkara, 2 runs
Dernbach to Mahela Jayawardene, 1 run
Dernbach to Sangakkara, 1 run
Dernbach to Sangakkara, no run
Dernbach to Sangakkara, 2 leg byes
Dernbach to Sangakkara, no run
Dernbach to Sangakkara, 1 wide
Swann to Mahela Jayawardene, no run
Swann to Mahela Jayawardene, 2 runs
Swann to Sangakkara, 1 run
Swann to Mahela Jayawardene, 1 run
Swann to Sangakkara, 1 run
Swann to Sangakkara, 1 wide
Swann to Sangakkara, FOUR runs
Swann to Sangakkara, 1 wide
Bopara to Sangakkara, 1 run
Bopara to Mahela Jayawardene, 1 run
Bopara to Mahela Jayawardene, no run
Bopara to Sangakkara, 1 run
Bopara to Sangakkara, no run
Bopara to Sangakkara, no run
Swann to Mahela Jayawardene, no run
Swann to Mahela Jayawardene, 1 wide
Swann to Sangakkara, 1 run
Swann to Mahela Jayawardene, 1 run
Swann to Mahela Jayawardene, no run
Swann to Mahela Jayawardene, no run
Swann to Mahela Jayawardene, no run
Patel to Mahela Jayawardene, 1 run
Patel to Sangakkara, 1 run
Patel to Sangakkara, FOUR runs
Patel to Mahela Jayawardene, 1 run
Patel to Sangakkara, 1 run
Patel to Sangakkara, FOUR runs
Swann to Sangakkara, 1 run
Swann to Sangakkara, no run
Swann to Mahela Jayawardene, 1 run
Swann to Sangakkara, 1 run
Swann to Mahela Jayawardene, 1 run
Swann to Sangakkara, 1 run
Patel to Sangakkara, 1 run
Patel to Sangakkara, no run
Patel to Mahela Jayawardene, 1 run
Patel to Mahela Jayawardene, FOUR runs
Patel to Mahela Jayawardene, no run
Patel to Mahela Jayawardene, no run
Broad to Mahela Jayawardene, 1 run
Broad to Mahela Jayawardene, 2 runs
Broad to Mahela Jayawardene, FOUR runs
Broad to Mahela Jayawardene, no run
Broad to Mahela Jayawardene, 2 runs
Broad to Sangakkara, 1 run
Dernbach to Mahela Jayawardene, no run
Dernbach to Sangakkara, 1 run
Dernbach to Mahela Jayawardene, 1 run
Dernbach to Mahela Jayawardene, no run
Dernbach to Mahela Jayawardene, 1 wide
Dernbach to Sangakkara, 1 run
Dernbach to Jayasuriya, OUT
Dernbach to Jayasuriya, 1 wide
Broad to Jayasuriya, 1 run
Broad to Mahela Jayawardene, 1 run
Broad to Jayasuriya, 1 run
Broad to Jayasuriya, no run
Broad to Jayasuriya, FOUR runs
Broad to Mahela Jayawardene, 1 run
Woakes to Jayasuriya, no run
Woakes to Jayasuriya, 2 runs
Woakes to Mahela Jayawardene, 1 run
Woakes to Mahela Jayawardene, FOUR runs
Woakes to Mahela Jayawardene, SIX runs
Woakes to Mahela Jayawardene, FOUR runs
Dernbach to Jayasuriya, no run
Dernbach to Mahela Jayawardene, 1 run
Dernbach to Mahela Jayawardene, FOUR runs
Dernbach to Mahela Jayawardene, no run
Dernbach to Mahela Jayawardene, no run
Dernbach to Mahela Jayawardene, 2 runs
Dernbach to Mahela Jayawardene, 1 wide
Woakes to Mahela Jayawardene, 1 run
Woakes to Mahela Jayawardene, no run
Woakes to Mahela Jayawardene, FOUR runs
Woakes to Mahela Jayawardene, no run
Woakes to Mahela Jayawardene, no run
Woakes to Mahela Jayawardene, no run
Woakes to Mahela Jayawardene, 1 wide
