Vinay to Patel, FOUR runs
Vinay to Patel, FOUR runs
Vinay to Patel, FOUR runs
Vinay to Patel, 1 wide
Patel to Bopara, no run
Patel to Bopara, no run
Patel to Patel, 1 run
Patel to Bopara, 1 run
Patel to Patel, 1 run
Patel to Patel, no run
Vinay to Patel, 1 run
Vinay to Patel, 2 runs
Vinay to Patel, 2 runs
Vinay to Bopara, 1 run
Vinay to Bopara, no run
Vinay to Patel, 1 run
Praveen to Patel, 1 run
Praveen to Bopara, 1 run
Praveen to Bopara, FOUR runs
Praveen to Patel, 1 run
Praveen to Bopara, 1 run
Praveen to Patel, 1 run
Patel to Bopara, no run
Patel to Patel, 1 run
Patel to Bopara, 1 run
Patel to Patel, 1 run
Patel to Patel, no run
Patel to Morgan, OUT
Ashwin to Bopara, no run
Ashwin to Morgan, 1 run
Ashwin to Morgan, 2 runs
Ashwin to Morgan, FOUR runs
Ashwin to Bopara, 1 run
Ashwin to Bopara, FOUR runs
Praveen to Morgan, FOUR runs
Praveen to Bopara, 1 leg bye
Praveen to Morgan, 1 run
Praveen to Bopara, 1 run
Praveen to Morgan, 1 run
Praveen to Morgan, FOUR runs
Ashwin to Bopara, no run
Ashwin to Bopara, 2 runs
Ashwin to Bopara, 2 runs
Ashwin to Bopara, no run
Ashwin to Bopara, no run
Ashwin to Bopara, 2 runs
Kohli to Morgan, 2 runs
Kohli to Morgan, no run
Kohli to Bopara, 1 run
Kohli to Morgan, 1 run
Kohli to Morgan, FOUR runs
Kohli to Morgan, 2 runs
Ashwin to Bopara, no run
Ashwin to Bopara, no run
Ashwin to Morgan, 1 run
Ashwin to Bopara, 1 run
Ashwin to Morgan, 1 run
Ashwin to Bopara, 1 run
Kohli to Morgan, FOUR runs
Kohli to Bopara, 1 run
Kohli to Bopara, no run
Kohli to Bopara, 2 runs
Kohli to Morgan, 1 run
Kohli to Bopara, 1 run
Rohit Sharma to Bopara, 1 run
Rohit Sharma to Morgan, 1 run
Rohit Sharma to Morgan, SIX runs
Rohit Sharma to Morgan, FOUR runs
Rohit Sharma to Morgan, FOUR runs
Rohit Sharma to Bopara, 1 leg bye
Kohli to Bopara, 1 run
Kohli to Bopara, no run
Kohli to Bopara, no run
Kohli to Morgan, 1 leg bye
Kohli to Morgan, no run
Kohli to Bopara, 1 run
Kohli to Pietersen, 1 wide, OUT
Patel to Morgan, no run
Patel to Morgan, no run
Patel to Pietersen, 1 run
Patel to Morgan, 1 run
Patel to Morgan, no run
Patel to Kieswetter, OUT
Ashwin to Pietersen, FOUR runs
Ashwin to Kieswetter, 2 wide
Ashwin to Pietersen, 1 run
Ashwin to Kieswetter, 1 run
Ashwin to Kieswetter, 1 wide
Ashwin to Pietersen, 1 run
Ashwin to Pietersen, 1 wide
Ashwin to Pietersen, no run
Ashwin to Pietersen, FOUR runs
Vinay to Kieswetter, no run
Vinay to Kieswetter, FOUR runs
Vinay to Kieswetter, no run
Vinay to Kieswetter, FOUR runs
Vinay to Kieswetter, no run
Vinay to Pietersen, 1 run
Patel to Pietersen, 1 run
Patel to Pietersen, FOUR runs
Patel to Kieswetter, 1 run
Patel to Kieswetter, SIX runs
Patel to Pietersen, 1 run
Patel to Pietersen, FOUR runs
Praveen to Kieswetter, no run
Praveen to Pietersen, 1 run
Praveen to Pietersen, no run
Praveen to Kieswetter, 1 run
Praveen to Pietersen, 1 leg bye
Praveen to Pietersen, FOUR runs
Vinay to Pietersen, 1 leg bye
Vinay to Kieswetter, 1 run
Vinay to Kieswetter, no run
Vinay to Pietersen, 1 run
Vinay to Pietersen, 2 runs
Vinay to Pietersen, 2 runs
Praveen to Pietersen, 1 run
Praveen to Pietersen, 2 leg byes
Praveen to Pietersen, no run
Praveen to Pietersen, no run
Praveen to Hales, OUT
Praveen to Hales, no run
