Dernbach to Patel, OUT
Dernbach to Praveen, OUT
Dernbach to Praveen, no run
Dernbach to Vinay, 1 run
Bresnan to Vinay, 1 run
Bresnan to Vinay, no run
Bresnan to Vinay, no run
Bresnan to Praveen, 1 run
Bresnan to Praveen, no run
Bresnan to Raina, OUT
Dernbach to Ashwin, OUT
Dernbach to Ashwin, FOUR runs
Dernbach to Dhoni, OUT
Dernbach to Dhoni, FOUR runs
Dernbach to Raina, 1 leg bye
Dernbach to Raina, 4 leg byes
Bresnan to Dhoni, 2 runs
Bresnan to Raina, 1 run
Bresnan to Raina, SIX runs
Bresnan to Raina, SIX runs
Bresnan to Dhoni, 1 leg bye
Bresnan to Dhoni, no run
Bresnan to Dhoni, 1 wide
Swann to Dhoni, 1 run
Swann to Raina, 1 run
Swann to Raina, no run
Swann to Raina, no run
Swann to Dhoni, 1 run
Swann to Dhoni, no run
Broad to Raina, no run
Broad to Raina, 2 runs
Broad to Raina, FOUR runs
Broad to Raina, no run
Broad to Raina, no run
Broad to Raina, SIX runs
Swann to Rohit Sharma, OUT
Swann to Rohit Sharma, no run
Swann to Raina, 1 run
Swann to Rohit Sharma, 1 run
Swann to Raina, 1 run
Swann to Raina, FOUR runs
Broad to Raina, 1 run
Broad to Raina, 1 wide
Broad to Kohli, OUT
Broad to Kohli, 2 runs
Broad to Rahane, OUT
Broad to Rahane, no run
Broad to Kohli, 1 run
Bopara to Kohli, 1 run
Bopara to Kohli, no run
Bopara to Dravid, OUT
Bopara to Dravid, no run
Bopara to Rahane, 1 run
Bopara to Rahane, 2 runs
Patel to Dravid, SIX runs
Patel to Dravid, SIX runs
Patel to Dravid, SIX runs
Patel to Dravid, 2 runs
Patel to Rahane, 1 run
Patel to Dravid, 1 run
Swann to Dravid, 1 run
Swann to Rahane, 1 run
Swann to Rahane, 2 runs
Swann to Dravid, 1 run
Swann to Rahane, 1 run
Swann to Rahane, 2 runs
Patel to Rahane, 1 run
Patel to Rahane, 2 runs
Patel to Dravid, 1 run
Patel to Rahane, 1 run
Patel to Rahane, no run
Patel to Dravid, 1 run
Swann to Dravid, 1 run
Swann to Rahane, 1 run
Swann to Rahane, 2 runs
Swann to Rahane, FOUR runs
Swann to Dravid, 1 run
Swann to Rahane, 1 run
Patel to Rahane, 1 run
Patel to Rahane, 2 runs
Patel to Dravid, 1 run
Patel to Rahane, 1 run
Patel to Dravid, 1 run
Patel to Dravid, no run
Broad to Rahane, FOUR runs
Broad to Rahane, FOUR runs
Broad to Rahane, no run
Broad to Dravid, 1 run
Broad to Dravid, no run
Broad to Dravid, no run
Dernbach to Dravid, 1 run
Dernbach to Dravid, no run
Dernbach to Patel, OUT
Dernbach to Rahane, 1 run
Dernbach to Rahane, no run
Dernbach to Rahane, FOUR runs
Broad to Patel, no run
Broad to Rahane, 1 run
Broad to Rahane, FOUR runs
Broad to Rahane, no run
Broad to Rahane, FOUR runs
Broad to Rahane, 2 runs
Bresnan to Patel, no run
Bresnan to Patel, no run
Bresnan to Patel, FOUR runs
Bresnan to Rahane, 1 run
Bresnan to Rahane, FOUR runs
Bresnan to Rahane, no run
Dernbach to Patel, no run
Dernbach to Rahane, 1 run
Dernbach to Patel, 1 run
Dernbach to Rahane, 1 run
Dernbach to Rahane, FOUR runs
Dernbach to Rahane, no run
Bresnan to Rahane, 1 leg bye
Bresnan to Patel, 1 run
Bresnan to Patel, no run
Bresnan to Patel, no run
Bresnan to Patel, no run
Bresnan to Patel, FOUR runs
Bresnan to Patel, 1 wide
