Irfan to Pollard, 1 run, OUT
Irfan to Sammy, OUT
Irfan to Sammy, SIX runs
Irfan to Pollard, 1 run
Irfan to Pollard, 2 runs
Irfan to Pollard, SIX runs
Junaid to Sammy, 2 runs
Junaid to Sammy, FOUR runs
Junaid to Sammy, SIX runs
Junaid to Sammy, no run
Junaid to Sammy, 1 wide
Junaid to Sammy, SIX runs
Junaid to Pollard, 1 run
Ajmal to Sammy, no run
Ajmal to Sammy, no run
Ajmal to Pollard, 1 run
Ajmal to Sammy, 1 run
Ajmal to Sammy, no run
Ajmal to Pollard, 1 run
Ajmal to Pollard, 5 wide
Junaid to Sammy, FOUR runs
Junaid to Pollard, 1 leg bye
Junaid to Pollard, FOUR runs
Junaid to Pollard, no run
Junaid to Sammy, 1 run
Junaid to Sammy, no run
Babar to Pollard, no run
Babar to Dwayne Bravo, OUT
Babar to Dwayne Bravo, no run
Babar to Pollard, 1 run
Babar to Dwayne Bravo, 1 run
Babar to Dwayne Bravo, no run
Junaid to Dwayne Bravo, 1 leg bye
Junaid to Pollard, 1 leg bye
Junaid to Pollard, FOUR runs
Junaid to Pollard, no run
Junaid to Dwayne Bravo, 1 run
Junaid to Dwayne Bravo, no run
Afridi to Pollard, no run
Afridi to Pollard, 2 runs
Afridi to Dwayne Bravo, 1 run
Afridi to Pollard, 1 run
Afridi to Dwayne Bravo, 1 run
Afridi to Dwayne Bravo, no run
Ajmal to Pollard, FOUR runs
Ajmal to Dwayne Bravo, 1 run
Ajmal to Dwayne Bravo, no run
Ajmal to Pollard, 1 run
Ajmal to Pollard, no run
Ajmal to Dwayne Bravo, 1 run
Afridi to Dwayne Bravo, 1 run
Afridi to Dwayne Bravo, 2 runs
Afridi to Pollard, 1 run
Afridi to Dwayne Bravo, 1 run
Afridi to Dwayne Bravo, 2 byes
Afridi to Pollard, 1 run
Ajmal to Dwayne Bravo, no run
Ajmal to Dwayne Bravo, no run
Ajmal to Dwayne Bravo, no run
Ajmal to Dwayne Bravo, no run
Ajmal to Dwayne Bravo, FOUR runs
Ajmal to Dwayne Bravo, no run
Afridi to Pollard, SIX runs
Afridi to Dwayne Bravo, 1 run
Afridi to Pollard, 1 run
Afridi to Dwayne Bravo, 1 run
Afridi to Pollard, 1 run
Afridi to Pollard, no run
Babar to Dwayne Bravo, no run
Babar to Pollard, 1 run
Babar to Pollard, no run
Babar to Pollard, 2 runs
Babar to Pollard, no run
Babar to Dwayne Bravo, 1 run
Afridi to Pollard, no run
Afridi to Dwayne Bravo, 1 run
Afridi to Dwayne Bravo, no run
Afridi to Pollard, 1 run
Afridi to Pollard, no run
Afridi to Dwayne Bravo, 1 run
Babar to Dwayne Bravo, 1 run
Babar to Dwayne Bravo, no run
Babar to Pollard, 1 run
Babar to Pollard, FOUR runs
Babar to Samuels, OUT
Babar to Dwayne Bravo, 1 run
Ajmal to Samuels, no run
Ajmal to Samuels, no run
Ajmal to Samuels, FOUR runs
Ajmal to Samuels, no run
Ajmal to Samuels, no run
Ajmal to Samuels, no run
Babar to Dwayne Bravo, no run
Babar to Dwayne Bravo, FOUR runs
Babar to Simmons, OUT
Babar to Simmons, no run
Babar to Simmons, SIX runs
Babar to Simmons, no run
Irfan to Samuels, SIX runs
Irfan to Samuels, no run
Irfan to Samuels, no run
Irfan to Samuels, FOUR runs
Irfan to Samuels, FOUR runs
Irfan to Samuels, no run
Hafeez to Simmons, no run
Hafeez to Gayle, OUT
Hafeez to Samuels, 1 run
Hafeez to Samuels, no run
Hafeez to Samuels, no run
Hafeez to Samuels, no run
Irfan to Gayle, no run
Irfan to Gayle, no run
Irfan to Gayle, FOUR runs
Irfan to Samuels, 1 run
Irfan to Samuels, FOUR runs
Irfan to Samuels, no run
Hafeez to Gayle, no run
Hafeez to Samuels, 1 run
Hafeez to Samuels, no run
Hafeez to Charles, OUT
Hafeez to Gayle, 1 run
Hafeez to Charles, 1 run
