Samuels to Babar, SIX runs
Samuels to Ajmal, OUT
Samuels to Babar, 1 leg bye
Samuels to Babar, no run
Samuels to Babar, no run
Samuels to Babar, FOUR runs
Gabriel to Babar, 1 run
Gabriel to Babar, no run
Gabriel to Babar, no run
Gabriel to Babar, 1 wide
Gabriel to Babar, no run
Gabriel to Afridi, OUT
Gabriel to Afridi, 1 wide
Gabriel to Afridi, FOUR runs
Gabriel to Afridi, 3 wide
Narine to Babar, no run
Narine to Babar, no run
Narine to Babar, no run
Narine to Babar, no run
Narine to Afridi, 1 run
Narine to Afridi, 2 runs
Best to Afridi, 1 run
Best to Afridi, 1 wide
Best to Afridi, FOUR runs
Best to Afridi, 2 runs
Best to Babar, 1 run
Best to Babar, no run
Best to Afridi, 1 run
Narine to Afridi, 1 run
Narine to Afridi, no run
Narine to Afridi, no run
Narine to Afridi, SIX runs
Narine to Babar, 1 run
Narine to Babar, no run
Gabriel to Hammad, OUT
Gabriel to Afridi, 1 run
Gabriel to Afridi, 2 runs
Gabriel to Hammad, 1 run
Gabriel to Afridi, 1 run
Gabriel to Afridi, FOUR runs
Narine to Afridi, 1 run
Narine to Afridi, no run
Narine to Afridi, no run
Narine to Hammad, 1 run
Narine to Afridi, 1 run
Narine to Hammad, 1 run
Best to Hammad, 1 run
Best to Hammad, no run
Best to Afridi, 1 run
Best to Hammad, 1 run
Best to Afridi, 1 run
Best to Afridi, no run
Samuels to Afridi, 1 run
Samuels to Afridi, FOUR runs
Samuels to Hammad, 1 run
Samuels to Afridi, 1 run
Samuels to Afridi, SIX runs
Samuels to Umar Amin, OUT
Sammy to Umar Amin, 1 run
Sammy to Hammad, 1 run
Sammy to Umar Amin, 1 run
Sammy to Umar Amin, no run
Sammy to Hammad, 1 run
Sammy to Hammad, no run
Samuels to Umar Amin, 2 runs
Samuels to Umar Amin, no run
Samuels to Umar Amin, no run
Samuels to Umar Amin, no run
Samuels to Hammad, 1 run
Samuels to Hammad, no run
Best to Hammad, 1 run
Best to Hammad, no run
Best to Umar Amin, 1 run
Best to Umar Amin, no run
Best to Umar Akmal, OUT
Best to Umar Akmal, FOUR runs
Samuels to Umar Amin, no run
Samuels to Umar Akmal, 1 run
Samuels to Umar Amin, 1 run
Samuels to Umar Amin, FOUR runs
Samuels to Umar Amin, no run
Samuels to Umar Akmal, 1 run
Best to Umar Akmal, 1 run
Best to Umar Amin, 1 run
Best to Umar Akmal, 1 run
Best to Umar Amin, 1 leg bye
Best to Umar Akmal, 1 run
Best to Umar Akmal, no run
Badree to Umar Amin, FOUR runs
Badree to Umar Amin, no run
Badree to Umar Amin, FOUR runs
Badree to Umar Amin, FOUR runs
Badree to Umar Amin, no run
Badree to Umar Amin, FOUR runs
Narine to Umar Akmal, no run
Narine to Hafeez, OUT
Narine to Hafeez, FOUR runs
Narine to Hafeez, no run
Narine to Hafeez, FOUR runs
Narine to Umar Amin, 1 run
Badree to Umar Amin, 1 run
Badree to Umar Amin, no run
Badree to Hafeez, 1 run
Badree to Umar Amin, 1 run
Badree to Umar Amin, FOUR runs
Badree to Umar Amin, no run
Gabriel to Umar Amin, 1 run
Gabriel to Umar Amin, 1 wide
Gabriel to Umar Amin, no run
Gabriel to Umar Amin, FOUR runs
Gabriel to Umar Amin, no run
Gabriel to Umar Amin, 1 wide
Gabriel to Umar Amin, FOUR runs
Gabriel to Umar Amin, FOUR runs
Badree to Hafeez, no run
Badree to Hafeez, FOUR runs
Badree to Shehzad, OUT
Badree to Shehzad, no run
Badree to Shehzad, no run
Badree to Shehzad, no run
Gabriel to Shehzad, 1 run
Gabriel to Shehzad, 2 runs
Gabriel to Jamshed, OUT
Gabriel to Jamshed, no run
Gabriel to Jamshed, 1 wide
Gabriel to Jamshed, SIX runs
Gabriel to Jamshed, no run
