Ajmal to Rubel, no run
Ajmal to Nasir, 1 run
Ajmal to Nasir, no run
Ajmal to Nasir, no run
Ajmal to Nasir, no run
Ajmal to Nasir, SIX runs
Malik to Nasir, 1 run
Malik to Nasir, no run
Malik to Nasir, no run
Malik to Nasir, 2 runs
Malik to Nasir, no run
Malik to Nasir, 1 wide
Malik to Nasir, no run
Tanvir to Rubel, no run
Tanvir to Rubel, no run
Tanvir to Nasir, 1 run
Tanvir to Nasir, no run
Tanvir to Nasir, 2 runs
Tanvir to Nasir, 2 runs
Malik to Rubel, no run
Malik to Rubel, no run
Malik to Shafiul, OUT
Malik to Nasir, 1 run
Malik to Razzak, OUT
Malik to Razzak, 2 runs
Tanvir to Nasir, FOUR runs
Tanvir to Nasir, no run
Tanvir to Razzak, 1 run
Tanvir to Razzak, no run
Tanvir to Razzak, no run
Tanvir to Nasir, 1 run
Ajmal to Razzak, FOUR runs
Ajmal to Nasir, 1 run
Ajmal to Nasir, no run
Ajmal to Nasir, 2 runs
Ajmal to Razzak, 1 run
Ajmal to Razzak, no run
Afridi to Nasir, no run
Afridi to Razzak, 1 run
Afridi to Farhad, OUT
Afridi to Farhad, 2 runs
Afridi to Farhad, 4 leg byes
Afridi to Farhad, 2 runs
Ajmal to Nasir, no run
Ajmal to Nasir, no run
Ajmal to Farhad, 1 run
Ajmal to Farhad, 1 wide
Ajmal to Farhad, no run
Ajmal to Farhad, no run
Ajmal to Farhad, 1 wide
Ajmal to Farhad, no run
Afridi to Nasir, no run
Afridi to Farhad, 1 run
Afridi to Farhad, no run
Afridi to Mushfiqur, OUT
Afridi to Nasir, 1 run
Afridi to Mushfiqur, 1 run
Cheema to Nasir, no run
Cheema to Nasir, 2 runs
Cheema to Mushfiqur, 1 run
Cheema to Nasir, 1 run
Cheema to Mushfiqur, 1 run
Cheema to Mushfiqur, no run
Afridi to Nasir, no run
Afridi to Mushfiqur, 1 run
Afridi to Mushfiqur, no run
Afridi to Nasir, 1 run
Afridi to Nasir, 2 runs
Afridi to Mushfiqur, 1 run
Cheema to Nasir, no run
Cheema to Nasir, FOUR runs
Cheema to Nasir, no run
Cheema to Nasir, no run
Cheema to Nasir, no run
Cheema to Mahmudullah, OUT
Afridi to Mushfiqur, no run
Afridi to Mushfiqur, no run
Afridi to Mushfiqur, no run
Afridi to Mahmudullah, 1 run
Afridi to Mahmudullah, no run
Afridi to Mushfiqur, 1 run
Hafeez to Mushfiqur, 1 run
Hafeez to Mahmudullah, 1 run
Hafeez to Mushfiqur, 1 run
Hafeez to Mahmudullah, 1 leg bye
Hafeez to Shakib, OUT
Hafeez to Mushfiqur, 1 run
Ajmal to Mushfiqur, 1 run
Ajmal to Mushfiqur, no run
Ajmal to Mushfiqur, no run
Ajmal to Shakib, OUT
Ajmal to Shakib, no run
Ajmal to Shakib, no run
Hafeez to Imrul, no run
Hafeez to Shakib, 1 run
Hafeez to Imrul, 1 run
Hafeez to Shakib, 1 run
Hafeez to Shakib, no run
Hafeez to Shakib, no run
Umar Gul to Imrul, no run
Umar Gul to Imrul, 1 wide
Umar Gul to Imrul, 1 wide
Umar Gul to Shakib, 1 run
Umar Gul to Imrul, 1 run
Umar Gul to Shakib, 1 run
Umar Gul to Shakib, no run
Umar Gul to Shakib, no run
Hafeez to Shakib, 3 runs
Hafeez to Shakib, no run
Hafeez to Kapali, OUT
Hafeez to Imrul, 1 leg bye
Hafeez to Imrul, no run
Hafeez to Imrul, no run
Umar Gul to Kapali, no run
Umar Gul to Kapali, no run
Umar Gul to Md Naeem, OUT
Umar Gul to Md Naeem, no run
Umar Gul to Md Naeem, no run
Umar Gul to Md Naeem, 2 runs
Hafeez to Imrul, no run
Hafeez to Md Naeem, 1 run
Hafeez to Md Naeem, no run
Hafeez to Md Naeem, no run
Hafeez to Md Naeem, no run
Hafeez to Md Naeem, no run
