Shafiul to Umar Gul, FOUR runs
Shafiul to Umar Gul, 1 wide
Shafiul to Misbah, 1 run
Shafiul to Umar Gul, 1 leg bye
Shafiul to Misbah, 1 run
Shafiul to Tanvir, OUT
Shafiul to Misbah, 1 run
Shakib to Misbah, 1 run
Shakib to Misbah, FOUR runs
Shakib to Tanvir, 1 run
Shakib to Misbah, 1 run
Shakib to Tanvir, 1 run
Shakib to Misbah, 1 run
Kapali to Tanvir, no run
Kapali to Misbah, 1 run
Kapali to Misbah, no run
Kapali to Tanvir, 1 run
Kapali to Tanvir, no run
Kapali to Tanvir, no run
Razzak to Tanvir, 1 run
Razzak to Tanvir, no run
Razzak to Tanvir, no run
Razzak to Tanvir, no run
Razzak to Tanvir, no run
Razzak to Tanvir, 2 runs
Kapali to Afridi, OUT
Kapali to Misbah, 1 run
Kapali to Misbah, 2 runs
Kapali to Afridi, 1 run
Kapali to Afridi, 1 wide
Kapali to Misbah, 1 run
Kapali to Afridi, 1 run
Razzak to Misbah, no run
Razzak to Misbah, no run
Razzak to Afridi, 1 leg bye
Razzak to Afridi, SIX runs
Razzak to Afridi, no run
Razzak to Malik, OUT
Nasir to Malik, 1 run
Nasir to Misbah, 1 run
Nasir to Malik, 1 run
Nasir to Misbah, 1 run
Nasir to Misbah, 2 runs
Nasir to Shafiq, OUT
Nasir to Misbah, 2 wide
Kapali to Misbah, 1 run
Kapali to Shafiq, 1 run
Kapali to Misbah, 1 run
Kapali to Misbah, no run
Kapali to Umar Akmal, OUT
Kapali to Umar Akmal, no run
Mahmudullah to Umar Akmal, 1 run
Mahmudullah to Umar Akmal, FOUR runs
Mahmudullah to Shafiq, 1 run
Mahmudullah to Umar Akmal, 1 run
Mahmudullah to Umar Akmal, 2 runs
Mahmudullah to Shafiq, 1 run
Rubel to Umar Akmal, FOUR runs
Rubel to Umar Akmal, FOUR runs
Rubel to Shafiq, 1 run
Rubel to Shafiq, no run
Rubel to Shafiq, no run
Rubel to Umar Akmal, 1 run
Nasir to Umar Akmal, 1 run
Nasir to Umar Akmal, no run
Nasir to Umar Akmal, no run
Nasir to Umar Akmal, 2 runs
Nasir to Umar Akmal, no run
Nasir to Shafiq, 3 runs
Shakib to Hafeez, OUT
Shakib to Hafeez, no run
Shakib to Hafeez, no run
Shakib to Hafeez, no run
Shakib to Hafeez, no run
Shakib to Hafeez, no run
Rubel to Hafeez, 1 run
Rubel to Shafiq, 1 run
Rubel to Shafiq, no run
Rubel to Hafeez, (no ball) 1 run
Rubel to Hafeez, 2 runs
Rubel to Hafeez, no run
Rubel to Shafiq, 1 run
Shakib to Shafiq, 1 run
Shakib to Shafiq, no run
Shakib to Shafiq, 2 runs
Shakib to Shafiq, no run
Shakib to Shafiq, no run
Shakib to Shafiq, no run
Razzak to Hafeez, no run
Razzak to Hafeez, SIX runs
Razzak to Hafeez, no run
Razzak to Hafeez, no run
Razzak to Hafeez, no run
Razzak to Shafiq, 1 run
Farhad to Shafiq, 1 run
Farhad to Hafeez, 1 run
Farhad to Shafiq, 1 run
Farhad to Hafeez, 1 run
Farhad to Hafeez, 2 runs
Farhad to Hafeez, FOUR runs
Shakib to Shafiq, no run
Shakib to Shafiq, FOUR runs
Shakib to Farhat, OUT
Shakib to Farhat, FOUR runs
Shakib to Farhat, FOUR runs
Shakib to Farhat, no run
Shafiul to Hafeez, no run
Shafiul to Hafeez, no run
Shafiul to Hafeez, FOUR runs
Shafiul to Hafeez, 2 runs
Shafiul to Hafeez, no run
Shafiul to Farhat, 1 leg bye
Razzak to Hafeez, no run
Razzak to Hafeez, no run
Razzak to Hafeez, no run
Razzak to Farhat, 1 run
Razzak to Farhat, 1 wide
Razzak to Farhat, 2 runs
Razzak to Farhat, no run
Razzak to Farhat, 5 wide
Shafiul to Hafeez, no run
Shafiul to Hafeez, no run
Shafiul to Hafeez, no run
Shafiul to Farhat, 1 run
Shafiul to Farhat, FOUR runs
Shafiul to Hafeez, 1 run
