Aftab to McCullum, FOUR runs
Aftab to McCullum, FOUR runs
Shakib to Ingram, no run
Shakib to McCullum, 1 run
Shakib to McCullum, SIX runs
Shakib to Ingram, 1 run
Shakib to Ingram, no run
Shakib to McCullum, 1 run
Shahadat to Ingram, no run
Shahadat to Ingram, 2 runs
Shahadat to Ingram, no run
Shahadat to McCullum, 1 run
Shahadat to McCullum, SIX runs
Shahadat to McCullum, FOUR runs
Shakib to Ingram, FOUR runs
Shakib to McCullum, 1 run
Shakib to Ingram, 1 leg bye
Shakib to Ingram, no run
Shakib to Ingram, 2 runs
Shakib to Ingram, no run
Shahadat to McCullum, FOUR runs
Shahadat to McCullum, FOUR runs
Shahadat to McCullum, no run
Shahadat to McCullum, no run
Shahadat to Ingram, 1 run
Shahadat to Ingram, no run
Nazmul to McCullum, no run
Nazmul to Ingram, 1 leg bye
Nazmul to Ingram, no run
Nazmul to McCullum, 5 runs
Nazmul to McCullum, no run
Nazmul to McCullum, FOUR runs
Shafiul to Ingram, no run
Shafiul to McCullum, 1 run
Shafiul to Ingram, 1 run
Shafiul to Ingram, no run
Shafiul to Ingram, FOUR runs
Shafiul to McCullum, 1 run
Nazmul to McCullum, 1 run
Nazmul to McCullum, 2 runs
Nazmul to McCullum, no run
Nazmul to Ingram, 1 run
Nazmul to Ingram, FOUR runs
Nazmul to McCullum, 1 run
Shahadat to Ingram, no run
Shahadat to Ingram, no run
Shahadat to McCullum, 1 run
Shahadat to McCullum, no run
Shahadat to McCullum, FOUR runs
Shahadat to McCullum, 1 wide
Shahadat to McCullum, no run
