Oram to Raqibul, OUT
Oram to Raqibul, no run
Oram to Raqibul, SIX runs
Tuffey to Nazmul, no run
Tuffey to Nazmul, no run
Tuffey to Nazmul, no run
Tuffey to Shafiul, OUT
Tuffey to Shafiul, no run
Tuffey to Raqibul, 1 run
Oram to Shafiul, no run
Oram to Raqibul, 1 run
Oram to Shafiul, 1 run
Oram to Shafiul, no run
Oram to Raqibul, 1 run
Oram to Raqibul, FOUR runs
Vettori to Shafiul, no run
Vettori to Shafiul, no run
Vettori to Shafiul, no run
Vettori to Shafiul, no run
Vettori to Shahadat, OUT
Vettori to Shahadat, no run
McCullum to Raqibul, FOUR runs
McCullum to Raqibul, no run
McCullum to Raqibul, no run
McCullum to Shahadat, 1 run
McCullum to Mahmudullah, OUT
McCullum to Mahmudullah, no run
Oram to Mahmudullah, 1 run
Oram to Raqibul, 1 run
Oram to Raqibul, no run
Oram to Raqibul, no run
Oram to Md Naeem, OUT
Oram to Mahmudullah, 1 run
McCullum to Mahmudullah, 1 run
McCullum to Md Naeem, 1 run
McCullum to Md Naeem, no run
McCullum to Mahmudullah, 1 run
McCullum to Mahmudullah, no run
McCullum to Mahmudullah, no run
Vettori to Md Naeem, no run
Vettori to Md Naeem, no run
Vettori to Mahmudullah, 1 run
Vettori to Mahmudullah, no run
Vettori to Mahmudullah, no run
Vettori to Mahmudullah, no run
McCullum to Md Naeem, no run
McCullum to Mahmudullah, 1 run
McCullum to Mahmudullah, no run
McCullum to Mahmudullah, no run
McCullum to Mahmudullah, FOUR runs
McCullum to Md Naeem, 1 run
Vettori to Mahmudullah, no run
Vettori to Md Naeem, 1 run
Vettori to Md Naeem, no run
Vettori to Mahmudullah, 1 run
Vettori to Mahmudullah, no run
Vettori to Md Naeem, 1 run
McCullum to Mahmudullah, no run
McCullum to Mahmudullah, no run
McCullum to Mahmudullah, no run
McCullum to Mahmudullah, no run
McCullum to Md Naeem, 1 run
McCullum to Shakib, OUT
Vettori to Mushfiqur, OUT
Vettori to Shakib, 1 leg bye
Vettori to Ashraful, OUT
Vettori to Shakib, 1 run
Vettori to Ashraful, 1 run
Vettori to Ashraful, no run
Franklin to Shakib, 2 runs
Franklin to Shakib, no run
Franklin to Aftab, OUT
Franklin to Aftab, no run
Franklin to Aftab, SIX runs
Franklin to Aftab, no run
Tuffey to Ashraful, no run
Tuffey to Ashraful, FOUR runs
Tuffey to Aftab, 1 run
Tuffey to Aftab, FOUR runs
Tuffey to Aftab, no run
Tuffey to Ashraful, 1 run
Southee to Ashraful, 1 run
Southee to Aftab, 1 run
Southee to Aftab, no run
Southee to Aftab, no run
Southee to Aftab, no run
Southee to Ashraful, 1 leg bye
Tuffey to Aftab, no run
Tuffey to Aftab, no run
Tuffey to Aftab, no run
Tuffey to Tamim, OUT
Tuffey to Tamim, no run
Tuffey to Ashraful, 1 run
Southee to Tamim, no run
Southee to Tamim, FOUR runs
Southee to Tamim, no run
Southee to Tamim, FOUR runs
Southee to Tamim, FOUR runs
Southee to Ashraful, 1 run
Tuffey to Ashraful, 1 run
Tuffey to Ashraful, no run
Tuffey to Tamim, 1 run
Tuffey to Ashraful, 1 run
Tuffey to Ashraful, no run
Tuffey to Tamim, 1 run
