Oram to Taylor, OUT
Oram to Taylor, 2 runs
Oram to Taylor, 1 wide
Oram to Utseya, 1 run
Oram to Chakabva, OUT
Oram to Chakabva, no run
Oram to Chakabva, no run
Doug Bracewell to Chigumbura, OUT
Doug Bracewell to Chigumbura, no run
Doug Bracewell to Chigumbura, FOUR runs
Doug Bracewell to Chigumbura, no run
Doug Bracewell to Chigumbura, no run
Doug Bracewell to Taylor, 1 run
Oram to Taylor, 1 run
Oram to Chigumbura, 1 run
Oram to Chigumbura, no run
Oram to Chigumbura, 2 runs
Oram to Taylor, 1 run
Oram to Taylor, 2 runs
Doug Bracewell to Chigumbura, no run
Doug Bracewell to Chigumbura, no run
Doug Bracewell to Chigumbura, no run
Doug Bracewell to Chigumbura, 2 runs
Doug Bracewell to Chigumbura, 2 runs
Doug Bracewell to Chigumbura, 2 runs
Doug Bracewell to Taylor, (no ball) 1 run
McCullum to Taylor, 1 run
McCullum to Taylor, no run
McCullum to Chigumbura, 1 run
McCullum to Taylor, 1 run
McCullum to Taylor, no run
McCullum to Coventry, OUT
Woodcock to Taylor, FOUR runs
Woodcock to Coventry, 1 run
Woodcock to Coventry, no run
Woodcock to Coventry, FOUR runs
Woodcock to Taylor, 1 run
Woodcock to Coventry, 1 run
Mills to Coventry, 1 run
Mills to Coventry, no run
Mills to Coventry, no run
Mills to Taylor, 1 run
Mills to Taylor, no run
Mills to Coventry, 1 run
Franklin to Coventry, 1 run
Franklin to Coventry, no run
Franklin to Coventry, no run
Franklin to Taylor, (no ball) 1 run
Franklin to Taylor, FOUR runs
Franklin to Coventry, 1 run
Franklin to Taylor, 1 run
Franklin to Taylor, (no ball)
McCullum to Taylor, 1 run
McCullum to Waller, OUT
McCullum to Waller, no run
McCullum to Waller, no run
McCullum to Waller, SIX runs
McCullum to Taylor, 1 run
Woodcock to Taylor, 1 run
Woodcock to Waller, 1 run
Woodcock to Taylor, 1 run
Woodcock to Waller, 1 run
Woodcock to Waller, no run
Woodcock to Taylor, 3 runs
McCullum to Taylor, 1 run
McCullum to Taylor, no run
McCullum to Taylor, no run
McCullum to Taylor, no run
McCullum to Taylor, FOUR runs
McCullum to Waller, 1 run
Woodcock to Waller, 1 run
Woodcock to Waller, no run
Woodcock to Mutizwa, OUT
Woodcock to Taylor, 1 run
Woodcock to Taylor, FOUR runs
Woodcock to Mutizwa, 1 run
Oram to Mutizwa, 1 run
Oram to Taylor, 1 run
Oram to Taylor, 2 runs
Oram to Taylor, no run
Oram to Taylor, no run
Oram to Mutizwa, 1 run
Woodcock to Mutizwa, 1 run
Woodcock to Taylor, 1 run
Woodcock to Mutizwa, 1 run
Woodcock to Taylor, 1 run
Woodcock to Taylor, no run
Woodcock to Mutizwa, 1 run
Oram to Mutizwa, 1 run
Oram to Mutizwa, FOUR runs
Oram to Mutizwa, no run
Oram to Mutizwa, no run
Oram to Taylor, 1 run
Oram to Mutizwa, 3 runs
Mills to Mutizwa, 1 run
Mills to Mutizwa, no run
Mills to Mutizwa, no run
Mills to Taylor, 1 run
Mills to Mutizwa, 1 run
Mills to Chibhabha, OUT
Doug Bracewell to Taylor, no run
Doug Bracewell to Taylor, no run
Doug Bracewell to Taylor, no run
Doug Bracewell to Taylor, no run
Doug Bracewell to Taylor, FOUR runs
Doug Bracewell to Taylor, no run
Mills to Chibhabha, FOUR runs
Mills to Chibhabha, no run
Mills to Chibhabha, FOUR runs
Mills to Chibhabha, no run
Mills to Chibhabha, no run
Mills to Masakadza, OUT
Doug Bracewell to Masakadza, 1 run
Doug Bracewell to Masakadza, no run
Doug Bracewell to Masakadza, SIX runs
Doug Bracewell to Chibhabha, 1 run
Doug Bracewell to Chibhabha, no run
Doug Bracewell to Masakadza, 1 run
Mills to Chibhabha, no run
Mills to Chibhabha, no run
Mills to Chibhabha, no run
Mills to Chibhabha, no run
Mills to Masakadza, 1 run
Mills to Masakadza, no run
