Price to McCullum, SIX runs
Price to Guptill, 1 run
Price to Guptill, no run
Masakadza to McCullum, 2 runs
Masakadza to McCullum, no run
Masakadza to Guptill, 1 run
Masakadza to Guptill, SIX runs
Masakadza to Guptill, no run
Masakadza to McCullum, 1 run
Chibhabha to McCullum, 1 run
Chibhabha to McCullum, 2 runs
Chibhabha to McCullum, SIX runs
Chibhabha to McCullum, SIX runs
Chibhabha to Guptill, 1 run
Chibhabha to Guptill, FOUR runs
Jarvis to McCullum, SIX runs
Jarvis to McCullum, 2 runs
Jarvis to McCullum, no run
Jarvis to McCullum, FOUR runs
Jarvis to McCullum, 2 runs
Jarvis to McCullum, 1 wide
Jarvis to McCullum, no run
Utseya to McCullum, 1 run
Utseya to McCullum, no run
Utseya to McCullum, no run
Utseya to Guptill, 1 run
Utseya to Guptill, no run
Utseya to Guptill, FOUR runs
Chigumbura to McCullum, FOUR runs
Chigumbura to Guptill, 1 run
Chigumbura to McCullum, 1 run
Chigumbura to McCullum, FOUR runs
Chigumbura to McCullum, SIX runs
Chigumbura to McCullum, no run
Utseya to McCullum, 1 run
Utseya to McCullum, no run
Utseya to Guptill, 1 run
Utseya to Guptill, no run
Utseya to McCullum, 1 run
Utseya to Guptill, 1 run
Chigumbura to Guptill, 1 run
Chigumbura to McCullum, 1 run
Chigumbura to McCullum, no run
Chigumbura to Guptill, 1 run
Chigumbura to McCullum, 1 run
Chigumbura to McCullum, 2 runs
Price to McCullum, 1 run
Price to McCullum, no run
Price to McCullum, no run
Price to McCullum, no run
Price to Guptill, 1 run
Price to Guptill, SIX runs
Chigumbura to McCullum, 2 runs
Chigumbura to Guptill, 1 run
Chigumbura to Guptill, 1 wide
Chigumbura to Guptill, no run
Chigumbura to McCullum, 1 run
Chigumbura to McCullum, no run
Chigumbura to Guptill, 1 run
Price to McCullum, FOUR runs
Price to Guptill, 1 run
Price to Guptill, no run
Price to Guptill, no run
Price to McCullum, 1 leg bye
Price to Guptill, 1 run
Jarvis to McCullum, no run
Jarvis to McCullum, FOUR runs
Jarvis to Guptill, 1 run
Jarvis to Guptill, no run
Jarvis to McCullum, 1 run
Jarvis to McCullum, SIX runs
Price to Guptill, 2 runs
Price to McCullum, 1 run
Price to McCullum, no run
Price to Guptill, 1 run
Price to McCullum, 1 run
Price to McCullum, no run
Jarvis to Guptill, no run
Jarvis to Guptill, 1 wide
Jarvis to Guptill, 2 runs
Jarvis to Guptill, no run
Jarvis to Guptill, no run
Jarvis to Guptill, 1 wide
Jarvis to Guptill, no run
Jarvis to Guptill, no run
Jarvis to Guptill, (no ball)
