Watson to Dhoni, 2 runs
Watson to Dhoni, FOUR runs
Watson to Dhoni, no run
Watson to Yuvraj, 1 run
Faulkner to Dhoni, no run
Faulkner to Yuvraj, 1 run
Faulkner to Dhoni, 1 run
Faulkner to Yuvraj, 1 run
Faulkner to Yuvraj, FOUR runs
Faulkner to Dhoni, 1 run
Coulter-Nile to Yuvraj, SIX runs
Coulter-Nile to Dhoni, 1 run
Coulter-Nile to Yuvraj, 1 run
Coulter-Nile to Yuvraj, FOUR runs
Coulter-Nile to Yuvraj, 1 wide
Coulter-Nile to Yuvraj, no run
Coulter-Nile to Dhoni, 1 run
Faulkner to Yuvraj, no run
Faulkner to Yuvraj, 5 wide
Faulkner to Yuvraj, SIX runs
Faulkner to Yuvraj, SIX runs
Faulkner to Dhoni, 1 run
Faulkner to Yuvraj, 1 leg bye
Faulkner to Dhoni, 1 run
Doherty to Yuvraj, no run
Doherty to Yuvraj, FOUR runs
Doherty to Dhoni, 1 leg bye
Doherty to Yuvraj, 1 run
Doherty to Dhoni, 1 run
Doherty to Dhoni, no run
Coulter-Nile to Dhoni, 1 run
Coulter-Nile to Yuvraj, 1 run
Coulter-Nile to Yuvraj, 2 runs
Coulter-Nile to Yuvraj, FOUR runs
Coulter-Nile to Yuvraj, 1 wide
Coulter-Nile to Yuvraj, FOUR runs
Coulter-Nile to Yuvraj, no run
McKay to Dhoni, no run
McKay to Yuvraj, 1 run
McKay to Yuvraj, FOUR runs
McKay to Yuvraj, SIX runs
McKay to Yuvraj, SIX runs
McKay to Dhoni, 1 run
Watson to Dhoni, 1 run
Watson to Yuvraj, 1 run
Watson to Yuvraj, no run
Watson to Dhoni, 1 run
Watson to Dhoni, FOUR runs
Watson to Dhoni, 2 runs
McKay to Yuvraj, no run
McKay to Yuvraj, no run
McKay to Dhoni, 1 run
McKay to Yuvraj, 1 run
McKay to Yuvraj, FOUR runs
McKay to Kohli, OUT
Doherty to Kohli, 1 run
Doherty to Kohli, no run
Doherty to Kohli, no run
Doherty to Kohli, no run
Doherty to Kohli, 2 runs
Doherty to Kohli, SIX runs
Coulter-Nile to Yuvraj, FOUR runs
Coulter-Nile to Kohli, 1 run
Coulter-Nile to Kohli, no run
Coulter-Nile to Yuvraj, 1 run
Coulter-Nile to Kohli, 1 run
Coulter-Nile to Yuvraj, 1 run
Doherty to Yuvraj, 1 run
Doherty to Kohli, 1 run
Doherty to Yuvraj, 1 run
Doherty to S Dhawan, OUT
Doherty to S Dhawan, FOUR runs
Doherty to Kohli, 1 run
Doherty to Kohli, 1 wide
Henriques to S Dhawan, FOUR runs
Henriques to Kohli, 1 run
Henriques to Kohli, FOUR runs
Henriques to Kohli, 2 runs
Henriques to Kohli, no run
Henriques to Kohli, FOUR runs
Faulkner to Kohli, 1 run
Faulkner to S Dhawan, 1 run
Faulkner to Kohli, 1 run
Faulkner to S Dhawan, 1 run
Faulkner to Kohli, 1 run
Faulkner to S Dhawan, 1 run
Coulter-Nile to Kohli, 2 runs
Coulter-Nile to Kohli, no run
Coulter-Nile to S Dhawan, 1 run
Coulter-Nile to Raina, OUT
Coulter-Nile to Raina, SIX runs
Coulter-Nile to Raina, no run
Faulkner to Raina, 1 leg bye
Faulkner to S Dhawan, 1 run
Faulkner to Raina, 1 leg bye
Faulkner to S Dhawan, 1 run
Faulkner to Raina, 1 run
Faulkner to Raina, no run
McKay to S Dhawan, no run
McKay to Raina, 1 run
McKay to Raina, FOUR runs
McKay to S Dhawan, 1 run
McKay to S Dhawan, FOUR runs
McKay to S Dhawan, FOUR runs
Watson to Raina, FOUR runs
Watson to S Dhawan, 1 run
Watson to S Dhawan, FOUR runs
Watson to Raina, 1 run
Watson to Raina, no run
Watson to S Dhawan, 1 run
McKay to Raina, 2 runs
McKay to Rohit Sharma, OUT
McKay to S Dhawan, 1 run
McKay to S Dhawan, 2 runs
McKay to Rohit Sharma, 1 run
McKay to Rohit Sharma, SIX runs
Watson to S Dhawan, no run
Watson to Rohit Sharma, 1 run
Watson to Rohit Sharma, no run
Watson to Rohit Sharma, 1 wide
Watson to Rohit Sharma, no run
Watson to Rohit Sharma, no run
Watson to Rohit Sharma, no run
