Sharma to Faulkner, SIX runs
Sharma to Coulter-Nile, 1 run
Sharma to Faulkner, 1 run
Sharma to Coulter-Nile, 1 run
Sharma to Coulter-Nile, 2 runs
Sharma to Coulter-Nile, no run
Vinay to Coulter-Nile, 1 run
Vinay to Coulter-Nile, no run
Vinay to Coulter-Nile, FOUR runs
Vinay to Faulkner, 1 run
Vinay to Coulter-Nile, 1 run
Vinay to Faulkner, 1 run
Bhuvneshwar to Faulkner, 1 run
Bhuvneshwar to Coulter-Nile, 1 run
Bhuvneshwar to Henriques, OUT
Bhuvneshwar to Henriques, no run
Bhuvneshwar to Henriques, FOUR runs
Bhuvneshwar to Henriques, no run
Vinay to Coulter-Nile, no run
Vinay to Henriques, 1 run
Vinay to Coulter-Nile, 1 run
Vinay to Finch, OUT
Vinay to Henriques, 1 run
Vinay to Finch, 1 run
Sharma to Finch, 1 run
Sharma to Finch, FOUR runs
Sharma to Henriques, 1 run
Sharma to Finch, 1 run
Sharma to Finch, FOUR runs
Sharma to Finch, FOUR runs
Jadeja to Finch, 1 run
Jadeja to Henriques, 1 run
Jadeja to Finch, 1 run
Jadeja to Henriques, 1 run
Jadeja to Henriques, 2 runs
Jadeja to Henriques, no run
Bhuvneshwar to Finch, no run
Bhuvneshwar to Finch, FOUR runs
Bhuvneshwar to Henriques, 1 run
Bhuvneshwar to Haddin, OUT
Bhuvneshwar to Finch, 1 run
Bhuvneshwar to Finch, 2 runs
Kohli to Finch, 1 run
Kohli to Haddin, 2 wide
Kohli to Finch, 1 run
Kohli to Finch, FOUR runs
Kohli to Haddin, 1 run
Kohli to Finch, 1 run
Kohli to Finch, FOUR runs
Jadeja to Haddin, FOUR runs
Jadeja to Finch, 1 run
Jadeja to Finch, no run
Jadeja to Maxwell, OUT
Jadeja to Maxwell, no run
Jadeja to Maxwell, no run
Kohli to Finch, no run
Kohli to Maxwell, 1 run
Kohli to Maxwell, SIX runs
Kohli to Maxwell, no run
Kohli to Finch, 1 run
Kohli to Finch, 2 runs
Ashwin to Maxwell, no run
Ashwin to Maxwell, SIX runs
Ashwin to Maxwell, no run
Ashwin to Maxwell, SIX runs
Ashwin to Maxwell, SIX runs
Ashwin to Finch, 2 wide
Ashwin to Finch, FOUR runs
Jadeja to Finch, 1 run
Jadeja to Maxwell, 1 run
Jadeja to Finch, 1 run
Jadeja to Finch, no run
Jadeja to Finch, no run
Jadeja to Maxwell, 1 run
Vinay to Finch, 2 runs
Vinay to Bailey, OUT
Vinay to Bailey, no run
Vinay to Bailey, no run
Vinay to Watson, OUT
Vinay to Watson, 1 wide
Vinay to Finch, 1 run
Jadeja to Finch, 1 run
Jadeja to Finch, no run
Jadeja to Finch, SIX runs
Jadeja to Finch, no run
Jadeja to Watson, 1 run
Jadeja to Watson, no run
Sharma to Finch, FOUR runs
Sharma to Watson, 1 run
Sharma to Finch, 1 run
Sharma to Finch, no run
Sharma to Finch, FOUR runs
Sharma to Finch, FOUR runs
Bhuvneshwar to Watson, FOUR runs
Bhuvneshwar to Maddinson, OUT
Bhuvneshwar to Maddinson, FOUR runs
Bhuvneshwar to Finch, 1 run
Bhuvneshwar to Maddinson, 1 run
Bhuvneshwar to Finch, 1 run
Bhuvneshwar to Finch, 1 wide
Sharma to Finch, 1 run
Sharma to Maddinson, 1 run
Sharma to Maddinson, no run
Sharma to Maddinson, no run
Sharma to Maddinson, FOUR runs
Sharma to Maddinson, SIX runs
Ashwin to Finch, FOUR runs
Ashwin to Finch, no run
Ashwin to Finch, FOUR runs
Ashwin to Finch, FOUR runs
Ashwin to Maddinson, 1 run
Ashwin to Maddinson, FOUR runs
Vinay to Finch, no run
Vinay to Maddinson, 1 run
Vinay to Maddinson, FOUR runs
Vinay to Maddinson, FOUR runs
Vinay to Maddinson, no run
Vinay to Finch, 1 run
Bhuvneshwar to Maddinson, FOUR runs
Bhuvneshwar to Maddinson, no run
Bhuvneshwar to Finch, 1 run
Bhuvneshwar to Finch, FOUR runs
Bhuvneshwar to Finch, no run
Bhuvneshwar to Finch, no run
