Gayle to Sangakkara, 2 runs
Gayle to Sangakkara, no run
Rampaul to Mahela Jayawardene, FOUR runs
Rampaul to Mahela Jayawardene, FOUR runs
Rampaul to Sangakkara, 1 bye
Rampaul to Sangakkara, no run
Rampaul to Sangakkara, FOUR runs
Rampaul to Sangakkara, FOUR runs
Sammy to Sangakkara, 1 run
Sammy to Mahela Jayawardene, 1 run
Sammy to Mahela Jayawardene, SIX runs
Sammy to Sangakkara, 1 run
Sammy to Sangakkara, 1 wide
Sammy to Sangakkara, 2 runs
Sammy to Mahela Jayawardene, 1 run
Russell to Mahela Jayawardene, 1 run
Russell to Mahela Jayawardene, FOUR runs
Russell to Mahela Jayawardene, no run
Russell to Sangakkara, 1 run
Russell to Mahela Jayawardene, 1 run
Russell to Mahela Jayawardene, FOUR runs
Sammy to Mahela Jayawardene, 1 run
Sammy to Mahela Jayawardene, no run
Sammy to Sangakkara, 1 leg bye
Sammy to Sangakkara, no run
Sammy to Sangakkara, 2 runs
Sammy to Sangakkara, no run
Narine to Mahela Jayawardene, no run
Narine to Mahela Jayawardene, no run
Narine to Sangakkara, 1 run
Narine to Sangakkara, no run
Narine to Sangakkara, no run
Narine to Mahela Jayawardene, 1 run
Sammy to Sangakkara, no run
Sammy to Mahela Jayawardene, 1 run
Sammy to Mahela Jayawardene, FOUR runs
Sammy to Mahela Jayawardene, no run
Sammy to Mahela Jayawardene, no run
Sammy to Sangakkara, 1 run
Narine to Mahela Jayawardene, no run
Narine to Mahela Jayawardene, 2 runs
Narine to Mahela Jayawardene, FOUR runs
Narine to Mahela Jayawardene, no run
Narine to Mahela Jayawardene, no run
Narine to Mahela Jayawardene, no run
Sammy to Sangakkara, no run
Sammy to Mahela Jayawardene, 1 bye
Sammy to Sangakkara, 1 run
Sammy to Sangakkara, no run
Sammy to Sangakkara, FOUR runs
Sammy to Mahela Jayawardene, 1 run
Narine to Sangakkara, FOUR runs
Narine to Sangakkara, no run
Narine to Mahela Jayawardene, 1 run
Narine to Mahela Jayawardene, no run
Narine to Sangakkara, 1 run
Narine to Mahela Jayawardene, 1 run
Edwards to Mahela Jayawardene, 3 runs
Edwards to Mahela Jayawardene, FOUR runs
Edwards to Mahela Jayawardene, no run
Edwards to Mahela Jayawardene, no run
Edwards to Mahela Jayawardene, 5 wide
Edwards to Mahela Jayawardene, no run
Edwards to Mahela Jayawardene, no run
Rampaul to Sangakkara, 2 runs
Rampaul to Sangakkara, no run
Rampaul to Mahela Jayawardene, 1 run
Rampaul to Mahela Jayawardene, no run
Rampaul to Mahela Jayawardene, FOUR runs
Rampaul to Mahela Jayawardene, FOUR runs
Narine to Sangakkara, no run
Narine to Sangakkara, 2 runs
Narine to Sangakkara, FOUR runs
Narine to Sangakkara, no run
Narine to Mahela Jayawardene, 1 run
Narine to Sangakkara, 1 run
Rampaul to Sangakkara, 1 run
Rampaul to Sangakkara, 1 wide
Rampaul to Dilshan, OUT
Rampaul to Mahela Jayawardene, 1 run
Rampaul to Dilshan, 1 run
Rampaul to Dilshan, no run
Rampaul to Dilshan, 1 wide
Rampaul to Mahela Jayawardene, 1 run
Edwards to Dilshan, no run
Edwards to Dilshan, no run
Edwards to Dilshan, no run
Edwards to Dilshan, FOUR runs
Edwards to Dilshan, FOUR runs
Edwards to Dilshan, FOUR runs
Rampaul to Mahela Jayawardene, no run
Rampaul to Mahela Jayawardene, FOUR runs
Rampaul to Mahela Jayawardene, 1 wide
Rampaul to Mahela Jayawardene, no run
Rampaul to Mahela Jayawardene, no run
Rampaul to Mahela Jayawardene, no run
Rampaul to Mahela Jayawardene, 1 wide
Rampaul to Mahela Jayawardene, no run
