Angelo Mathews to Sammy, 1 run
Angelo Mathews to Russell, 1 run
Angelo Mathews to Russell, 2 runs
Angelo Mathews to Russell, 2 runs
Angelo Mathews to Samuels, OUT
Angelo Mathews to Russell, 1 run
Malinga to Russell, 1 run
Malinga to Russell, no run
Malinga to Samuels, 1 run
Malinga to Samuels, no run
Malinga to Russell, 1 run
Malinga to Russell, no run
Kulasekara to Samuels, FOUR runs
Kulasekara to Samuels, FOUR runs
Kulasekara to Samuels, no run
Kulasekara to Samuels, SIX runs
Kulasekara to Russell, 1 run
Kulasekara to Russell, SIX runs
Malinga to Samuels, 2 runs
Malinga to Russell, 1 run
Malinga to Samuels, 1 run
Malinga to Russell, 1 run
Malinga to Samuels, 1 run
Malinga to Russell, 1 run
Mendis to Russell, 1 run
Mendis to Pollard, OUT
Mendis to Pollard, no run
Mendis to Pollard, no run
Mendis to Pollard, no run
Mendis to Pollard, no run
Jeevan Mendis to Samuels, 2 runs
Jeevan Mendis to Samuels, SIX runs
Jeevan Mendis to Pollard, 1 run
Jeevan Mendis to Dwayne Bravo, OUT
Jeevan Mendis to Dwayne Bravo, no run
Jeevan Mendis to Samuels, 1 run
Angelo Mathews to Dwayne Bravo, 2 runs
Angelo Mathews to Dwayne Bravo, FOUR runs
Angelo Mathews to Samuels, 1 run
Angelo Mathews to Dwayne Bravo, 1 bye
Angelo Mathews to Samuels, 1 run
Angelo Mathews to Samuels, no run
Malinga to Samuels, 1 run
Malinga to Samuels, no run
Malinga to Dwayne Bravo, 1 run
Malinga to Samuels, 1 run
Malinga to Samuels, FOUR runs
Malinga to Dwayne Bravo, 1 run
Mendis to Dwayne Bravo, 1 run
Mendis to Dwayne Bravo, no run
Mendis to Dwayne Bravo, SIX runs
Mendis to Samuels, 1 leg bye
Mendis to Samuels, no run
Mendis to Samuels, no run
Jeevan Mendis to Dwayne Bravo, no run
Jeevan Mendis to Dwayne Bravo, no run
Jeevan Mendis to Dwayne Bravo, no run
Jeevan Mendis to Dwayne Bravo, no run
Jeevan Mendis to Samuels, 1 run
Jeevan Mendis to Dwayne Bravo, 1 run
Herath to Samuels, 2 runs
Herath to Dwayne Bravo, 1 run
Herath to Samuels, 1 run
Herath to Samuels, no run
Herath to Dwayne Bravo, 1 run
Herath to Dwayne Bravo, SIX runs
Mendis to Samuels, no run
Mendis to Dwayne Bravo, 1 run
Mendis to Dwayne Bravo, no run
Mendis to Dwayne Bravo, no run
Mendis to Samuels, 1 run
Mendis to Samuels, 2 runs
Herath to Dwayne Bravo, no run
Herath to Dwayne Bravo, no run
Herath to Dwayne Bravo, no run
Herath to Dwayne Bravo, FOUR runs
Herath to Dwayne Bravo, no run
Herath to Samuels, 1 run
Angelo Mathews to Dwayne Bravo, 2 runs
Angelo Mathews to Dwayne Bravo, FOUR runs
Angelo Mathews to Samuels, 1 run
Angelo Mathews to Samuels, FOUR runs
Angelo Mathews to Dwayne Bravo, 1 run
Angelo Mathews to Samuels, 1 run
Kulasekara to Dwayne Bravo, no run
Kulasekara to Dwayne Bravo, no run
Kulasekara to Dwayne Bravo, no run
Kulasekara to Dwayne Bravo, no run
Kulasekara to Dwayne Bravo, FOUR runs
Kulasekara to Gayle, OUT
Mendis to Samuels, no run
Mendis to Charles, OUT
Mendis to Charles, no run
Mendis to Gayle, 1 leg bye
Mendis to Charles, 1 leg bye
Mendis to Charles, no run
Kulasekara to Gayle, no run
Kulasekara to Charles, 1 run
Kulasekara to Charles, no run
Kulasekara to Charles, no run
Kulasekara to Gayle, 1 run
Kulasekara to Gayle, no run
Malinga to Charles, no run
Malinga to Charles, no run
Malinga to Charles, FOUR runs
Malinga to Charles, no run
Malinga to Charles, no run
Malinga to Charles, FOUR runs
Kulasekara to Gayle, no run
Kulasekara to Gayle, no run
Kulasekara to Gayle, no run
Kulasekara to Charles, 1 run
Kulasekara to Charles, no run
Kulasekara to Charles, no run
Angelo Mathews to Charles, 1 run
Angelo Mathews to Gayle, 1 run
Angelo Mathews to Charles, 1 run
Angelo Mathews to Charles, no run
Angelo Mathews to Charles, no run
Angelo Mathews to Charles, no run
