Mills to Botha, 1 run
Mills to Botha, SIX runs
Mills to Botha, FOUR runs
Mills to Botha, 2 runs
Mills to Morkel, 1 run
Mills to Botha, 1 run
Doug Bracewell to Botha, 1 leg bye
Doug Bracewell to Botha, no run
Doug Bracewell to Morkel, 1 run
Doug Bracewell to Morkel, no run
Doug Bracewell to Morkel, no run
Doug Bracewell to Botha, 1 leg bye
Southee to Morkel, 2 runs
Southee to Duminy, OUT
Southee to Morkel, 1 run
Southee to Duminy, 1 run
Southee to Duminy, FOUR runs
Southee to Duminy, FOUR runs
Mills to Duminy, 1 run
Mills to Morkel, 1 run
Mills to Morkel, no run
Mills to Morkel, no run
Mills to Morkel, FOUR runs
Mills to Duminy, 1 run
Southee to Duminy, 1 run
Southee to Duminy, FOUR runs
Southee to Morkel, 1 run
Southee to Morkel, 2 runs
Southee to Ontong, OUT
Southee to Duminy, 1 run
Williamson to Ontong, SIX runs
Williamson to Ontong, SIX runs
Williamson to Ontong, SIX runs
Williamson to Ontong, SIX runs
Williamson to Duminy, 1 run
Williamson to Ontong, 1 run
Nicol to Duminy, no run
Nicol to Ontong, 1 run
Nicol to Ontong, no run
Nicol to Ontong, no run
Nicol to Ontong, 1 run
Nicol to Duminy, 1 run
Williamson to Ontong, no run
Williamson to Duminy, 1 run
Williamson to Duminy, no run
Williamson to Duminy, no run
Williamson to Duminy, no run
Williamson to Duminy, no run
Doug Bracewell to Duminy, 1 run
Doug Bracewell to Ontong, 1 run
Doug Bracewell to Ontong, no run
Doug Bracewell to Duminy, 1 run
Doug Bracewell to Ontong, 1 run
Doug Bracewell to Duminy, 1 run
Hira to Duminy, 1 run
Hira to Ontong, 1 run
Hira to Duminy, 1 run
Hira to Duminy, 2 runs
Hira to Duminy, 2 runs
Hira to Duminy, 2 runs
Doug Bracewell to Duminy, 1 leg bye
Doug Bracewell to Ontong, 1 run
Doug Bracewell to Duminy, 1 run
Doug Bracewell to Ontong, 1 run
Doug Bracewell to Duminy, 1 run
Doug Bracewell to Duminy, no run
Hira to de Villiers, OUT
Hira to de Villiers, no run
Hira to de Villiers, no run
Hira to Duminy, 1 run
Hira to de Villiers, 1 run
Hira to Duminy, 1 run
Southee to Duminy, 1 run
Southee to de Villiers, 1 run
Southee to Duminy, 1 run
Southee to de Villiers, 1 run
Southee to de Villiers, no run
Southee to Duminy, 1 run
McCullum to Duminy, 1 run
McCullum to de Villiers, 1 run
McCullum to Duminy, 1 run
McCullum to de Villiers, 1 run
McCullum to Duminy, 1 run
McCullum to de Villiers, 1 run
Southee to Levi, OUT
Southee to de Villiers, 1 run
Southee to de Villiers, no run
Southee to Levi, 1 run
Southee to Levi, no run
Southee to de Villiers, 1 leg bye
McCullum to de Villiers, 1 run
McCullum to de Villiers, no run
McCullum to de Villiers, no run
McCullum to de Villiers, no run
McCullum to Ingram, OUT
McCullum to Ingram, no run
Mills to Levi, FOUR runs
Mills to Levi, no run
Mills to Levi, SIX runs
Mills to Amla, OUT
Mills to Amla, SIX runs
Mills to Amla, no run
McCullum to Amla, 1 run
McCullum to Amla, no run
McCullum to Amla, FOUR runs
McCullum to Levi, 1 run
McCullum to Amla, 1 run
McCullum to Amla, no run
Mills to Amla, 1 leg bye
Mills to Amla, FOUR runs
Mills to Levi, 1 run
Mills to Levi, no run
Mills to Amla, 1 run
Mills to Levi, 1 leg bye
McCullum to Amla, no run
McCullum to Amla, no run
McCullum to Amla, 2 runs
McCullum to Amla, no run
McCullum to Levi, 1 leg bye
McCullum to Levi, no run
