Botha to Franklin, FOUR runs
Botha to Franklin, 2 runs
Morkel to Guptill, 2 runs
Morkel to Franklin, 1 run
Morkel to Guptill, 1 run
Morkel to Franklin, 1 run
Morkel to Guptill, 1 run
Morkel to de Grandhomme, OUT
Theron to Guptill, FOUR runs
Theron to Guptill, no run
Theron to Guptill, 2 runs
Theron to de Grandhomme, 1 run
Theron to Guptill, 1 run
Theron to de Grandhomme, 1 run
Morkel to Williamson, OUT
Morkel to Williamson, FOUR runs
Morkel to Guptill, 1 run
Morkel to Guptill, 1 wide
Morkel to Williamson, 1 leg bye
Morkel to Williamson, 2 runs
Morkel to Williamson, no run
Theron to Williamson, 1 leg bye
Theron to Williamson, no run
Theron to Williamson, no run
Theron to Guptill, 1 run
Theron to Williamson, 1 run
Theron to Williamson, 2 runs
Duminy to Williamson, 1 run
Duminy to Guptill, 1 run
Duminy to Williamson, 1 run
Duminy to Williamson, FOUR runs
Duminy to Williamson, no run
Duminy to Williamson, FOUR runs
Morkel to Guptill, 2 runs
Morkel to Guptill, no run
Morkel to Williamson, 1 run
Morkel to Williamson, 2 runs
Morkel to Williamson, no run
Morkel to Williamson, no run
Duminy to Guptill, FOUR runs
Duminy to Williamson, 1 run
Duminy to Guptill, 1 run
Duminy to Williamson, 1 run
Duminy to McCullum, OUT
Duminy to McCullum, 2 runs
Theron to McCullum, 1 run
Theron to Guptill, 1 run
Theron to McCullum, 1 run
Theron to McCullum, 2 runs
Theron to Guptill, 1 run
Theron to McCullum, 1 run
Botha to McCullum, 1 run
Botha to McCullum, no run
Botha to Guptill, 1 run
Botha to McCullum, 1 run
Botha to McCullum, no run
Botha to Guptill, 1 run
Morkel to McCullum, no run
Morkel to Guptill, 1 run
Morkel to Guptill, SIX runs
Morkel to McCullum, 1 run
Morkel to McCullum, 2 runs
Morkel to McCullum, no run
Morkel to Guptill, (no ball) 1 run
Botha to McCullum, 2 runs
Botha to Guptill, 1 run
Botha to Guptill, no run
Botha to Guptill, FOUR runs
Botha to McCullum, 1 run
Botha to Guptill, 1 run
Theron to Guptill, 1 run
Theron to Guptill, 2 runs
Theron to McCullum, (no ball) 1 run
Theron to Guptill, 1 run
Theron to Guptill, no run
Theron to Guptill, no run
Theron to Guptill, 1 wide
Theron to Nicol, OUT
Botha to Nicol, 1 run
Botha to Guptill, 1 run
Botha to Guptill, no run
Botha to Nicol, 1 run
Botha to Guptill, 1 run
Botha to Nicol, 1 run
Tsotsobe to Guptill, no run
Tsotsobe to Guptill, SIX runs
Tsotsobe to Nicol, 1 run
Tsotsobe to Guptill, 1 run
Tsotsobe to Guptill, SIX runs
Tsotsobe to Guptill, no run
Morkel to Nicol, no run
Morkel to Guptill, 1 leg bye
Morkel to Guptill, no run
Morkel to Guptill, no run
Morkel to Guptill, no run
Morkel to Guptill, no run
Tsotsobe to Guptill, 1 run
Tsotsobe to Nicol, 1 run
Tsotsobe to Nicol, FOUR runs
Tsotsobe to Nicol, no run
Tsotsobe to Nicol, no run
Tsotsobe to Guptill, 1 run
Morkel to Nicol, 2 runs
Morkel to Nicol, no run
Morkel to Nicol, no run
Morkel to Guptill, 1 run
Morkel to Guptill, SIX runs
Morkel to Guptill, FOUR runs
Tsotsobe to Nicol, no run
Tsotsobe to Guptill, 1 run
Tsotsobe to Guptill, FOUR runs
Tsotsobe to Nicol, 1 run
Tsotsobe to Nicol, no run
Tsotsobe to Guptill, 1 run
Morkel to Guptill, 1 run
Morkel to Guptill, no run
Morkel to Guptill, no run
Morkel to Guptill, no run
Morkel to Nicol, 1 run
Morkel to Nicol, no run
