Hussey to McCullum, FOUR runs
Hussey to McCullum, no run
Hussey to McCullum, SIX runs
Hussey to McCullum, no run
Hussey to McCullum, 1 run
Hussey to McCullum, 1 run
Tait to McCullum, 1 leg bye
Tait to McCullum, 1 wide
Tait to McCullum, 1 run
Tait to McCullum, SIX runs
Tait to McCullum, 1 run
Tait to McCullum, 1 run
Tait to McCullum, 2 wide
Tait to McCullum, (no ball) 1 run
Tait to McCullum, SIX runs
Harris to McCullum, 1 run
Harris to McCullum, FOUR runs
Harris to McCullum, FOUR runs
Harris to McCullum, SIX runs
Harris to McCullum, no run
Harris to McCullum, 1 run
Tait to McCullum, no run
Tait to McCullum, 1 run
Tait to Oram, OUT
Tait to Oram, no run
Tait to McCullum, 1 run
Tait to McCullum, FOUR runs
Nannes to McCullum, 1 run
Nannes to McCullum, SIX runs
Nannes to McCullum, SIX runs
Nannes to Oram, 1 leg bye
Nannes to Hopkins, OUT
Nannes to Hopkins, 2 runs
Harris to Hopkins, 1 run
Harris to Hopkins, SIX runs
Harris to McCullum, 1 run
Harris to McCullum, 1 wide
Harris to McCullum, FOUR runs
Harris to Hopkins, 1 run
Harris to Hopkins, FOUR runs
Christian to Hopkins, 1 run
Christian to Hopkins, SIX runs
Christian to McCullum, 1 run
Christian to McCullum, SIX runs
Christian to McCullum, FOUR runs
Christian to Hopkins, 1 run
Smith to McCullum, no run
Smith to McCullum, FOUR runs
Smith to Hopkins, 1 run
Smith to McCullum, 1 run
Smith to McCullum, FOUR runs
Smith to Hopkins, 1 run
Christian to McCullum, no run
Christian to McCullum, 4 leg byes
Christian to Hopkins, 1 run
Christian to McCullum, 1 run
Christian to Hopkins, 1 run
Christian to Hopkins, FOUR runs
Smith to Hopkins, 1 run
Smith to McCullum, 1 run
Smith to Hopkins, 1 run
Smith to Hopkins, FOUR runs
Smith to Franklin, OUT
Smith to Franklin, FOUR runs
Hussey to Franklin, 1 run
Hussey to Franklin, no run
Hussey to Franklin, no run
Hussey to McCullum, 1 run
Hussey to Franklin, 1 run
Hussey to Franklin, no run
Smith to Franklin, 1 run
Smith to Taylor, OUT
Smith to Taylor, no run
Smith to Taylor, no run
Smith to McCullum, 1 run
Smith to McCullum, no run
Hussey to Taylor, FOUR runs
Hussey to Taylor, no run
Hussey to Taylor, 2 runs
Hussey to Taylor, no run
Hussey to Taylor, no run
Hussey to Taylor, no run
Harris to McCullum, no run
Harris to McCullum, no run
Harris to McCullum, no run
Harris to McCullum, no run
Harris to Guptill, OUT
Harris to Guptill, no run
Nannes to Guptill, 1 run
Nannes to McCullum, 1 leg bye
Nannes to McCullum, SIX runs
Nannes to McCullum, FOUR runs
Nannes to Guptill, 1 run
Nannes to McCullum, 1 run
Harris to Guptill, no run
Harris to Guptill, FOUR runs
Harris to Guptill, no run
Harris to McCullum, 1 run
Harris to Guptill, 1 run
Harris to Guptill, no run
Nannes to McCullum, FOUR runs
Nannes to McCullum, no run
Nannes to Guptill, 1 run
Nannes to McCullum, 1 leg bye
Nannes to McCullum, no run
Nannes to McCullum, FOUR runs
Tait to Guptill, FOUR runs
Tait to Guptill, FOUR runs
Tait to Guptill, no run
Tait to Guptill, no run
Tait to Guptill, no run
Tait to Guptill, no run
Nannes to McCullum, no run
Nannes to McCullum, FOUR runs
Nannes to McCullum, no run
Nannes to Guptill, 1 run
Nannes to McCullum, 3 runs
Nannes to McCullum, SIX runs
Tait to Ingram, OUT
Tait to Ingram, no run
Tait to Ingram, 1 wide
Tait to McCullum, 1 run
Tait to McCullum, FOUR runs
Tait to McCullum, no run
Tait to McCullum, 4 leg byes
