Umar Gul to Starc, no run
Umar Gul to Starc, no run
Umar Gul to Hussey, 1 run
Umar Gul to Starc, 1 run
Umar Gul to Hussey, 1 run
Umar Gul to Hussey, FOUR runs
Ajmal to Cummins, OUT
Ajmal to Wade, OUT
Ajmal to Hussey, 1 run
Ajmal to Wade, 1 run
Ajmal to Hussey, 1 run
Ajmal to Hussey, 1 wide
Ajmal to Wade, 1 run
Umar Gul to Hussey, no run
Umar Gul to Wade, 1 run
Umar Gul to Wade, no run
Umar Gul to Hussey, 1 run
Umar Gul to Hussey, 2 runs
Umar Gul to Hussey, no run
Afridi to Hussey, 1 run
Afridi to Hussey, FOUR runs
Afridi to Wade, 1 run
Afridi to Wade, no run
Afridi to Hussey, 1 run
Afridi to Hussey, FOUR runs
Ajmal to Hussey, 1 run
Ajmal to Wade, 1 run
Ajmal to Wade, FOUR runs
Ajmal to Hussey, 1 run
Ajmal to Wade, 1 run
Ajmal to Wade, no run
Malik to Hussey, SIX runs
Malik to Hussey, FOUR runs
Malik to Wade, 1 run
Malik to Hussey, 1 run
Malik to Wade, 1 run
Malik to Hussey, 1 run
Raza Hasan to Hussey, 1 run
Raza Hasan to Wade, 1 run
Raza Hasan to Hussey, 1 run
Raza Hasan to Maxwell, OUT
Raza Hasan to Hussey, 1 run
Raza Hasan to Maxwell, 1 run
Afridi to Hussey, no run
Afridi to Maxwell, 1 run
Afridi to Hussey, 1 run
Afridi to Maxwell, 1 run
Afridi to Hussey, 1 run
Afridi to Maxwell, 1 run
Hafeez to White, OUT
Hafeez to Hussey, 1 run
Hafeez to White, 1 run
Hafeez to White, SIX runs
Hafeez to White, no run
Hafeez to White, 2 runs
Raza Hasan to White, 1 run
Raza Hasan to Hussey, 1 bye
Raza Hasan to White, 1 run
Raza Hasan to White, no run
Raza Hasan to White, no run
Raza Hasan to White, no run
Ajmal to Hussey, no run
Ajmal to Hussey, no run
Ajmal to White, 1 run
Ajmal to Bailey, OUT
Ajmal to Bailey, no run
Ajmal to Hussey, 1 run
Afridi to Bailey, SIX runs
Afridi to Hussey, 1 run
Afridi to Hussey, no run
Afridi to Bailey, 1 run
Afridi to Bailey, no run
Afridi to Hussey, 1 run
Malik to Hussey, 1 run
Malik to Hussey, no run
Malik to Bailey, 1 run
Malik to Bailey, no run
Malik to Hussey, 1 run
Malik to Hussey, 2 runs
Afridi to Bailey, no run
Afridi to Hussey, 1 run
Afridi to Bailey, 1 run
Afridi to Bailey, FOUR runs
Afridi to Hussey, 1 run
Afridi to Bailey, 1 run
Ajmal to Hussey, no run
Ajmal to Bailey, 1 run
Ajmal to Hussey, 1 run
Ajmal to Hussey, no run
Ajmal to Hussey, no run
Ajmal to Hussey, no run
Hafeez to Warner, OUT
Hafeez to Hussey, 1 run
Hafeez to Warner, 1 run
Hafeez to Warner, no run
Hafeez to Warner, no run
Hafeez to Hussey, 1 run
Raza Hasan to Warner, no run
Raza Hasan to Hussey, 1 run
Raza Hasan to Watson, OUT
Raza Hasan to Warner, 1 run
Raza Hasan to Warner, no run
Raza Hasan to Watson, 1 run
Hafeez to Warner, no run
Hafeez to Warner, no run
Hafeez to Watson, 1 run
Hafeez to Watson, no run
Hafeez to Warner, 1 run
Hafeez to Warner, no run
Raza Hasan to Watson, no run
Raza Hasan to Watson, FOUR runs
Raza Hasan to Watson, no run
Raza Hasan to Watson, no run
Raza Hasan to Watson, no run
Raza Hasan to Watson, no run
Hafeez to Watson, 1 run
Hafeez to Watson, no run
Hafeez to Warner, 1 run
Hafeez to Warner, FOUR runs
Hafeez to Watson, 1 run
Hafeez to Watson, no run
