Starc to Malik, 1 run
Starc to Malik, 2 runs
Starc to Umar Akmal, 1 leg bye
Starc to Malik, 1 run
Starc to Afridi, OUT
Starc to Afridi, FOUR runs
Cummins to Umar Akmal, no run
Cummins to Umar Akmal, FOUR runs
Cummins to Abdul Razzaq, OUT
Cummins to Abdul Razzaq, FOUR runs
Cummins to Umar Akmal, 1 run
Cummins to Abdul Razzaq, 1 run
Watson to Abdul Razzaq, 1 run
Watson to Abdul Razzaq, 2 runs
Watson to Abdul Razzaq, 1 wide
Watson to Abdul Razzaq, no run
Watson to Abdul Razzaq, no run
Watson to Umar Akmal, 1 run
Watson to Umar Akmal, 2 runs
Cummins to Abdul Razzaq, SIX runs
Cummins to Abdul Razzaq, no run
Cummins to Abdul Razzaq, 2 runs
Cummins to Abdul Razzaq, no run
Cummins to Abdul Razzaq, no run
Cummins to Umar Akmal, 1 run
Starc to Abdul Razzaq, no run
Starc to Abdul Razzaq, no run
Starc to Abdul Razzaq, 2 runs
Starc to Abdul Razzaq, FOUR runs
Starc to Abdul Razzaq, no run
Starc to Kamran, OUT
Doherty to Umar Akmal, no run
Doherty to Jamshed, OUT
Doherty to Jamshed, no run
Doherty to Kamran, 1 run
Doherty to Jamshed, 1 run
Doherty to Jamshed, 2 runs
Doherty to Jamshed, 1 wide
Hogg to Kamran, SIX runs
Hogg to Jamshed, 1 run
Hogg to Jamshed, FOUR runs
Hogg to Kamran, 1 run
Hogg to Jamshed, 1 run
Hogg to Kamran, 1 run
Watson to Kamran, 1 run
Watson to Jamshed, 1 run
Watson to Kamran, 1 run
Watson to Kamran, 2 runs
Watson to Jamshed, 1 leg bye
Watson to Jamshed, FOUR runs
Doherty to Kamran, no run
Doherty to Kamran, no run
Doherty to Jamshed, 1 run
Doherty to Jamshed, 2 runs
Doherty to Jamshed, no run
Doherty to Jamshed, SIX runs
Cummins to Kamran, no run
Cummins to Kamran, 2 runs
Cummins to Kamran, no run
Cummins to Jamshed, 1 run
Cummins to Jamshed, SIX runs
Cummins to Kamran, 1 run
Hogg to Jamshed, no run
Hogg to Jamshed, FOUR runs
Hogg to Kamran, 1 run
Hogg to Jamshed, 1 run
Hogg to Kamran, 1 run
Hogg to Kamran, FOUR runs
Doherty to Jamshed, 2 runs
Doherty to Kamran, 1 run
Doherty to Jamshed, 1 run
Doherty to Kamran, 1 run
Doherty to Kamran, 2 runs
Doherty to Jamshed, 1 run
Hogg to Jamshed, 1 run
Hogg to Jamshed, no run
Hogg to Jamshed, no run
Hogg to Kamran, 1 run
Hogg to Jamshed, 1 run
Hogg to Kamran, 1 run
Maxwell to Kamran, 1 run
Maxwell to Jamshed, 1 run
Maxwell to Kamran, 1 run
Maxwell to Jamshed, 1 run
Maxwell to Kamran, 1 run
Maxwell to Jamshed, 1 run
Watson to Jamshed, 1 run
Watson to Kamran, 1 run
Watson to Imran Nazir, OUT
Watson to Imran Nazir, no run
Watson to Jamshed, 1 run
Watson to Jamshed, no run
Cummins to Imran Nazir, no run
Cummins to Jamshed, 1 run
Cummins to Imran Nazir, 1 run
Cummins to Imran Nazir, FOUR runs
Cummins to Imran Nazir, 1 wide
Cummins to Imran Nazir, 2 runs
Cummins to Imran Nazir, FOUR runs
Starc to Imran Nazir, 1 run
Starc to Imran Nazir, no run
Starc to Jamshed, 1 run
Starc to Jamshed, no run
Starc to Imran Nazir, 1 run
Starc to Imran Nazir, no run
Watson to Jamshed, FOUR runs
Watson to Jamshed, no run
Watson to Jamshed, no run
Watson to Jamshed, no run
Watson to Jamshed, no run
Watson to Jamshed, no run
Starc to Jamshed, 1 run
Starc to Jamshed, no run
Starc to Jamshed, 2 runs
Starc to Jamshed, no run
Starc to Jamshed, no run
Starc to Hafeez, OUT
Doherty to Imran Nazir, no run
Doherty to Hafeez, 1 run
Doherty to Hafeez, no run
Doherty to Hafeez, 2 runs
Doherty to Imran Nazir, 1 run
Doherty to Hafeez, 1 run
