Dernbach to Dwayne Bravo, 1 bye
Dernbach to Dwayne Bravo, FOUR runs
Dernbach to Dwayne Bravo, FOUR runs
Dernbach to Russell, 1 leg bye
Dernbach to Russell, FOUR runs
Dernbach to Dwayne Bravo, 1 run
Broad to Russell, 2 runs
Broad to Russell, FOUR runs
Broad to Russell, no run
Broad to Sammy, OUT
Broad to Sammy, 2 runs
Broad to Sammy, 2 runs
Dernbach to Dwayne Bravo, no run
Dernbach to Charles, OUT
Dernbach to Charles, no run
Dernbach to Charles, FOUR runs
Dernbach to Charles, no run
Dernbach to Charles, FOUR runs
Patel to Charles, 1 run
Patel to Dwayne Bravo, 1 run
Patel to Charles, 1 run
Patel to Dwayne Bravo, 1 run
Patel to Charles, 1 run
Patel to Dwayne Bravo, 1 leg bye
Finn to Charles, 2 runs
Finn to Charles, no run
Finn to Charles, 2 runs
Finn to Charles, FOUR runs
Finn to Charles, FOUR runs
Finn to Pollard, OUT
Patel to Charles, SIX runs
Patel to Charles, no run
Patel to Charles, 2 runs
Patel to Pollard, 1 run
Patel to Pollard, no run
Patel to Charles, 1 run
Broad to Pollard, no run
Broad to Pollard, no run
Broad to Samuels, OUT
Broad to Samuels, no run
Broad to Samuels, no run
Broad to Samuels, no run
Patel to Charles, 2 runs
Patel to Charles, no run
Patel to Charles, no run
Patel to Samuels, 1 run
Patel to Samuels, no run
Patel to Charles, 1 run
Wright to Charles, 1 run
Wright to Charles, 1 wide
Wright to Charles, FOUR runs
Wright to Charles, no run
Wright to Charles, FOUR runs
Wright to Samuels, 1 run
Wright to Samuels, no run
Swann to Gayle, OUT
Swann to Charles, 1 run
Swann to Gayle, 1 run
Swann to Gayle, SIX runs
Swann to Gayle, no run
Swann to Gayle, no run
Dernbach to Gayle, 1 run
Dernbach to Charles, 1 run
Dernbach to Gayle, 1 run
Dernbach to Charles, 1 run
Dernbach to Gayle, 1 run
Dernbach to Gayle, no run
Swann to Charles, SIX runs
Swann to Charles, no run
Swann to Charles, SIX runs
Swann to Charles, FOUR runs
Swann to Gayle, 1 run
Swann to Charles, 1 run
Patel to Gayle, SIX runs
Patel to Gayle, SIX runs
Patel to Gayle, no run
Patel to Gayle, SIX runs
Patel to Charles, 1 run
Patel to Charles, no run
Swann to Charles, 1 run
Swann to Charles, FOUR runs
Swann to Charles, no run
Swann to Gayle, 1 run
Swann to Gayle, no run
Swann to Gayle, no run
Broad to Gayle, 1 run
Broad to Charles, 1 leg bye
Broad to Gayle, 1 leg bye
Broad to Gayle, no run
Broad to Gayle, FOUR runs
Broad to Gayle, no run
Finn to Charles, no run
Finn to Charles, no run
Finn to Charles, 2 runs
Finn to Charles, no run
Finn to Gayle, 1 run
Finn to Gayle, no run
Broad to Charles, no run
Broad to Charles, no run
Broad to Charles, 2 runs
Broad to Charles, FOUR runs
Broad to Gayle, 1 run
Broad to Gayle, FOUR runs
Finn to Gayle, 1 run
Finn to Gayle, FOUR runs
Finn to Gayle, no run
Finn to Charles, 1 leg bye
Finn to Charles, no run
Finn to Charles, no run
Dernbach to Gayle, FOUR runs
Dernbach to Gayle, FOUR runs
Dernbach to Gayle, 2 leg byes
Dernbach to Gayle, FOUR runs
Dernbach to Gayle, no run
Dernbach to Gayle, no run
Finn to Charles, FOUR runs
Finn to Charles, no run
Finn to Charles, no run
Finn to Charles, no run
Finn to Charles, 2 runs
Finn to Charles, no run
