Samuels to Morgan, 1 run
Samuels to Buttler, 1 run
Samuels to Hales, OUT
Samuels to Morgan, 1 run
Samuels to Morgan, no run
Samuels to Morgan, FOUR runs
Rampaul to Hales, no run
Rampaul to Morgan, 1 run
Rampaul to Morgan, SIX runs
Rampaul to Morgan, no run
Rampaul to Morgan, SIX runs
Rampaul to Hales, 3 runs
Narine to Morgan, no run
Narine to Morgan, 1 wide
Narine to Morgan, no run
Narine to Morgan, 2 runs
Narine to Hales, 1 run
Narine to Hales, 2 runs
Narine to Morgan, 1 run
Rampaul to Morgan, 1 run
Rampaul to Morgan, FOUR runs
Rampaul to Morgan, 2 runs
Rampaul to Morgan, SIX runs
Rampaul to Hales, 1 run
Rampaul to Morgan, 1 run
Gayle to Morgan, 1 run
Gayle to Hales, 1 run
Gayle to Morgan, 1 run
Gayle to Morgan, FOUR runs
Gayle to Hales, 1 run
Gayle to Morgan, 1 run
Narine to Morgan, 1 run
Narine to Morgan, SIX runs
Narine to Hales, 1 run
Narine to Hales, 2 runs
Narine to Hales, 1 wide
Narine to Morgan, 1 run
Narine to Morgan, 2 runs
Gayle to Morgan, 1 run
Gayle to Morgan, SIX runs
Gayle to Morgan, no run
Gayle to Hales, 1 run
Gayle to Morgan, 1 run
Gayle to Hales, 1 run
Samuels to Hales, 1 run
Samuels to Hales, 2 runs
Samuels to Hales, no run
Samuels to Hales, SIX runs
Samuels to Hales, FOUR runs
Samuels to Morgan, 1 run
Gayle to Morgan, 1 run
Gayle to Hales, 1 run
Gayle to Morgan, 1 run
Gayle to Hales, 1 run
Gayle to Hales, 2 runs
Gayle to Hales, no run
Samuels to Morgan, FOUR runs
Samuels to Morgan, no run
Samuels to Morgan, 2 runs
Samuels to Hales, 2 wide
Samuels to Hales, 2 runs
Samuels to Hales, no run
Samuels to Morgan, 1 run
Gayle to Bairstow, OUT
Gayle to Hales, 1 run
Gayle to Hales, no run
Gayle to Bairstow, 1 run
Gayle to Bairstow, no run
Gayle to Bairstow, no run
Narine to Bairstow, 1 run
Narine to Hales, 1 run
Narine to Hales, no run
Narine to Bairstow, 1 run
Narine to Bairstow, no run
Narine to Hales, 1 run
Badree to Bairstow, no run
Badree to Hales, 1 run
Badree to Hales, no run
Badree to Bairstow, 1 leg bye
Badree to Hales, 1 bye
Badree to Hales, FOUR runs
Sammy to Bairstow, FOUR runs
Sammy to Hales, 1 run
Sammy to Hales, 2 runs
Sammy to Hales, SIX runs
Sammy to Hales, no run
Sammy to Hales, no run
Badree to Hales, 1 run
Badree to Hales, no run
Badree to Bairstow, 1 run
Badree to Bairstow, no run
Badree to Bairstow, no run
Badree to Bairstow, 2 runs
Narine to Bairstow, 1 run
Narine to Hales, 1 run
Narine to Hales, no run
Narine to Hales, FOUR runs
Narine to Bairstow, 1 run
Narine to Hales, 1 run
Badree to Bairstow, no run
Badree to Hales, 1 run
Badree to Hales, no run
Badree to Hales, FOUR runs
Badree to Hales, FOUR runs
Badree to Hales, no run
Rampaul to Bairstow, no run
Rampaul to Hales, 1 run
Rampaul to Bairstow, 1 run
Rampaul to Bairstow, no run
Rampaul to Bairstow, FOUR runs
Rampaul to Bairstow, no run
Badree to Hales, no run
Badree to Bairstow, 1 run
Badree to Bairstow, no run
Badree to Bairstow, no run
Badree to Bairstow, no run
Badree to Hales, 1 run
Rampaul to Bairstow, no run
Rampaul to Bairstow, no run
Rampaul to Bairstow, no run
Rampaul to Wright, OUT
Rampaul to Kieswetter, OUT
Rampaul to Kieswetter, no run
