Steyn to Ajmal, OUT
Steyn to Abdur, OUT
Steyn to Umar Akmal, 1 run
Steyn to Abdur, 1 run
Steyn to Umar Akmal, 1 run
Steyn to Abdur, 1 run
Parnell to Abdur, 1 run
Parnell to Umar Akmal, 1 run
Parnell to Umar Akmal, no run
Parnell to Umar Akmal, 2 runs
Parnell to Umar Akmal, FOUR runs
Parnell to Umar Akmal, FOUR runs
Steyn to Abdur, no run
Steyn to Abdur, no run
Steyn to Umar Akmal, 1 run
Steyn to Umar Akmal, no run
Steyn to Abdur, 1 run
Steyn to Umar Akmal, 1 run
Parnell to Abdur, no run
Parnell to Umar Akmal, 1 run
Parnell to Abdur, 1 run
Parnell to Umar Akmal, 1 run
Parnell to Abdur, 1 run
Parnell to Umar Akmal, 1 run
Tahir to Umar Akmal, 1 run
Tahir to Abdur, 1 run
Tahir to Abdur, no run
Tahir to Tanvir, 1 wide, OUT
Tahir to Tanvir, no run
Tahir to Tanvir, no run
Tahir to Umar Akmal, 1 run
McLaren to Tanvir, no run
McLaren to Abdul Razzaq, OUT
McLaren to Umar Akmal, 1 run
McLaren to Umar Akmal, no run
McLaren to Umar Akmal, SIX runs
McLaren to Abdul Razzaq, 1 run
Tahir to Abdul Razzaq, 1 run
Tahir to Abdul Razzaq, no run
Tahir to Umar Akmal, 1 run
Tahir to Umar Akmal, no run
Tahir to Umar Akmal, no run
Tahir to Abdul Razzaq, 1 run
McLaren to Abdul Razzaq, 1 run
McLaren to Abdul Razzaq, no run
McLaren to Abdul Razzaq, FOUR runs
McLaren to Abdul Razzaq, 1 wide
McLaren to Umar Akmal, 1 run
McLaren to Abdul Razzaq, 1 leg bye
McLaren to Umar Akmal, 1 run
Tahir to Abdul Razzaq, no run
Tahir to Umar Akmal, 1 run
Tahir to Abdul Razzaq, 1 run
Tahir to Abdul Razzaq, no run
Tahir to Umar Akmal, 1 run
Tahir to Umar Akmal, 2 runs
Parnell to Abdul Razzaq, no run
Parnell to Umar Akmal, 1 run
Parnell to Umar Akmal, no run
Parnell to Umar Akmal, 1 wide
Parnell to Abdul Razzaq, 1 run
Parnell to Abdul Razzaq, no run
Parnell to Umar Akmal, 1 run
Tahir to Abdul Razzaq, no run
Tahir to Malik, 1 wide, OUT
Tahir to Umar Akmal, 1 run
Tahir to Malik, 1 run
Tahir to Umar Akmal, 1 run
Tahir to Malik, 1 run
Tahir to Malik, no run
Parnell to Umar Akmal, no run
Parnell to Umar Akmal, no run
Parnell to Umar Akmal, FOUR runs
Parnell to Umar Akmal, no run
Parnell to Malik, 1 run
Parnell to Umar Akmal, 1 run
McLaren to Umar Akmal, 1 run
McLaren to Umar Akmal, no run
McLaren to Umar Akmal, FOUR runs
McLaren to Malik, 1 run
McLaren to Umar Akmal, 1 run
McLaren to Malik, 1 run
Tsotsobe to Umar Akmal, no run
Tsotsobe to Malik, 1 run
Tsotsobe to Afridi, OUT
Tsotsobe to Malik, 1 run
Tsotsobe to Afridi, 1 run
Tsotsobe to Malik, 1 run
McLaren to Afridi, no run
McLaren to Afridi, no run
McLaren to Malik, 3 runs
McLaren to Malik, no run
McLaren to Malik, 1 wide
McLaren to Afridi, 1 run
McLaren to Afridi, no run
Tsotsobe to Malik, no run
Tsotsobe to Malik, no run
Tsotsobe to Malik, no run
Tsotsobe to Malik, no run
Tsotsobe to Malik, no run
Tsotsobe to Malik, no run
Steyn to Malik, 1 run
Steyn to Malik, no run
Steyn to Malik, no run
Steyn to Afridi, 1 run
Steyn to Afridi, 2 runs
Steyn to Afridi, no run
Tsotsobe to Malik, no run
Tsotsobe to Malik, no run
Tsotsobe to Malik, no run
Tsotsobe to Afridi, 1 run
Tsotsobe to Afridi, FOUR runs
Tsotsobe to Afridi, no run
Steyn to Hafeez, OUT
Steyn to Hafeez, no run
Steyn to Maqsood, OUT
Steyn to Maqsood, no run
Steyn to Maqsood, no run
Steyn to Maqsood, FOUR runs
Tsotsobe to Afridi, no run
Tsotsobe to Shehzad, OUT
Tsotsobe to Shehzad, no run
Tsotsobe to Shehzad, no run
Tsotsobe to Shehzad, no run
Tsotsobe to Shehzad, no run
