Afridi to du Plessis, 1 run
Afridi to de Kock, 1 run
Afridi to de Kock, FOUR runs
Ajmal to du Plessis, no run
Ajmal to de Kock, 1 run
Ajmal to de Kock, FOUR runs
Ajmal to de Kock, no run
Ajmal to du Plessis, 1 run
Ajmal to de Kock, 1 run
Hafeez to de Kock, 1 run
Hafeez to de Kock, no run
Hafeez to du Plessis, 1 run
Hafeez to de Kock, 1 run
Hafeez to de Kock, SIX runs
Hafeez to de Kock, 2 runs
Abdur to du Plessis, SIX runs
Abdur to de Kock, 1 run
Abdur to de Kock, SIX runs
Abdur to de Kock, no run
Abdur to du Plessis, 1 run
Abdur to du Plessis, FOUR runs
Hafeez to de Kock, no run
Hafeez to du Plessis, 1 run
Hafeez to de Kock, 1 run
Hafeez to de Kock, no run
Hafeez to du Plessis, 1 run
Hafeez to de Kock, 1 run
Ajmal to du Plessis, 2 runs
Ajmal to du Plessis, no run
Ajmal to du Plessis, no run
Ajmal to du Plessis, no run
Ajmal to du Plessis, no run
Ajmal to du Plessis, no run
Afridi to du Plessis, 1 run
Afridi to de Kock, 1 run
Afridi to du Plessis, 1 leg bye
Afridi to du Plessis, no run
Afridi to de Kock, 1 run
Afridi to du Plessis, 1 run
Ajmal to de Kock, no run
Ajmal to du Plessis, 1 run
Ajmal to du Plessis, no run
Ajmal to du Plessis, no run
Ajmal to du Plessis, no run
Ajmal to du Plessis, no run
Afridi to de Kock, no run
Afridi to du Plessis, 1 run
Afridi to du Plessis, FOUR runs
Afridi to du Plessis, no run
Afridi to du Plessis, no run
Afridi to de Kock, 1 run
Ajmal to du Plessis, no run
Ajmal to du Plessis, no run
Ajmal to du Plessis, no run
Ajmal to du Plessis, no run
Ajmal to de Kock, 1 run
Ajmal to du Plessis, 1 run
Tanvir to du Plessis, 1 run
Tanvir to du Plessis, FOUR runs
Tanvir to de Kock, 1 run
Tanvir to de Kock, FOUR runs
Tanvir to de Kock, 2 runs
Tanvir to du Plessis, 1 run
Irfan to de Kock, no run
Irfan to de Kock, 2 runs
Irfan to de Kock, no run
Irfan to de Kock, no run
Irfan to de Kock, no run
Irfan to de Kock, 2 runs
Tanvir to du Plessis, no run
Tanvir to du Plessis, FOUR runs
Tanvir to du Plessis, no run
Tanvir to du Plessis, no run
Tanvir to Amla, OUT
Tanvir to Amla, FOUR runs
Irfan to de Kock, no run
Irfan to de Kock, no run
Irfan to de Kock, 2 runs
Irfan to Amla, 1 run
Irfan to Amla, no run
Irfan to Amla, no run
Hafeez to Amla, 1 run
Hafeez to de Kock, 1 run
Hafeez to de Kock, no run
Hafeez to Amla, 1 run
Hafeez to Amla, FOUR runs
Hafeez to Amla, 2 runs
