Ashwin to Maxwell, 1 run
Ashwin to Maxwell, no run
Ashwin to Maxwell, 2 runs
Ashwin to Maxwell, no run
Ashwin to Maxwell, no run
Yuvraj to Warner, no run
Yuvraj to Warner, FOUR runs
Yuvraj to Maxwell, 1 run
Yuvraj to Watson, OUT
Yuvraj to Warner, 3 runs
Yuvraj to Warner, SIX runs
Rohit Sharma to Watson, FOUR runs
Rohit Sharma to Warner, 1 run
Rohit Sharma to Watson, 1 run
Rohit Sharma to Warner, 3 runs
Rohit Sharma to Watson, 1 run
Rohit Sharma to Watson, 2 runs
Yuvraj to Watson, 1 run
Yuvraj to Warner, 1 run
Yuvraj to Warner, no run
Yuvraj to Warner, no run
Yuvraj to Warner, no run
Yuvraj to Warner, no run
Kohli to Watson, 2 runs
Kohli to Watson, SIX runs
Kohli to Watson, no run
Kohli to Watson, 2 runs
Kohli to Watson, no run
Kohli to Watson, no run
Pathan to Watson, 1 run
Pathan to Watson, 2 runs
Pathan to Watson, FOUR runs
Pathan to Watson, SIX runs
Pathan to Watson, SIX runs
Pathan to Watson, no run
Harbhajan to Warner, no run
Harbhajan to Watson, 1 run
Harbhajan to Warner, 1 run
Harbhajan to Warner, SIX runs
Harbhajan to Warner, SIX runs
Harbhajan to Warner, no run
Chawla to Watson, SIX runs
Chawla to Watson, no run
Chawla to Warner, 1 run
Chawla to Warner, no run
Chawla to Watson, 1 run
Chawla to Watson, SIX runs
Harbhajan to Warner, no run
Harbhajan to Warner, no run
Harbhajan to Warner, FOUR runs
Harbhajan to Watson, 1 run
Harbhajan to Watson, no run
Harbhajan to Warner, 1 run
Khan to Watson, no run
Khan to Warner, 1 run
Khan to Warner, FOUR runs
Khan to Warner, no run
Khan to Warner, no run
Khan to Warner, FOUR runs
Ashwin to Watson, SIX runs
Ashwin to Watson, 2 runs
Ashwin to Watson, no run
Ashwin to Watson, SIX runs
Ashwin to Watson, no run
Ashwin to Warner, 1 run
Ashwin to Warner, 1 wide
Khan to Watson, no run
Khan to Watson, no run
Khan to Warner, 1 run
Khan to Warner, no run
Khan to Warner, no run
Khan to Warner, FOUR runs
Ashwin to Watson, no run
Ashwin to Warner, 3 runs
Ashwin to Warner, no run
Ashwin to Warner, no run
Ashwin to Warner, no run
Ashwin to Watson, 1 run
Khan to Warner, no run
Khan to Watson, 1 run
Khan to Watson, no run
Khan to Watson, no run
Khan to Watson, no run
Khan to Watson, 1 wide
Khan to Watson, 2 runs
Ashwin to Warner, no run
Ashwin to Warner, no run
Ashwin to Warner, FOUR runs
Ashwin to Warner, FOUR runs
Ashwin to Watson, 1 run
Ashwin to Watson, no run
