Watson to Ashwin, 1 run
Watson to Harbhajan, 1 run
Watson to Ashwin, 1 run
Watson to Raina, OUT
Watson to Raina, FOUR runs
Watson to Raina, FOUR runs
Cummins to Ashwin, no run
Cummins to Raina, 1 run
Cummins to Raina, 2 byes
Cummins to Ashwin, 1 run
Cummins to Ashwin, no run
Cummins to Raina, 1 run
Starc to Ashwin, no run
Starc to Ashwin, 2 runs
Starc to Ashwin, no run
Starc to Ashwin, SIX runs
Starc to Raina, 1 run
Starc to Raina, no run
Christian to Raina, 1 run
Christian to Ashwin, 1 run
Christian to Ashwin, FOUR runs
Christian to Ashwin, no run
Christian to Raina, 1 run
Christian to Raina, FOUR runs
Cummins to Dhoni, OUT
Cummins to Dhoni, no run
Cummins to Dhoni, no run
Cummins to Dhoni, 2 runs
Cummins to Dhoni, no run
Cummins to Raina, 1 run
Hogg to Dhoni, no run
Hogg to Dhoni, no run
Hogg to Dhoni, no run
Hogg to Dhoni, 5 wide
Hogg to Dhoni, no run
Hogg to Raina, 1 run
Hogg to Raina, FOUR runs
Watson to Dhoni, no run
Watson to Raina, 1 run
Watson to Dhoni, 1 run
Watson to Dhoni, no run
Watson to Dhoni, FOUR runs
Watson to Dhoni, no run
Hogg to Raina, no run
Hogg to Dhoni, 1 run
Hogg to Dhoni, no run
Hogg to Dhoni, FOUR runs
Hogg to Dhoni, 1 wide
Hogg to Dhoni, no run
Hogg to Raina, 1 run
Starc to Dhoni, 2 runs
Starc to Raina, 1 run
Starc to Raina, no run
Starc to Dhoni, 1 run
Starc to Dhoni, no run
Starc to Rohit Sharma, OUT
Watson to Pathan, OUT
Watson to Rohit Sharma, 1 run
Watson to Pathan, 1 run
Watson to Pathan, no run
Watson to Pathan, 2 runs
Watson to Yuvraj, OUT
Maxwell to Pathan, no run
Maxwell to Yuvraj, 1 run
Maxwell to Pathan, 1 run
Maxwell to Pathan, no run
Maxwell to Yuvraj, 1 run
Maxwell to Pathan, 1 run
Hogg to Pathan, 1 run
Hogg to Yuvraj, 1 run
Hogg to Yuvraj, no run
Hogg to Yuvraj, FOUR runs
Hogg to Yuvraj, no run
Hogg to Yuvraj, no run
Cummins to Yuvraj, 1 run
Cummins to Yuvraj, no run
Cummins to Pathan, 1 run
Cummins to Pathan, 2 runs
Cummins to Kohli, OUT
Cummins to Kohli, no run
Hogg to Pathan, no run
Hogg to Pathan, no run
Hogg to Pathan, no run
Hogg to Kohli, 1 run
Hogg to Pathan, 1 run
Hogg to Pathan, FOUR runs
Christian to Kohli, no run
Christian to Kohli, FOUR runs
Christian to Pathan, 1 run
Christian to Kohli, 1 run
Christian to Pathan, 1 run
Christian to Kohli, 1 run
Watson to Pathan, FOUR runs
Watson to Kohli, 1 run
Watson to Pathan, 1 run
Watson to Pathan, no run
Watson to Pathan, SIX runs
Watson to Kohli, 1 run
Starc to Kohli, 1 run
Starc to Kohli, no run
Starc to Pathan, 1 run
Starc to Kohli, 1 run
Starc to Kohli, FOUR runs
Starc to Pathan, 1 run
Cummins to Pathan, OUT
Cummins to Gambhir, 1 run
Cummins to Gambhir, no run
Cummins to Gambhir, no run
Cummins to Gambhir, FOUR runs
Cummins to Pathan, 1 run
Starc to Gambhir, no run
Starc to Gambhir, FOUR runs
Starc to Pathan, 1 leg bye
Starc to Pathan, no run
Starc to Gambhir, 1 run
Starc to Pathan, 1 run
Maxwell to Pathan, 1 leg bye
Maxwell to Gambhir, 1 run
Maxwell to Gambhir, FOUR runs
Maxwell to Gambhir, no run
Maxwell to Gambhir, no run
Maxwell to Gambhir, 2 runs
