Dinda to Morgan, SIX runs
Dinda to Buttler, 1 bye
Dinda to Buttler, 2 runs
Dinda to Morgan, 1 run
Dinda to Buttler, 1 run
Dinda to Morgan, 1 run
Awana to Buttler, SIX runs
Awana to Morgan, 1 run
Awana to Buttler, 1 run
Awana to Buttler, FOUR runs
Awana to Morgan, 1 run
Awana to Buttler, 1 run
Dinda to Morgan, SIX runs
Dinda to Patel, OUT
Dinda to Morgan, 1 run
Dinda to Morgan, 2 runs
Dinda to Morgan, FOUR runs
Dinda to Patel, 1 run
Chawla to Patel, 1 run
Chawla to Patel, no run
Chawla to Morgan, 1 run
Chawla to Patel, 1 run
Chawla to Patel, no run
Chawla to Patel, FOUR runs
Awana to Morgan, FOUR runs
Awana to Patel, 1 run
Awana to Patel, no run
Awana to Morgan, 1 run
Awana to Morgan, no run
Awana to Patel, 1 run
Yuvraj to Morgan, no run
Yuvraj to Morgan, FOUR runs
Yuvraj to Hales, OUT
Yuvraj to Morgan, 1 run
Yuvraj to Hales, 1 run
Yuvraj to Morgan, 1 run
Chawla to Morgan, 1 run
Chawla to Morgan, no run
Chawla to Hales, 1 run
Chawla to Hales, FOUR runs
Chawla to Morgan, 1 run
Chawla to Morgan, FOUR runs
Yuvraj to Morgan, 1 run
Yuvraj to Hales, 1 run
Yuvraj to Hales, 2 runs
Yuvraj to Hales, no run
Yuvraj to Morgan, 1 run
Yuvraj to Hales, 1 leg bye
Ashwin to Hales, 1 leg bye
Ashwin to Morgan, 1 run
Ashwin to Morgan, FOUR runs
Ashwin to Hales, 1 run
Ashwin to Morgan, 1 run
Ashwin to Hales, 1 run
Yuvraj to Wright, OUT
Yuvraj to Wright, 2 runs
Yuvraj to Hales, 1 run
Yuvraj to Wright, 1 leg bye
Yuvraj to Wright, no run
Yuvraj to Wright, no run
Chawla to Hales, 2 runs
Chawla to Hales, no run
Chawla to Wright, 1 run
Chawla to Hales, 1 run
Chawla to Hales, FOUR runs
Chawla to Wright, 1 run
Yuvraj to Hales, no run
Yuvraj to Wright, 1 run
Yuvraj to Wright, no run
Yuvraj to Wright, no run
Yuvraj to Lumb, OUT
Yuvraj to Hales, 1 run
Ashwin to Lumb, no run
Ashwin to Lumb, no run
Ashwin to Lumb, no run
Ashwin to Lumb, FOUR runs
Ashwin to Hales, 1 run
Ashwin to Hales, SIX runs
Chawla to Lumb, 2 runs
Chawla to Hales, 1 leg bye
Chawla to Hales, no run
Chawla to Lumb, 1 run
Chawla to Hales, 1 run
Chawla to Lumb, 1 leg bye
Ashwin to Lumb, 1 run
Ashwin to Lumb, no run
Ashwin to Hales, 1 run
Ashwin to Hales, FOUR runs
Ashwin to Lumb, 1 run
Ashwin to Lumb, SIX runs
Awana to Hales, no run
Awana to Lumb, 1 leg bye
Awana to Lumb, no run
Awana to Lumb, FOUR runs
Awana to Lumb, no run
Awana to Lumb, FOUR runs
Ashwin to Hales, no run
Ashwin to Lumb, 1 run
Ashwin to Lumb, 2 runs
Ashwin to Lumb, no run
Ashwin to Lumb, 2 runs
Ashwin to Hales, 1 run
Dinda to Lumb, no run
Dinda to Lumb, 1 wide
Dinda to Lumb, FOUR runs
Dinda to Hales, 1 run
Dinda to Lumb, 1 leg bye
Dinda to Hales, 1 run
Dinda to Lumb, 1 leg bye
Awana to Lumb, 1 run
Awana to Lumb, 2 runs
Awana to Lumb, no run
Awana to Lumb, SIX runs
Awana to Lumb, FOUR runs
Awana to Lumb, no run
Dinda to Hales, no run
Dinda to Hales, 1 wide
Dinda to Hales, 2 runs
Dinda to Hales, FOUR runs
Dinda to Lumb, 1 run
Dinda to Lumb, no run
Dinda to Lumb, FOUR runs
