Dernbach to Raina, 1 run, OUT
Dernbach to Chawla, 1 bye
Dernbach to Raina, 1 run
Dernbach to Raina, (no ball) 2 runs
Dernbach to Ashwin, OUT
Dernbach to Raina, 1 run
Dernbach to Ashwin, 1 leg bye
Bresnan to Raina, no run
Bresnan to Ashwin, 1 run
Bresnan to Dhoni, OUT
Bresnan to Dhoni, 2 runs
Bresnan to Dhoni, FOUR runs
Bresnan to Raina, 1 run
Dernbach to Dhoni, SIX runs
Dernbach to Dhoni, 2 runs
Dernbach to Dhoni, no run
Dernbach to Dhoni, 2 runs
Dernbach to Dhoni, 2 runs
Dernbach to Dhoni, SIX runs
Meaker to Raina, FOUR runs
Meaker to Raina, SIX runs
Meaker to Raina, FOUR runs
Meaker to Dhoni, 1 run
Meaker to Raina, 1 run
Meaker to Raina, FOUR runs
Bresnan to Dhoni, 2 runs
Bresnan to Dhoni, no run
Bresnan to Dhoni, 2 runs
Bresnan to Dhoni, no run
Bresnan to Dhoni, FOUR runs
Bresnan to Raina, 1 run
Tredwell to Dhoni, FOUR runs
Tredwell to Dhoni, no run
Tredwell to Raina, 1 run
Tredwell to Raina, no run
Tredwell to Dhoni, 1 run
Tredwell to Rohit Sharma, OUT
Wright to Raina, no run
Wright to Raina, 2 runs
Wright to Rohit Sharma, 1 run
Wright to Rohit Sharma, 2 runs
Wright to Rohit Sharma, no run
Wright to Rohit Sharma, FOUR runs
Tredwell to Rohit Sharma, 1 run
Tredwell to Raina, 1 run
Tredwell to Raina, 2 runs
Tredwell to Rohit Sharma, 1 run
Tredwell to Raina, 1 run
Tredwell to Raina, no run
Meaker to Raina, 1 run
Meaker to Rohit Sharma, 1 run
Meaker to Raina, 1 run
Meaker to Raina, no run
Meaker to Raina, no run
Meaker to Rohit Sharma, 1 run
Wright to Rohit Sharma, 1 run
Wright to Gambhir, OUT
Wright to Gambhir, no run
Wright to Rohit Sharma, 1 run
Wright to Rohit Sharma, no run
Wright to Gambhir, 1 run
Tredwell to Gambhir, 1 run
Tredwell to Rohit Sharma, 1 run
Tredwell to Rohit Sharma, no run
Tredwell to Rohit Sharma, SIX runs
Tredwell to Rohit Sharma, no run
Tredwell to Gambhir, 1 run
Wright to Rohit Sharma, 2 runs
Wright to Gambhir, 1 run
Wright to Rohit Sharma, 1 run
Wright to Gambhir, 1 run
Wright to Rohit Sharma, 1 run
Wright to Yuvraj, OUT
Tredwell to Gambhir, no run
Tredwell to Yuvraj, 1 run
Tredwell to Yuvraj, 2 runs
Tredwell to Gambhir, 1 run
Tredwell to Yuvraj, 1 run
Tredwell to Gambhir, 1 run
Meaker to Yuvraj, no run
Meaker to Yuvraj, 1 wide
Meaker to Kohli, OUT
Meaker to Gambhir, 1 bye
Meaker to Gambhir, 1 wide
Meaker to Gambhir, no run
Meaker to Gambhir, 2 leg byes
Meaker to Kohli, 1 run
Wright to Kohli, 1 run
Wright to Kohli, FOUR runs
Wright to Kohli, FOUR runs
Wright to Kohli, FOUR runs
Wright to Kohli, (no ball) 2 runs
Wright to Kohli, no run
Wright to Kohli, FOUR runs
Meaker to Gambhir, FOUR runs
Meaker to Gambhir, no run
Meaker to Kohli, 1 run
Meaker to Kohli, FOUR runs
Meaker to Kohli, 5 wide
Meaker to Gambhir, 1 run
Meaker to Gambhir, no run
Dernbach to Gambhir, 1 run
Dernbach to Gambhir, no run
Dernbach to Kohli, 1 run
Dernbach to Kohli, 1 wide
Dernbach to Kohli, no run
Dernbach to Kohli, FOUR runs
Dernbach to Kohli, FOUR runs
Bresnan to Kohli, 1 run
Bresnan to Kohli, no run
Bresnan to Gambhir, 1 run
Bresnan to Kohli, 1 run
Bresnan to Kohli, 2 runs
Bresnan to Gambhir, 1 run
Dernbach to Kohli, no run
Dernbach to Rahane, OUT
Dernbach to Gambhir, 1 run
Dernbach to Gambhir, no run
Dernbach to Gambhir, no run
Dernbach to Rahane, 1 run
Bresnan to Rahane, 1 run
Bresnan to Gambhir, 1 leg bye
Bresnan to Rahane, 1 run
Bresnan to Rahane, no run
Bresnan to Gambhir, 1 run
Bresnan to Gambhir, 1 wide
Bresnan to Gambhir, no run
