Adams to Hussey, no run
Adams to Hussey, SIX runs
Adams to Ponting, 1 run
Adams to Ponting, 2 leg byes
Adams to Ponting, FOUR runs
Adams to Hussey, 1 run
Tuffey to Ponting, SIX runs
Tuffey to Ponting, FOUR runs
Tuffey to Ponting, SIX runs
Tuffey to Ponting, SIX runs
Tuffey to Ponting, 2 runs
Tuffey to Ponting, SIX runs
Adams to Hussey, SIX runs
Adams to Hussey, SIX runs
Adams to Hussey, no run
Adams to Ponting, 1 run
Adams to Hussey, 1 run
Adams to Ponting, 1 run
Cairns to Hussey, FOUR runs
Cairns to Ponting, 1 run
Cairns to Ponting, no run
Cairns to Hussey, 1 run
Cairns to Ponting, 1 run
Cairns to Hussey, 1 run
Wilson to Hussey, 1 run
Wilson to Ponting, 1 run
Wilson to Hussey, 1 run
Wilson to Hussey, no run
Wilson to Hussey, 2 runs
Wilson to Ponting, 1 run
Cairns to Ponting, 1 run
Cairns to Ponting, 2 runs
Cairns to Hussey, 1 run
Cairns to Katich, OUT
Cairns to Katich, 2 runs
Cairns to Ponting, 1 run
Wilson to Ponting, 1 run
Wilson to Ponting, SIX runs
Wilson to Ponting, no run
Wilson to Ponting, FOUR runs
Wilson to Ponting, 4 leg byes
Wilson to Ponting, 2 runs
Adams to Ponting, 1 run
Adams to Katich, 1 run
Adams to Ponting, 1 run
Adams to Ponting, FOUR runs
Adams to Katich, 1 run
Adams to Katich, no run
Wilson to Katich, 1 leg bye
Wilson to Katich, no run
Wilson to Katich, FOUR runs
Wilson to Katich, FOUR runs
Wilson to Katich, no run
Wilson to Katich, SIX runs
Adams to Ponting, 2 runs
Adams to Ponting, no run
Adams to Ponting, no run
Adams to Katich, 1 run
Adams to Ponting, 1 run
Adams to Katich, 1 run
Wilson to Ponting, 2 runs
Wilson to Katich, 1 run
Wilson to Ponting, 1 run
Wilson to Katich, 1 run
Wilson to Ponting, 1 run
Wilson to Ponting, FOUR runs
Cairns to Ponting, 1 run
Cairns to Ponting, no run
Cairns to Ponting, FOUR runs
Cairns to Katich, 1 run
Cairns to Katich, no run
Cairns to Ponting, 1 run
Mills to Ponting, 1 run
Mills to Katich, 1 run
Mills to Ponting, 1 run
Mills to Ponting, FOUR runs
Mills to Katich, 1 run
Mills to Katich, no run
Cairns to Katich, 1 run
Cairns to Ponting, 1 run
Cairns to Katich, 1 run
Cairns to Ponting, 1 run
Cairns to Katich, 1 run
Cairns to Ponting, 1 run
Mills to Ponting, 1 run
Mills to Ponting, no run
Mills to Katich, 1 run
Mills to Ponting, 1 run
Mills to Katich, 1 run
Mills to Martyn, OUT
Tuffey to Martyn, 1 run
Tuffey to Martyn, 2 runs
Tuffey to Martyn, no run
Tuffey to Martyn, no run
Tuffey to Ponting, 1 run
Tuffey to Ponting, FOUR runs
Mills to Symonds, OUT
Mills to Symonds, 1 wide
Mills to Symonds, no run
Mills to Symonds, FOUR runs
Mills to Symonds, FOUR runs
Mills to Symonds, SIX runs
Mills to Symonds, 1 wide
Mills to Symonds, FOUR runs
Tuffey to Symonds, 1 run
Tuffey to Symonds, no run
Tuffey to Symonds, 2 runs
Tuffey to Ponting, 1 leg bye
Tuffey to Ponting, no run
Tuffey to Ponting, no run
Mills to Ponting, 1 run
Mills to Gilchrist, OUT
Mills to Symonds, 1 run
Mills to Symonds, SIX runs
Mills to Symonds, FOUR runs
Mills to Symonds, no run
Tuffey to Clarke, OUT
Tuffey to Clarke, SIX runs
Tuffey to Gilchrist, 1 run
Tuffey to Clarke, 1 run
Tuffey to Clarke, no run
Tuffey to Gilchrist, 1 leg bye
Tuffey to Gilchrist, 1 wide
