McGrath to Mills, OUT
McGrath to Tuffey, 1 run
McGrath to Tuffey, FOUR runs
McGrath to Wilson, OUT
McGrath to Wilson, 2 runs
McGrath to Wilson, 2 runs
Lee to Styris, OUT
Lee to Styris, no run
Lee to Wilson, 1 run
Lee to Wilson, no run
Lee to Wilson, no run
Lee to Styris, 1 run
McGrath to Styris, 1 run
McGrath to Styris, no run
McGrath to Styris, SIX runs
McGrath to Styris, 2 runs
McGrath to Wilson, 1 run
McGrath to Wilson, FOUR runs
Symonds to Styris, FOUR runs
Symonds to Styris, FOUR runs
Symonds to Styris, 2 runs
Symonds to Styris, FOUR runs
Symonds to Wilson, 1 run
Symonds to Wilson, FOUR runs
Clarke to Wilson, 1 run
Clarke to Styris, 1 run
Clarke to Styris, no run
Clarke to Styris, no run
Clarke to Wilson, 1 run
Clarke to Wilson, no run
Symonds to Wilson, 1 run
Symonds to Styris, 1 run
Symonds to Adams, OUT
Symonds to Styris, 1 run
Symonds to Styris, SIX runs
Symonds to Styris, no run
Clarke to Adams, FOUR runs
Clarke to Styris, 1 run
Clarke to Adams, 1 run
Clarke to Styris, 1 run
Clarke to Adams, 1 run
Clarke to Adams, no run
Symonds to Adams, 1 run
Symonds to Adams, no run
Symonds to Marshall, OUT
Symonds to Marshall, 2 runs
Symonds to Styris, 1 run
Symonds to Marshall, 1 run
Kasprowicz to Marshall, 1 run
Kasprowicz to Marshall, no run
Kasprowicz to Marshall, 2 runs
Kasprowicz to Marshall, 2 runs
Kasprowicz to Styris, 1 run
Kasprowicz to Cairns, OUT
Hopes to Cairns, 1 run
Hopes to Cairns, no run
Hopes to Cairns, no run
Hopes to Styris, 1 run
Hopes to McMillan, OUT
Hopes to Styris, 1 run
Kasprowicz to McMillan, no run
Kasprowicz to Styris, 1 run
Kasprowicz to Styris, FOUR runs
Kasprowicz to McMillan, 1 run
Kasprowicz to McMillan, no run
Kasprowicz to Styris, 1 run
Hopes to Styris, 1 run
Hopes to McMillan, 1 run
Hopes to Styris, 1 run
Hopes to Styris, FOUR runs
Hopes to Styris, no run
Hopes to Styris, 2 runs
Kasprowicz to McMillan, SIX runs
Kasprowicz to Styris, 1 run
Kasprowicz to McMillan, 1 run
Kasprowicz to McMillan, no run
Kasprowicz to McMillan, 1 wide
Kasprowicz to McCullum, OUT
Kasprowicz to McCullum, FOUR runs
Hopes to Styris, no run
Hopes to Styris, 2 runs
Hopes to Styris, SIX runs
Hopes to Styris, 2 runs
Hopes to McCullum, 1 run
Hopes to McCullum, no run
Kasprowicz to Styris, no run
Kasprowicz to Styris, 2 runs
Kasprowicz to McCullum, 1 run
Kasprowicz to McCullum, no run
Kasprowicz to Sinclair, OUT
Kasprowicz to Fleming, OUT
Lee to McCullum, FOUR runs
Lee to McCullum, FOUR runs
Lee to McCullum, 1 wide
Lee to Fleming, 1 run
Lee to Fleming, no run
Lee to McCullum, 3 runs
Lee to McCullum, no run
McGrath to Fleming, no run
McGrath to McCullum, 1 run
McGrath to McCullum, SIX runs
McGrath to McCullum, FOUR runs
McGrath to McCullum, no run
McGrath to McCullum, FOUR runs
Lee to Fleming, FOUR runs
Lee to Fleming, FOUR runs
Lee to Fleming, no run
Lee to McCullum, 1 run
Lee to McCullum, no run
Lee to McCullum, no run
McGrath to McCullum, 1 run
McGrath to Fleming, 1 run
McGrath to Fleming, 2 runs
McGrath to McCullum, 1 run
McGrath to Fleming, 1 run
McGrath to Fleming, FOUR runs
Lee to McCullum, no run
Lee to Fleming, 1 run
Lee to Fleming, no run
Lee to McCullum, 1 run
Lee to McCullum, no run
Lee to McCullum, no run
