Umar Gul to Rohit Sharma, FOUR runs
Umar Gul to Rohit Sharma, (no ball)
Umar Gul to Dhoni, OUT
Umar Gul to Raina, 1 run
Umar Gul to Dhoni, 1 run
Umar Gul to Yuvraj, OUT
Umar Gul to Dhoni, 1 run
Ajmal to Yuvraj, SIX runs
Ajmal to Yuvraj, SIX runs
Ajmal to Yuvraj, SIX runs
Ajmal to Dhoni, 1 run
Ajmal to Dhoni, 2 runs
Ajmal to Yuvraj, 1 run
Tanvir to Dhoni, FOUR runs
Tanvir to Yuvraj, 1 run
Tanvir to Yuvraj, no run
Tanvir to Yuvraj, SIX runs
Tanvir to Yuvraj, SIX runs
Tanvir to Dhoni, 1 run
Hafeez to Yuvraj, FOUR runs
Hafeez to Dhoni, 1 run
Hafeez to Yuvraj, 1 run
Hafeez to Yuvraj, FOUR runs
Hafeez to Yuvraj, no run
Hafeez to Dhoni, 1 run
Umar Gul to Yuvraj, no run
Umar Gul to Dhoni, 1 run
Umar Gul to Dhoni, FOUR runs
Umar Gul to Dhoni, FOUR runs
Umar Gul to Dhoni, 2 runs
Umar Gul to Dhoni, 4 leg byes
Ajmal to Yuvraj, no run
Ajmal to Dhoni, 1 run
Ajmal to Dhoni, no run
Ajmal to Yuvraj, 1 run
Ajmal to Yuvraj, no run
Ajmal to Yuvraj, SIX runs
Irfan to Dhoni, no run
Irfan to Dhoni, no run
Irfan to Dhoni, 2 runs
Irfan to Dhoni, no run
Irfan to Dhoni, 2 runs
Irfan to Yuvraj, 1 run
Afridi to Yuvraj, 1 run
Afridi to Yuvraj, FOUR runs
Afridi to Yuvraj, SIX runs
Afridi to Dhoni, 1 run
Afridi to Dhoni, FOUR runs
Afridi to Yuvraj, 1 run
Tanvir to Yuvraj, OUT
Tanvir to Kohli, 1 run
Tanvir to Kohli, no run
Tanvir to Yuvraj, 1 run
Tanvir to Kohli, 1 run
Tanvir to Kohli, 2 runs
Afridi to Yuvraj, FOUR runs
Afridi to Kohli, 1 run
Afridi to Kohli, no run
Afridi to Yuvraj, 1 run
Afridi to Kohli, 1 run
Afridi to Kohli, FOUR runs
Ajmal to Yuvraj, no run
Ajmal to Kohli, 1 run
Ajmal to Yuvraj, 1 run
Ajmal to Kohli, 1 run
Ajmal to Kohli, FOUR runs
Ajmal to Yuvraj, 1 run
Afridi to Yuvraj, 1 run
Afridi to Kohli, 1 run
Afridi to Yuvraj, 1 run
Afridi to Kohli, 1 run
Afridi to Kohli, no run
Afridi to Yuvraj, 1 run
Irfan to Kohli, FOUR runs
Irfan to Yuvraj, 1 leg bye
Irfan to Yuvraj, no run
Irfan to Yuvraj, no run
Irfan to Kohli, 1 run
Irfan to Kohli, no run
Umar Gul to Rahane, OUT
Umar Gul to Kohli, 1 run
Umar Gul to Rahane, 1 run
Umar Gul to Rahane, no run
Umar Gul to Rahane, 2 runs
Umar Gul to Kohli, 1 run
Ajmal to Kohli, 1 run
Ajmal to Rahane, 1 run
Ajmal to Kohli, 1 run
Ajmal to Rahane, 1 run
Ajmal to Rahane, no run
Ajmal to Rahane, no run
Umar Gul to Kohli, no run
Umar Gul to Gambhir, OUT
Umar Gul to Gambhir, FOUR runs
Umar Gul to Gambhir, FOUR runs
Umar Gul to Gambhir, FOUR runs
Umar Gul to Rahane, 1 run
Tanvir to Rahane, 1 run
Tanvir to Rahane, no run
Tanvir to Rahane, FOUR runs
Tanvir to Rahane, FOUR runs
Tanvir to Gambhir, 1 run
Tanvir to Rahane, 1 run
Irfan to Gambhir, no run
Irfan to Rahane, 1 run
Irfan to Gambhir, 1 run
Irfan to Rahane, 1 run
Irfan to Rahane, no run
Irfan to Rahane, no run
Tanvir to Rahane, 1 run
Tanvir to Rahane, no run
Tanvir to Rahane, no run
Tanvir to Rahane, FOUR runs
Tanvir to Gambhir, 1 run
Tanvir to Gambhir, FOUR runs
Irfan to Gambhir, 1 run
Irfan to Rahane, 1 run
Irfan to Rahane, no run
Irfan to Rahane, FOUR runs
Irfan to Rahane, no run
Irfan to Gambhir, 1 run
