Sharma to Umar Gul, OUT
Sharma to Umar Gul, 1 wide
Sharma to Malik, 1 run
Sharma to Umar Gul, 1 run
Sharma to Umar Gul, FOUR runs
Sharma to Umar Gul, no run
Sharma to Malik, 1 run
Dinda to Umar Gul, no run
Dinda to Malik, 1 run
Dinda to Kamran, OUT
Dinda to Kamran, FOUR runs
Dinda to Hafeez, OUT
Dinda to Kamran, 1 run
Bhuvneshwar to Hafeez, FOUR runs
Bhuvneshwar to Afridi, OUT
Bhuvneshwar to Afridi, SIX runs
Bhuvneshwar to Hafeez, 1 run
Bhuvneshwar to Hafeez, FOUR runs
Bhuvneshwar to Hafeez, no run
Dinda to Hafeez, 1 run
Dinda to Afridi, 1 run
Dinda to Afridi, no run
Dinda to Afridi, FOUR runs
Dinda to Umar Akmal, OUT
Dinda to Umar Akmal, no run
Sharma to Hafeez, no run
Sharma to Umar Akmal, 1 run
Sharma to Hafeez, 1 run
Sharma to Umar Akmal, 1 run
Sharma to Hafeez, 1 run
Sharma to Hafeez, SIX runs
Dinda to Hafeez, 1 run
Dinda to Hafeez, no run
Dinda to Umar Akmal, 1 run
Dinda to Hafeez, 1 run
Dinda to Hafeez, FOUR runs
Dinda to Hafeez, FOUR runs
Ashwin to Hafeez, 1 run
Ashwin to Umar Akmal, 1 run
Ashwin to Umar Akmal, no run
Ashwin to Hafeez, 1 run
Ashwin to Hafeez, SIX runs
Ashwin to Hafeez, SIX runs
Yuvraj to Umar Akmal, 2 runs
Yuvraj to Umar Akmal, FOUR runs
Yuvraj to Umar Akmal, 2 runs
Yuvraj to Hafeez, 1 run
Yuvraj to Hafeez, FOUR runs
Yuvraj to Umar Akmal, 1 run
Bhuvneshwar to Hafeez, 2 runs
Bhuvneshwar to Umar Akmal, 2 wide
Bhuvneshwar to Hafeez, 1 run
Bhuvneshwar to Umar Akmal, 1 run
Bhuvneshwar to Hafeez, 1 run
Bhuvneshwar to Hafeez, FOUR runs
Bhuvneshwar to Umar Akmal, 1 run
Yuvraj to Hafeez, no run
Yuvraj to Shehzad, OUT
Yuvraj to Umar Akmal, 1 run
Yuvraj to Shehzad, 1 run
Yuvraj to Umar Akmal, 1 run
Yuvraj to Umar Akmal, SIX runs
Ashwin to Umar Akmal, 1 run
Ashwin to Jamshed, OUT
Ashwin to Shehzad, 1 run
Ashwin to Jamshed, 1 run
Ashwin to Jamshed, no run
Ashwin to Shehzad, 1 leg bye
Raina to Jamshed, no run
Raina to Shehzad, 1 run
Raina to Jamshed, 1 leg bye
Raina to Shehzad, 1 run
Raina to Shehzad, FOUR runs
Raina to Jamshed, 1 run
Ashwin to Shehzad, no run
Ashwin to Jamshed, 1 run
Ashwin to Shehzad, 1 run
Ashwin to Shehzad, no run
Ashwin to Jamshed, 1 run
Ashwin to Shehzad, 1 run
Raina to Shehzad, 1 run
Raina to Jamshed, 1 run
Raina to Jamshed, 2 runs
Raina to Shehzad, 1 run
Raina to Shehzad, no run
Raina to Shehzad, no run
Ashwin to Shehzad, 1 run
Ashwin to Jamshed, 1 run
Ashwin to Shehzad, 1 run
Ashwin to Jamshed, 1 run
Ashwin to Jamshed, no run
Ashwin to Jamshed, 2 runs
Dinda to Shehzad, FOUR runs
Dinda to Shehzad, no run
Dinda to Jamshed, 1 run
Dinda to Jamshed, no run
Dinda to Jamshed, FOUR runs
Dinda to Jamshed, FOUR runs
Sharma to Jamshed, 1 run
Sharma to Jamshed, FOUR runs
Sharma to Jamshed, no run
Sharma to Jamshed, no run
Sharma to Shehzad, 1 run
Sharma to Shehzad, SIX runs
Bhuvneshwar to Jamshed, FOUR runs
Bhuvneshwar to Jamshed, SIX runs
Bhuvneshwar to Shehzad, 1 run
Bhuvneshwar to Jamshed, 1 run
Bhuvneshwar to Jamshed, no run
Bhuvneshwar to Jamshed, 2 runs
Sharma to Shehzad, no run
Sharma to Shehzad, no run
Sharma to Shehzad, no run
Sharma to Shehzad, FOUR runs
Sharma to Shehzad, no run
Sharma to Shehzad, no run
Bhuvneshwar to Jamshed, 2 runs
Bhuvneshwar to Jamshed, no run
Bhuvneshwar to Shehzad, 1 run
Bhuvneshwar to Jamshed, 1 run
Bhuvneshwar to Jamshed, no run
Bhuvneshwar to Jamshed, no run
Bhuvneshwar to Jamshed, 1 wide
