Doug Bracewell to Buttler, 1 run
Doug Bracewell to Bairstow, 1 run
Doug Bracewell to Bairstow, 1 wide
Doug Bracewell to Bairstow, FOUR runs
Doug Bracewell to Wright, OUT
Doug Bracewell to Buttler, 1 run
Vettori to Buttler, 1 run
Vettori to Buttler, no run
Vettori to Buttler, no run
Vettori to Wright, 1 leg bye
Vettori to Buttler, 1 run
Vettori to Buttler, no run
Mills to Wright, FOUR runs
Mills to Wright, FOUR runs
Mills to Buttler, 1 run
Mills to Wright, 1 run
Mills to Wright, 1 wide
Mills to Morgan, OUT
Mills to Wright, 1 run
Nicol to Morgan, no run
Nicol to Wright, 1 run
Nicol to Wright, SIX runs
Nicol to Wright, SIX runs
Nicol to Wright, 1 wide
Nicol to Wright, no run
Nicol to Morgan, 1 run
Southee to Wright, SIX runs
Southee to Morgan, 1 run
Southee to Morgan, no run
Southee to Wright, 1 run
Southee to Wright, SIX runs
Southee to Wright, 2 runs
Vettori to Morgan, 2 runs
Vettori to Morgan, 2 runs
Vettori to Morgan, 2 runs
Vettori to Wright, 1 run
Vettori to Morgan, 1 run
Vettori to Wright, 1 run
McCullum to Morgan, no run
McCullum to Morgan, no run
McCullum to Morgan, no run
McCullum to Wright, 1 run
McCullum to Morgan, 1 run
McCullum to Wright, 1 run
Franklin to Morgan, FOUR runs
Franklin to Wright, 1 leg bye
Franklin to Morgan, 1 run
Franklin to Morgan, SIX runs
Franklin to Morgan, no run
Franklin to Wright, 1 run
McCullum to Wright, 1 run
McCullum to Wright, SIX runs
McCullum to Morgan, 1 run
McCullum to Wright, 1 run
McCullum to Morgan, 1 run
McCullum to Morgan, no run
Nicol to Wright, 2 runs
Nicol to Morgan, 1 run
Nicol to Morgan, no run
Nicol to Wright, 1 run
Nicol to Wright, FOUR runs
Nicol to Wright, 2 runs
McCullum to Wright, 1 run
McCullum to Wright, no run
McCullum to Morgan, 1 run
McCullum to Morgan, no run
McCullum to Wright, 1 run
McCullum to Morgan, 1 run
Nicol to Morgan, 1 run
Nicol to Wright, 1 run
Nicol to Morgan, 1 run
Nicol to Morgan, no run
Nicol to Morgan, no run
Nicol to Wright, 1 run
McCullum to Wright, 1 run
McCullum to Morgan, 1 run
McCullum to Wright, 1 run
McCullum to Morgan, 1 run
McCullum to Hales, OUT
McCullum to Hales, 1 wide
McCullum to Hales, no run
Vettori to Hales, 1 run
Vettori to Wright, 1 run
Vettori to Wright, FOUR runs
Vettori to Wright, no run
Vettori to Hales, 1 run
Vettori to Hales, no run
Mills to Wright, no run
Mills to Hales, 3 runs
Mills to Wright, 1 run
Mills to Wright, FOUR runs
Mills to Wright, no run
Mills to Wright, no run
Vettori to Wright, 1 leg bye
Vettori to Kieswetter, OUT
Vettori to Kieswetter, no run
Vettori to Hales, 1 run
Vettori to Hales, no run
Vettori to Kieswetter, 1 run
Mills to Hales, no run
Mills to Kieswetter, 1 run
Mills to Kieswetter, no run
Mills to Kieswetter, no run
Mills to Kieswetter, no run
Mills to Kieswetter, no run
Southee to Hales, FOUR runs
Southee to Hales, FOUR runs
Southee to Hales, no run
Southee to Hales, 2 runs
Southee to Hales, FOUR runs
Southee to Hales, 2 runs
Mills to Kieswetter, no run
Mills to Kieswetter, no run
Mills to Kieswetter, no run
Mills to Kieswetter, 2 runs
Mills to Kieswetter, no run
Mills to Kieswetter, no run
