Bresnan to Doug Bracewell, 2 runs
Bresnan to Franklin, 1 run, OUT
Bresnan to Franklin, no run
Bresnan to McCullum, 1 bye
Bresnan to Franklin, 1 run
Bresnan to Franklin, 2 runs
Broad to McCullum, SIX runs
Broad to McCullum, no run
Broad to Franklin, 1 bye
Broad to McCullum, (no ball) 1 run
Broad to McCullum, SIX runs
Broad to Franklin, 1 leg bye
Broad to McCullum, 1 run
Bresnan to Franklin, FOUR runs
Bresnan to Franklin, SIX runs
Bresnan to McCullum, 1 run
Bresnan to Franklin, 1 run
Bresnan to McCullum, 1 run
Bresnan to Franklin, 1 run
Finn to McCullum, no run
Finn to Franklin, 1 leg bye
Finn to McCullum, 1 leg bye
Finn to Franklin, 1 run
Finn to Taylor, OUT
Finn to Franklin, 1 run
Broad to Franklin, 1 run
Broad to Franklin, FOUR runs
Broad to Franklin, no run
Broad to Franklin, FOUR runs
Broad to Franklin, no run
Broad to Taylor, 1 run
Briggs to Franklin, 2 runs
Briggs to Franklin, FOUR runs
Briggs to Franklin, 2 runs
Briggs to Franklin, 2 runs
Briggs to Franklin, SIX runs
Briggs to Franklin, no run
Bresnan to Taylor, no run
Bresnan to Franklin, 1 run
Bresnan to Taylor, 1 run
Bresnan to Franklin, 1 run
Bresnan to Franklin, no run
Bresnan to Franklin, 2 runs
Swann to Franklin, 1 run
Swann to Taylor, 1 run
Swann to Taylor, FOUR runs
Swann to Franklin, 1 run
Swann to Franklin, no run
Swann to Franklin, no run
Briggs to Taylor, no run
Briggs to Franklin, 1 run
Briggs to Williamson, OUT
Briggs to Taylor, 1 run
Briggs to Williamson, 1 run
Briggs to Taylor, 1 run
Swann to Taylor, 1 run
Swann to Williamson, 1 run
Swann to Taylor, 1 run
Swann to Williamson, 1 run
Swann to Taylor, 1 run
Swann to Williamson, 1 run
Broad to Taylor, no run
Broad to Williamson, 1 run
Broad to Williamson, 1 wide
Broad to Taylor, 1 run
Broad to Taylor, no run
Broad to Taylor, 1 wide
Broad to Taylor, no run
Broad to Taylor, FOUR runs
Swann to Taylor, 1 run
Swann to Williamson, 1 run
Swann to Williamson, no run
Swann to Taylor, 1 run
Swann to Williamson, 1 run
Swann to Williamson, no run
Broad to Taylor, 2 runs
Broad to Taylor, no run
Broad to Williamson, 1 run
Broad to Williamson, no run
Broad to Taylor, 1 run
Broad to Taylor, no run
Swann to Williamson, no run
Swann to Nicol, OUT
Swann to Nicol, no run
Swann to Williamson, 1 run
Swann to Nicol, 1 run
Swann to Williamson, 1 run
Finn to Nicol, FOUR runs
Finn to Williamson, 1 run
Finn to Williamson, FOUR runs
Finn to Williamson, no run
Finn to Williamson, no run
Finn to Williamson, no run
Bresnan to Nicol, no run
Bresnan to Nicol, 1 wide
Bresnan to Nicol, no run
Bresnan to Williamson, 1 run
Bresnan to Nicol, 1 run
Bresnan to Williamson, 1 run
Bresnan to Williamson, no run
Finn to Nicol, 2 runs
Finn to Nicol, 4 leg byes
Finn to McCullum, OUT
Finn to McCullum, no run
Finn to Nicol, 1 bye
Finn to Nicol, no run
Briggs to McCullum, FOUR runs
Briggs to McCullum, FOUR runs
Briggs to Nicol, 1 run
Briggs to McCullum, 1 run
Briggs to McCullum, no run
Briggs to McCullum, no run
Finn to McCullum, 1 run
Finn to McCullum, no run
Finn to McCullum, 1 wide
Finn to McCullum, no run
Finn to Guptill, OUT
Finn to Guptill, no run
Finn to Nicol, 1 run
Briggs to Guptill, no run
Briggs to Guptill, FOUR runs
Briggs to Nicol, 1 run
Briggs to Nicol, no run
Briggs to Guptill, 1 run
Briggs to Guptill, no run
