Dernbach to Kallis, 1 run
Dernbach to Kallis, no run
Dernbach to Duminy, 1 run
Dernbach to Kallis, 1 run
Dernbach to Duminy, 1 run
Dernbach to Duminy, no run
Bopara to Duminy, 1 run
Bopara to Duminy, 2 runs
Bopara to Duminy, no run
Bopara to Kallis, 1 run
Bopara to Kallis, 2 runs
Bopara to Kallis, FOUR runs
Broad to Duminy, no run
Broad to Kallis, 1 run
Broad to Kallis, FOUR runs
Broad to Duminy, 1 run
Broad to Duminy, no run
Broad to Duminy, no run
Dernbach to Kallis, FOUR runs
Dernbach to Duminy, 1 run
Dernbach to Duminy, no run
Dernbach to Duminy, no run
Dernbach to Kallis, 1 run
Dernbach to Duminy, 1 run
Broad to Duminy, 1 run
Broad to Duminy, no run
Broad to Duminy, 2 runs
Broad to Kallis, 1 run
Broad to Kallis, no run
Broad to Duminy, 1 run
Swann to Duminy, 1 run
Swann to Duminy, no run
Swann to Kallis, 1 leg bye
Swann to Duminy, 1 run
Swann to Duminy, no run
Swann to Duminy, no run
Finn to Duminy, 1 run
Finn to Kallis, 1 run
Finn to Duminy, 1 run
Finn to Duminy, FOUR runs
Finn to Kallis, 1 run
Finn to Kallis, no run
Swann to Duminy, 2 runs
Swann to Duminy, no run
Swann to Kallis, 1 run
Swann to Kallis, no run
Swann to Duminy, 1 run
Swann to Duminy, no run
Patel to Duminy, 1 run
Patel to Kallis, 1 run
Patel to Kallis, no run
Patel to Duminy, 1 run
Patel to Duminy, FOUR runs
Patel to Duminy, FOUR runs
Swann to Duminy, 1 run
Swann to Kallis, 1 run
Swann to Duminy, 1 run
Swann to Kallis, 1 run
Swann to Duminy, 3 runs
Swann to Duminy, no run
Broad to Kallis, no run
Broad to Kallis, no run
Broad to Duminy, 1 run
Broad to Duminy, no run
Broad to Duminy, no run
Broad to Duminy, no run
Swann to Kallis, no run
Swann to Duminy, 1 run
Swann to Duminy, no run
Swann to Kallis, 1 run
Swann to Duminy, 1 run
Swann to Duminy, no run
Bopara to Kallis, no run
Bopara to Kallis, FOUR runs
Bopara to Kallis, FOUR runs
Bopara to Kallis, no run
Bopara to Duminy, 1 run
Bopara to Duminy, no run
Bopara to Duminy, 1 wide
Broad to Kallis, no run
Broad to Kallis, FOUR runs
Broad to Kallis, no run
Broad to Kallis, no run
Broad to Duminy, 1 run
Broad to Kallis, 1 run
Finn to Duminy, no run
Finn to Duminy, no run
Finn to Duminy, FOUR runs
Finn to Duminy, no run
Finn to Duminy, no run
Finn to Kallis, 1 run
Dernbach to de Villiers, OUT
Dernbach to de Villiers, FOUR runs
Dernbach to de Villiers, 2 runs
Dernbach to de Villiers, FOUR runs
Dernbach to Kallis, 1 run
Dernbach to Kallis, FOUR runs
Finn to de Villiers, no run
Finn to de Villiers, no run
Finn to du Plessis, OUT
Finn to Kallis, 1 run
Finn to Kallis, no run
Finn to Kallis, no run
Dernbach to du Plessis, 2 runs
Dernbach to du Plessis, 2 runs
Dernbach to Levi, OUT
Dernbach to Kallis, 1 run
Dernbach to Kallis, no run
Dernbach to Kallis, no run
Finn to Levi, no run
Finn to Levi, no run
Finn to Levi, FOUR runs
Finn to Levi, FOUR runs
Finn to Levi, no run
Finn to Levi, no run
