Steyn to Broad, 1 bye
Steyn to Swann, 1 run
Steyn to Broad, 1 run
Steyn to Broad, no run
Steyn to Swann, 1 run
Steyn to Swann, FOUR runs
Kallis to Broad, no run
Kallis to Broad, 2 runs
Kallis to Swann, 1 run
Kallis to Broad, 1 run
Kallis to Swann, 1 run
Kallis to Swann, FOUR runs
Peterson to Broad, FOUR runs
Peterson to Broad, no run
Peterson to Swann, 1 run
Peterson to Swann, FOUR runs
Peterson to Broad, 1 run
Peterson to Broad, 2 runs
Steyn to Broad, 1 run
Steyn to Swann, 1 run
Steyn to Swann, no run
Steyn to Swann, no run
Steyn to Swann, no run
Steyn to Broad, 1 run
Peterson to Swann, no run
Peterson to Broad, 1 run
Peterson to Broad, no run
Peterson to Patel, OUT
Peterson to Broad, 1 run
Peterson to Patel, 1 run
Botha to Broad, no run
Botha to Broad, no run
Botha to Broad, no run
Botha to Broad, no run
Botha to Broad, 2 runs
Botha to Broad, no run
Morkel to Patel, no run
Morkel to Broad, 1 run
Morkel to Bairstow, OUT
Morkel to Patel, 1 run
Morkel to Bairstow, 1 run
Morkel to Patel, 1 run
Peterson to Bairstow, no run
Peterson to Patel, 1 run
Peterson to Patel, no run
Peterson to Buttler, OUT
Peterson to Bairstow, 1 run
Peterson to Buttler, 1 run
Kallis to Bairstow, no run
Kallis to Buttler, 1 run
Kallis to Bairstow, 1 run
Kallis to Bairstow, 2 runs
Kallis to Buttler, 1 run
Kallis to Buttler, 2 runs
Botha to Buttler, 1 run
Botha to Buttler, no run
Botha to Buttler, no run
Botha to Buttler, no run
Botha to Morgan, OUT
Botha to Morgan, 2 byes
Kallis to Bairstow, 2 runs
Kallis to Morgan, 1 leg bye
Kallis to Bairstow, 1 run
Kallis to Bairstow, no run
Kallis to Bairstow, no run
Kallis to Morgan, 1 run
Botha to Bairstow, 2 runs
Botha to Morgan, 1 run
Botha to Bairstow, 1 run
Botha to Bairstow, FOUR runs
Botha to Bairstow, no run
Botha to Morgan, 1 run
Steyn to Bairstow, no run
Steyn to Bairstow, no run
Steyn to Bopara, OUT
Steyn to Morgan, 1 run
Steyn to Bopara, 1 run
Steyn to Morgan, 1 leg bye
Botha to Bopara, no run
Botha to Morgan, 1 run
Botha to Morgan, FOUR runs
Botha to Bopara, 1 run
Botha to Morgan, 1 run
Botha to Kieswetter, OUT
Morkel to Bopara, 2 runs
Morkel to Kieswetter, 1 run
Morkel to Bopara, 1 run
Morkel to Bopara, no run
Morkel to Bopara, no run
Morkel to Bopara, no run
Tsotsobe to Kieswetter, 2 runs
Tsotsobe to Kieswetter, FOUR runs
Tsotsobe to Bopara, 1 run
Tsotsobe to Kieswetter, 1 run
Tsotsobe to Kieswetter, no run
Tsotsobe to Kieswetter, no run
Morkel to Bopara, no run
Morkel to Kieswetter, 1 run
Morkel to Kieswetter, OUT
Morkel to Kieswetter, no run
Morkel to Hales, 1 run
Morkel to Hales, 2 runs
Tsotsobe to Kieswetter, SIX runs
Tsotsobe to Kieswetter, no run
Tsotsobe to Kieswetter, FOUR runs
Tsotsobe to Kieswetter, FOUR runs
Tsotsobe to Kieswetter, no run
Tsotsobe to Kieswetter, no run
Steyn to Hales, no run
Steyn to Kieswetter, 1 run
Steyn to Kieswetter, no run
Steyn to Kieswetter, no run
Steyn to Kieswetter, no run
Steyn to Kieswetter, no run
Peterson to Hales, FOUR runs
Peterson to Hales, FOUR runs
Peterson to Hales, no run
Peterson to Kieswetter, 1 run
Peterson to Kieswetter, no run
Peterson to Kieswetter, no run
