Butler to Lumb, SIX runs
Butler to Hales, 1 run
Butler to Hales, FOUR runs
Butler to Hales, FOUR runs
McCullum to Hales, 1 run
McCullum to Lumb, 1 run
McCullum to Lumb, SIX runs
McCullum to Lumb, 2 runs
McCullum to Lumb, 2 runs
McCullum to Lumb, no run
McClenaghan to Hales, SIX runs
McClenaghan to Hales, SIX runs
McClenaghan to Hales, FOUR runs
McClenaghan to Hales, SIX runs
McClenaghan to Lumb, 1 run
McClenaghan to Lumb, no run
McCullum to Lumb, 1 run
McCullum to Hales, 1 run
McCullum to Hales, FOUR runs
McCullum to Hales, no run
McCullum to Lumb, 1 run
McCullum to Hales, 1 run
Franklin to Hales, 1 run
Franklin to Lumb, 1 run
Franklin to Hales, 1 run
Franklin to Hales, 2 runs
Franklin to Lumb, 1 run
Franklin to Hales, 1 run
McCullum to Lumb, SIX runs
McCullum to Hales, 1 run
McCullum to Lumb, 1 run
McCullum to Lumb, no run
McCullum to Hales, 1 run
McCullum to Hales, no run
Boult to Lumb, no run
Boult to Lumb, no run
Boult to Hales, 1 run
Boult to Lumb, 1 run
Boult to Hales, 1 run
Boult to Hales, SIX runs
McCullum to Lumb, no run
McCullum to Hales, 1 run
McCullum to Lumb, 1 run
McCullum to Lumb, no run
McCullum to Lumb, no run
McCullum to Hales, 1 run
Butler to Hales, 1 run
Butler to Hales, FOUR runs
Butler to Hales, 5 wide
Butler to Hales, FOUR runs
Butler to Hales, FOUR runs
Butler to Hales, 4 leg byes
Butler to Lumb, 1 run
McClenaghan to Hales, no run
McClenaghan to Lumb, 1 run
McClenaghan to Hales, 1 run
McClenaghan to Lumb, 1 run
McClenaghan to Lumb, SIX runs
McClenaghan to Lumb, SIX runs
Butler to Hales, FOUR runs
Butler to Hales, no run
Butler to Hales, no run
Butler to Lumb, 1 run
Butler to Hales, 1 run
Butler to Lumb, 1 run
McClenaghan to Hales, no run
McClenaghan to Hales, no run
McClenaghan to Hales, no run
McClenaghan to Hales, no run
McClenaghan to Lumb, 1 leg bye
McClenaghan to Lumb, no run
Boult to Hales, no run
Boult to Hales, FOUR runs
Boult to Hales, 2 runs
Boult to Lumb, 1 run
Boult to Lumb, FOUR runs
Boult to Lumb, no run
