Dernbach to Franklin, OUT
Dernbach to Franklin, FOUR runs
Dernbach to Franklin, FOUR runs
Dernbach to Butler, 1 run
Dernbach to McCullum, OUT
Dernbach to Franklin, 1 bye
Broad to Franklin, 1 bye
Broad to Guptill, OUT
Broad to Franklin, 1 bye
Broad to Guptill, 1 run
Broad to Franklin, 1 run
Broad to Guptill, 1 run
Dernbach to Guptill, 1 run
Dernbach to Guptill, SIX runs
Dernbach to Franklin, 1 bye
Dernbach to Guptill, 1 run
Dernbach to Guptill, 2 runs
Dernbach to Guptill, FOUR runs
Finn to Guptill, 1 run
Finn to Franklin, 1 leg bye
Finn to Franklin, no run
Finn to Franklin, FOUR runs
Finn to Franklin, no run
Finn to Guptill, 1 run
Broad to Franklin, no run
Broad to Franklin, 2 runs
Broad to Guptill, 1 run
Broad to Guptill, no run
Broad to Munro, OUT
Broad to Guptill, 1 run
Dernbach to Munro, no run
Dernbach to Guptill, 1 run
Dernbach to Munro, 1 run
Dernbach to Guptill, 1 run
Dernbach to Elliott, OUT
Dernbach to Elliott, no run
Tredwell to Elliott, 1 run
Tredwell to Elliott, 2 runs
Tredwell to Elliott, no run
Tredwell to Guptill, 1 run
Tredwell to Elliott, 1 run
Tredwell to Guptill, 1 run
Root to Guptill, 1 run
Root to Elliott, 1 run
Root to Guptill, 1 run
Root to Guptill, no run
Root to Elliott, 1 run
Root to Guptill, 1 run
Tredwell to Elliott, SIX runs
Tredwell to Guptill, 1 run
Tredwell to Elliott, 1 run
Tredwell to Elliott, 2 runs
Tredwell to Elliott, no run
Tredwell to Guptill, 1 run
Root to Guptill, 3 runs
Root to Taylor, OUT
Root to Taylor, SIX runs
Root to Taylor, no run
Root to Taylor, no run
Root to Guptill, 1 run
Tredwell to Guptill, 1 run
Tredwell to Guptill, no run
Tredwell to Guptill, no run
Tredwell to McCullum, OUT
Tredwell to Guptill, 1 run
Tredwell to McCullum, 1 run
Wright to McCullum, 1 run
Wright to McCullum, 2 runs
Wright to McCullum, 2 runs
Wright to McCullum, FOUR runs
Wright to McCullum, no run
Wright to Guptill, 1 run
Tredwell to Guptill, 1 run
Tredwell to Guptill, 2 runs
Tredwell to Guptill, FOUR runs
Tredwell to McCullum, 1 run
Tredwell to Guptill, 1 run
Tredwell to Guptill, 2 runs
Wright to Guptill, 1 run
Wright to McCullum, 1 run
Wright to Guptill, 1 run
Wright to McCullum, 1 run
Wright to McCullum, FOUR runs
Wright to Guptill, 1 run
Dernbach to Guptill, 1 run
Dernbach to McCullum, 1 run
Dernbach to McCullum, 2 runs
Dernbach to Guptill, 1 run
Dernbach to McCullum, 1 run
Dernbach to McCullum, FOUR runs
Finn to McCullum, 1 run
Finn to McCullum, no run
Finn to McCullum, no run
Finn to McCullum, no run
Finn to Guptill, 1 run
Finn to Guptill, no run
Broad to McCullum, no run
Broad to Guptill, 1 run
Broad to Guptill, no run
Broad to Rutherford, OUT
Broad to Guptill, 1 run
Broad to Guptill, no run
Finn to Rutherford, FOUR runs
Finn to Rutherford, no run
Finn to Guptill, 1 run
Finn to Guptill, 2 runs
Finn to Guptill, no run
Finn to Guptill, no run
Broad to Guptill, 1 run
Broad to Guptill, no run
Broad to Rutherford, 1 run
Broad to Rutherford, no run
Broad to Rutherford, FOUR runs
Broad to Rutherford, no run
Finn to Guptill, no run
Finn to Rutherford, 1 run
Finn to Guptill, 1 run
Finn to Guptill, no run
Finn to Rutherford, 1 run
Finn to Rutherford, no run
