Faulkner to Root, 1 run
Faulkner to Broad, 1 bye
Faulkner to Broad, FOUR runs
Faulkner to Buttler, OUT
Faulkner to Buttler, SIX runs
Faulkner to Buttler, 2 runs
Watson to Root, 2 runs
Watson to Root, FOUR runs
Watson to Root, no run
Watson to Root, 2 runs
Watson to Root, 1 wide
Watson to Root, FOUR runs
Watson to Buttler, 1 run
Faulkner to Root, 2 runs
Faulkner to Buttler, 1 run
Faulkner to Root, 1 run
Faulkner to Root, no run
Faulkner to Buttler, 1 run
Faulkner to Root, 1 run
Johnson to Root, 1 run
Johnson to Root, no run
Johnson to Root, (no ball)
Johnson to Root, FOUR runs
Johnson to Root, FOUR runs
Johnson to Root, SIX runs
Johnson to Buttler, 1 run
Hazlewood to Buttler, 1 run
Hazlewood to Buttler, SIX runs
Hazlewood to Buttler, no run
Hazlewood to Root, 1 run
Hazlewood to Root, FOUR runs
Hazlewood to Buttler, 1 run
Fawad to Buttler, 1 run
Fawad to Buttler, FOUR runs
Fawad to Buttler, no run
Fawad to Buttler, 2 runs
Fawad to Root, 1 run
Fawad to Root, no run
Watson to Buttler, no run
Watson to Buttler, no run
Watson to Bopara, OUT
Watson to Bopara, FOUR runs
Watson to Bopara, 2 runs
Watson to Bopara, SIX runs
Faulkner to Root, FOUR runs
Faulkner to Root, 1 wide
Faulkner to Root, no run
Faulkner to Bopara, 1 run
Faulkner to Bopara, no run
Faulkner to Bopara, 2 runs
Faulkner to Bopara, 2 runs
Watson to Bopara, 1 run
Watson to Bopara, no run
Watson to Root, 1 run
Watson to Bopara, 1 run
Watson to Root, 1 run
Watson to Bopara, 1 run
Fawad to Bopara, 1 run
Fawad to Bopara, FOUR runs
Fawad to Bopara, 2 runs
Fawad to Bopara, 1 wide
Fawad to Root, 1 run
Fawad to Bopara, 1 run
Fawad to Bopara, 2 runs
Faulkner to Bopara, 1 run
Faulkner to Root, 1 run
Faulkner to Bopara, 1 run
Faulkner to Bopara, FOUR runs
Faulkner to Root, 1 run
Faulkner to Root, 2 runs
Fawad to Bopara, 2 runs
Fawad to Root, 1 run
Fawad to Root, FOUR runs
Fawad to Root, 2 runs
Fawad to Root, FOUR runs
Fawad to Root, no run
Watson to Bopara, no run
Watson to Root, 1 run
Watson to Root, FOUR runs
Watson to Root, FOUR runs
Watson to Root, no run
Watson to Root, 2 runs
Fawad to Root, 1 run
Fawad to Root, 2 runs
Fawad to Bopara, 1 run
Fawad to Root, 1 run
Fawad to Bopara, 1 run
Fawad to Bopara, FOUR runs
Hazlewood to Root, FOUR runs
Hazlewood to Root, 2 runs
Hazlewood to Root, no run
Hazlewood to Root, FOUR runs
Hazlewood to Bopara, 1 run
Hazlewood to Root, 1 run
Johnson to Bopara, no run
Johnson to Bopara, no run
Johnson to Bopara, no run
Johnson to Morgan, OUT
Johnson to Morgan, no run
Johnson to Morgan, no run
Hazlewood to Root, FOUR runs
Hazlewood to Root, no run
Hazlewood to Root, no run
Hazlewood to Root, 1 wide
Hazlewood to Wright, OUT
Hazlewood to Wright, FOUR runs
Hazlewood to Hales, OUT
Johnson to Lumb, OUT
Johnson to Lumb, 2 runs
Johnson to Lumb, no run
Johnson to Hales, 1 run
Johnson to Hales, FOUR runs
Johnson to Hales, no run
Hazlewood to Lumb, SIX runs
Hazlewood to Hales, 1 run
Hazlewood to Hales, no run
Hazlewood to Hales, no run
Hazlewood to Hales, no run
Hazlewood to Hales, 2 runs
Johnson to Lumb, no run
Johnson to Lumb, FOUR runs
Johnson to Lumb, FOUR runs
Johnson to Lumb, 1 wide
Johnson to Lumb, FOUR runs
Johnson to Lumb, 1 wide
Johnson to Lumb, no run
Johnson to Lumb, no run
Johnson to Lumb, (no ball) 2 runs
