Dernbach to Faulkner, 2 runs
Dernbach to Faulkner, 2 runs
Dernbach to Wade, 1 run
Dernbach to Wade, no run
Dernbach to Faulkner, 1 run
Dernbach to Maxwell, OUT
Finn to Wade, FOUR runs
Finn to Wade, SIX runs
Finn to Wade, FOUR runs
Finn to Wade, no run
Finn to Wade, no run
Finn to Bailey, OUT
Dernbach to Maxwell, no run
Dernbach to Bailey, 1 run
Dernbach to Watson, OUT
Dernbach to Maxwell, 1 run
Dernbach to Finch, OUT
Dernbach to Finch, FOUR runs
Briggs to Finch, 1 run
Briggs to Finch, SIX runs
Briggs to Finch, no run
Briggs to Finch, SIX runs
Briggs to Finch, SIX runs
Briggs to Finch, FOUR runs
Broad to Finch, 1 run
Broad to Watson, 1 run
Broad to Watson, FOUR runs
Broad to Watson, SIX runs
Broad to Finch, 1 run
Broad to Finch, SIX runs
Wright to Watson, 2 runs
Wright to Watson, SIX runs
Wright to Finch, 1 run
Wright to Finch, SIX runs
Wright to Finch, SIX runs
Wright to Finch, 2 runs
Broad to Watson, no run
Broad to Watson, FOUR runs
Broad to Finch, 1 run
Broad to Finch, SIX runs
Broad to Finch, no run
Broad to Watson, 1 run
Wright to Finch, no run
Wright to Watson, 1 run
Wright to Finch, 1 run
Wright to Watson, 1 run
Wright to Watson, no run
Wright to Finch, 1 run
Dernbach to Watson, FOUR runs
Dernbach to Watson, FOUR runs
Dernbach to Finch, 1 run
Dernbach to Watson, 1 run
Dernbach to Watson, 2 runs
Dernbach to Finch, 1 run
Briggs to Finch, 1 run
Briggs to Finch, 2 runs
Briggs to Finch, no run
Briggs to Marsh, OUT
Briggs to Finch, 1 run
Briggs to Finch, 1 wide
Briggs to Marsh, 1 run
Root to Finch, FOUR runs
Root to Finch, FOUR runs
Root to Finch, SIX runs
Root to Finch, SIX runs
Root to Finch, SIX runs
Root to Marsh, 1 run
Briggs to Finch, FOUR runs
Briggs to Marsh, 1 run
Briggs to Finch, 1 run
Briggs to Marsh, 1 run
Briggs to Finch, 1 run
Briggs to Marsh, 1 run
Bopara to Finch, no run
Bopara to Finch, FOUR runs
Bopara to Finch, SIX runs
Bopara to Finch, no run
Bopara to Marsh, 1 run
Bopara to Marsh, FOUR runs
Briggs to Marsh, 1 run
Briggs to Marsh, SIX runs
Briggs to Finch, 1 run
Briggs to Finch, no run
Briggs to Finch, FOUR runs
Briggs to Marsh, 1 run
Dernbach to Finch, SIX runs
Dernbach to Finch, no run
Dernbach to Marsh, 1 run
Dernbach to Finch, 1 run
Dernbach to Marsh, 1 run
Dernbach to Marsh, no run
Finn to Finch, SIX runs
Finn to Finch, no run
Finn to Finch, no run
Finn to Finch, 2 runs
Finn to Marsh, 1 run
Finn to Finch, 1 run
Broad to Marsh, FOUR runs
Broad to Marsh, 2 runs
Broad to Marsh, no run
Broad to Finch, 3 runs
Broad to Marsh, 1 run
Broad to Marsh, no run
Finn to Finch, no run
Finn to Finch, no run
Finn to Finch, FOUR runs
Finn to Finch, no run
Finn to Finch, FOUR runs
Finn to Finch, FOUR runs
Finn to Finch, 1 wide
Broad to Marsh, no run
Broad to Finch, 1 run
Broad to Finch, no run
Broad to Finch, FOUR runs
Broad to Warner, OUT
Broad to Finch, 1 run
Finn to Finch, 1 run
Finn to Finch, SIX runs
Finn to Warner, 1 run
Finn to Warner, no run
Finn to Warner, 2 leg byes
Finn to Warner, no run
