Umar Gul to Abbott, OUT
Umar Gul to Abbott, 2 runs
Hafeez to Tsotsobe, no run
Hafeez to Peterson, OUT
Hafeez to Kleinveldt, OUT
Hafeez to Kleinveldt, 1 wide
Hafeez to Kleinveldt, SIX runs
Hafeez to Kleinveldt, SIX runs
Hafeez to Peterson, 1 run
Ajmal to Kleinveldt, no run
Ajmal to Kleinveldt, SIX runs
Ajmal to Kleinveldt, FOUR runs
Ajmal to Kleinveldt, no run
Ajmal to Peterson, 3 runs
Ajmal to Peterson, FOUR runs
Hafeez to Miller, OUT
Hafeez to Peterson, 1 run
Hafeez to Peterson, no run
Hafeez to Peterson, no run
Hafeez to Miller, 1 run
Hafeez to Miller, 2 runs
Ajmal to Miller, 1 run
Ajmal to Miller, no run
Ajmal to Miller, no run
Ajmal to Peterson, 1 run
Ajmal to Peterson, no run
Ajmal to Peterson, no run
Hafeez to Miller, 2 runs
Hafeez to Miller, 2 runs
Hafeez to Miller, no run
Hafeez to Peterson, 1 run
Hafeez to Miller, 1 run
Hafeez to Peterson, 1 run
Umar Gul to Miller, no run
Umar Gul to Miller, no run
Umar Gul to Miller, no run
Umar Gul to Peterson, 1 run
Umar Gul to Peterson, no run
Umar Gul to Behardien, OUT
Irfan to Miller, no run
Irfan to Miller, no run
Irfan to de Villiers, OUT
Irfan to de Villiers, 2 runs
Irfan to de Villiers, no run
Irfan to de Villiers, no run
Umar Gul to Ontong, OUT
Umar Gul to de Villiers, 1 run
Umar Gul to de Villiers, no run
Umar Gul to Morris, OUT
Umar Gul to du Plessis, OUT
Umar Gul to du Plessis, 2 runs
Junaid to de Villiers, FOUR runs
Junaid to du Plessis, 3 runs
Junaid to de Villiers, 1 run
Junaid to de Villiers, FOUR runs
Junaid to de Villiers, no run
Junaid to du Plessis, 1 run
Junaid to du Plessis, 1 wide
Irfan to de Villiers, no run
Irfan to de Villiers, SIX runs
Irfan to de Villiers, FOUR runs
Irfan to de Villiers, no run
Irfan to de Villiers, FOUR runs
Irfan to de Villiers, no run
Junaid to Davids, OUT
Junaid to de Villiers, 1 run
Junaid to de Villiers, no run
Junaid to de Villiers, SIX runs
Junaid to Davids, 1 run
Junaid to Davids, no run
Irfan to de Villiers, 2 runs
Irfan to de Villiers, 1 wide
Irfan to de Villiers, 1 wide
Irfan to Davids, 1 leg bye
Irfan to Davids, FOUR runs
Irfan to Davids, 2 runs
Irfan to de Villiers, 1 run
Irfan to de Villiers, no run
