Abbott to Afridi, 1 run
Abbott to Afridi, 4 leg byes
Abbott to Umar Gul, OUT
Abbott to Afridi, 1 run
Abbott to Afridi, FOUR runs
Abbott to Afridi, FOUR runs
Kleinveldt to Umar Gul, no run
Kleinveldt to Afridi, 1 run
Kleinveldt to Afridi, FOUR runs
Kleinveldt to Umar Gul, 1 run
Kleinveldt to Umar Gul, no run
Kleinveldt to Afridi, 1 run
Morris to Kamran, OUT
Morris to Afridi, 1 run
Morris to Afridi, no run
Morris to Afridi, no run
Morris to Kamran, 1 run
Morris to Afridi, 1 run
Kleinveldt to Kamran, no run
Kleinveldt to Malik, OUT
Kleinveldt to Afridi, 1 run
Kleinveldt to Hafeez, OUT
Kleinveldt to Hafeez, 2 runs
Kleinveldt to Hafeez, no run
Abbott to Hafeez, 1 run
Abbott to Hafeez, 1 wide
Abbott to Malik, 1 run
Abbott to Malik, FOUR runs
Abbott to Hafeez, 1 run
Abbott to Hafeez, 2 runs
Abbott to Malik, 1 run
Morris to Hafeez, no run
Morris to Hafeez, 1 wide
Morris to Malik, 1 run
Morris to Umar Akmal, OUT
Morris to Hafeez, 1 run
Morris to Hafeez, no run
Morris to Hafeez, no run
Ontong to Hafeez, 1 run
Ontong to Hafeez, FOUR runs
Ontong to Umar Akmal, 1 run
Ontong to Hafeez, 1 run
Ontong to Hafeez, SIX runs
Ontong to Hafeez, SIX runs
Tsotsobe to Hafeez, 1 run
Tsotsobe to Umar Akmal, 1 run
Tsotsobe to Umar Akmal, 1 wide
Tsotsobe to Umar Akmal, 2 runs
Tsotsobe to Hafeez, 1 run
Tsotsobe to Hafeez, no run
Tsotsobe to Hafeez, FOUR runs
Ontong to Hafeez, 1 run
Ontong to Hafeez, FOUR runs
Ontong to Umar Akmal, 3 runs
Ontong to Umar Akmal, FOUR runs
Ontong to Hafeez, 1 run
Ontong to Shehzad, OUT
Morris to Hafeez, 2 runs
Morris to Hafeez, FOUR runs
Morris to Shehzad, 1 run
Morris to Hafeez, 1 run
Morris to Shehzad, 1 run
Morris to Shehzad, FOUR runs
Peterson to Shehzad, 1 run
Peterson to Hafeez, 1 run
Peterson to Hafeez, SIX runs
Peterson to Shehzad, 1 run
Peterson to Hafeez, 1 run
Peterson to Hafeez, FOUR runs
Tsotsobe to Shehzad, 2 runs
Tsotsobe to Hafeez, 1 run
Tsotsobe to Hafeez, 2 runs
Tsotsobe to Shehzad, 1 run
Tsotsobe to Shehzad, FOUR runs
Tsotsobe to Shehzad, no run
Kleinveldt to Shehzad, 1 run
Kleinveldt to Shehzad, FOUR runs
Kleinveldt to Hafeez, 1 run
Kleinveldt to Hafeez, no run
Kleinveldt to Hafeez, FOUR runs
Kleinveldt to Shehzad, 1 run
Peterson to Hafeez, 2 runs
Peterson to Hafeez, no run
Peterson to Hafeez, no run
Peterson to Hafeez, SIX runs
Peterson to Hafeez, FOUR runs
Peterson to Hafeez, no run
Morris to Shehzad, FOUR runs
Morris to Shehzad, SIX runs
Morris to Hafeez, 1 run
Morris to Hafeez, no run
Morris to Hafeez, FOUR runs
Morris to Hafeez, 1 wide
Morris to Hafeez, no run
Kleinveldt to Hafeez, 1 run
Kleinveldt to Hafeez, no run
Kleinveldt to Hafeez, no run
Kleinveldt to Hafeez, FOUR runs
Kleinveldt to Shehzad, 1 leg bye
Kleinveldt to Shehzad, 1 wide
Kleinveldt to Shehzad, no run
Tsotsobe to Hafeez, no run
Tsotsobe to Hafeez, no run
Tsotsobe to Hafeez, no run
Tsotsobe to Jamshed, OUT
Tsotsobe to Jamshed, no run
Tsotsobe to Jamshed, 2 runs
Abbott to Shehzad, SIX runs
Abbott to Shehzad, FOUR runs
Abbott to Shehzad, no run
Abbott to Jamshed, 1 leg bye
Abbott to Jamshed, FOUR runs
Abbott to Jamshed, 2 runs
Tsotsobe to Jamshed, 1 run
Tsotsobe to Shehzad, 1 run
Tsotsobe to Shehzad, no run
Tsotsobe to Shehzad, no run
Tsotsobe to Shehzad, FOUR runs
Tsotsobe to Shehzad, no run
Abbott to Jamshed, no run
Abbott to Jamshed, no run
Abbott to Jamshed, no run
Abbott to Jamshed, FOUR runs
Abbott to Jamshed, no run
Abbott to Jamshed, no run
