Dilshan to Astle, 1 run
Dilshan to Astle, no run
Dilshan to Astle, no run
Perera to Astle, 1 run
Perera to Astle, SIX runs
Perera to Franklin, 1 run
Perera to Astle, 1 run
Perera to Astle, 2 runs
Perera to Astle, FOUR runs
Fernando to Astle, 1 run
Fernando to Astle, no run
Fernando to Astle, FOUR runs
Fernando to Franklin, 1 run
Fernando to Astle, 1 run
Fernando to Astle, no run
Perera to Franklin, no run
Perera to Astle, 1 run
Perera to Astle, no run
Perera to Franklin, 1 run
Perera to Astle, 1 run
Perera to Astle, FOUR runs
Fernando to Franklin, no run
Fernando to Franklin, no run
Fernando to McGlashan, OUT
Fernando to Astle, 1 run
Fernando to Astle, no run
Fernando to McGlashan, 1 run
Bandara to Astle, no run
Bandara to Astle, no run
Bandara to McGlashan, 1 run
Bandara to McGlashan, no run
Bandara to Astle, 1 run
Bandara to Astle, no run
Fernando to Fulton, OUT
Fernando to Fulton, no run
Fernando to Fulton, no run
Fernando to Fulton, no run
Fernando to Fulton, SIX runs
Fernando to Fulton, no run
Bandara to Astle, 2 runs
Bandara to Astle, no run
Bandara to Astle, FOUR runs
Bandara to Fulton, 1 run
Bandara to Fulton, FOUR runs
Bandara to Fulton, no run
Dilshan to Astle, no run
Dilshan to Astle, 2 runs
Dilshan to Astle, no run
Dilshan to Fulton, 1 run
Dilshan to Astle, 1 run
Dilshan to Astle, no run
Bandara to Astle, 1 run
Bandara to Astle, no run
Bandara to Fulton, 1 run
Bandara to Astle, 1 run
Bandara to Fulton, 1 run
Bandara to Fulton, no run
Dilshan to Astle, OUT
Dilshan to Astle, no run
Dilshan to Astle, no run
Dilshan to McCullum, 1 run
Dilshan to Taylor, 1 run, OUT
Dilshan to Taylor, no run
Bandara to McCullum, no run
Bandara to Taylor, 1 run
Bandara to McCullum, 1 run
Bandara to McCullum, no run
Bandara to McCullum, no run
Bandara to Taylor, 1 run
Dilshan to McCullum, no run
Dilshan to McCullum, no run
Dilshan to McCullum, no run
Dilshan to Taylor, 1 run
Dilshan to Taylor, no run
Dilshan to Taylor, no run
Fernando to McCullum, no run
Fernando to Fleming, OUT
Fernando to Fleming, FOUR runs
Fernando to Fleming, no run
Fernando to Fleming, no run
Fernando to Fleming, no run
Malinga to McCullum, no run
Malinga to McCullum, no run
Malinga to McCullum, 4 byes
Malinga to McCullum, FOUR runs
Malinga to McCullum, no run
Malinga to McCullum, 1 wide
Malinga to McCullum, no run
Perera to Fleming, no run
Perera to Fleming, FOUR runs
Perera to Fleming, no run
Perera to Fleming, no run
Perera to Fleming, FOUR runs
Perera to Fleming, FOUR runs
Malinga to McCullum, no run
Malinga to McCullum, 2 runs
Malinga to McCullum, no run
Malinga to Fleming, 1 leg bye
Malinga to Fleming, no run
Malinga to Fleming, no run
Perera to McCullum, FOUR runs
Perera to McCullum, FOUR runs
Perera to McCullum, no run
Perera to McCullum, 1 wide
Perera to McCullum, FOUR runs
Perera to Fleming, 1 run
Perera to Fleming, no run
Perera to Fleming, 1 wide
Malinga to McCullum, FOUR runs
Malinga to McCullum, no run
Malinga to McCullum, no run
Malinga to McCullum, FOUR runs
Malinga to McCullum, no run
Malinga to McCullum, no run
