Patel to Malinga, OUT
Patel to Malinga, no run
Astle to Fernando, OUT
Astle to Fernando, no run
Astle to Fernando, FOUR runs
Astle to Malinga, 1 run
Astle to Fernando, 1 run
Astle to Malinga, 1 run
Patel to Fernando, FOUR runs
Patel to Fernando, 2 runs
Patel to Fernando, no run
Patel to Malinga, 1 run
Patel to Malinga, no run
Patel to Fernando, 1 run
Astle to Malinga, SIX runs
Astle to Malinga, 2 runs
Astle to Malinga, FOUR runs
Astle to Fernando, 1 run
Astle to Malinga, 1 run
Astle to Malinga, SIX runs
Adams to Fernando, FOUR runs
Adams to Fernando, FOUR runs
Adams to Fernando, no run
Adams to Fernando, 1 wide
Adams to Fernando, no run
Adams to Fernando, no run
Adams to Silva, OUT
Astle to Silva, 1 run
Astle to Malinga, 1 run
Astle to Malinga, no run
Astle to Malinga, no run
Astle to Silva, 1 run
Gillespie to Silva, 2 runs
Adams to Malinga, no run
Adams to Malinga, FOUR runs
Adams to Malinga, no run
Adams to Silva, 1 run
Adams to Silva, no run
Adams to Silva, no run
Gillespie to Malinga, no run
Gillespie to Malinga, no run
Gillespie to Bandara, OUT
Gillespie to Silva, 1 run
Gillespie to Silva, no run
Gillespie to Silva, no run
Adams to Silva, 1 run
Adams to Silva, no run
Adams to Bandara, 1 run
Adams to Silva, 1 run, OUT
Adams to Dilshan, 1 run
Adams to Silva, 1 run
Gillespie to Dilshan, no run
Gillespie to Silva, 1 run
Gillespie to Dilshan, 1 run
Gillespie to Silva, 1 run
Gillespie to Silva, no run
Gillespie to Silva, no run
Adams to Dilshan, no run
Adams to Dilshan, no run
Adams to Dilshan, no run
Adams to Silva, 1 run
Adams to Sangakkara, OUT
Adams to Sangakkara, no run
Gillespie to Dilshan, no run
Gillespie to Dilshan, no run
Gillespie to Dilshan, 5 wide
Gillespie to Sangakkara, 1 run
Gillespie to Sangakkara, no run
Gillespie to Dilshan, 1 run
Gillespie to Dilshan, no run
Franklin to Atapattu, OUT
Franklin to Sangakkara, 1 run
Franklin to Sangakkara, no run
Franklin to Atapattu, 1 run
Franklin to Sangakkara, 1 run
Franklin to Atapattu, 1 run
Mason to Sangakkara, no run
Mason to Sangakkara, FOUR runs
Mason to Sangakkara, FOUR runs
Mason to Atapattu, 1 run
Mason to Sangakkara, 1 leg bye
Mason to Sangakkara, no run
Franklin to Sangakkara, 1 run
Franklin to Atapattu, 1 run
Franklin to Atapattu, no run
Franklin to Atapattu, no run
Franklin to Sangakkara, 1 run
Franklin to Atapattu, 1 run
Mason to Sangakkara, no run
Mason to Sangakkara, no run
Mason to Kapugedera, OUT
Mason to Kapugedera, no run
Mason to Kapugedera, no run
Mason to Kapugedera, 1 wide
Mason to Kapugedera, no run
Mason to Kapugedera, 1 wide
Franklin to Sangakkara, no run
Franklin to Mahela Jayawardene, OUT
Franklin to Mahela Jayawardene, no run
Franklin to Kapugedera, 1 leg bye
Franklin to Kapugedera, SIX runs
Franklin to Kapugedera, no run
Mason to Mahela Jayawardene, no run
Mason to Mahela Jayawardene, 1 wide
Mason to Mahela Jayawardene, 2 runs
Mason to Kapugedera, 1 run
Mason to Kapugedera, no run
Mason to Kapugedera, FOUR runs
Mason to Kapugedera, no run
Franklin to Mahela Jayawardene, 2 runs
Franklin to Mahela Jayawardene, FOUR runs
Franklin to Kapugedera, 1 run
Franklin to Mahela Jayawardene, (no ball) 1 run
Franklin to Upul Tharanga, OUT
Franklin to Upul Tharanga, no run
Franklin to Upul Tharanga, no run
