Razzak to Dilshan, FOUR runs
Razzak to Mubarak, 1 run
Razzak to Mubarak, 1 wide
Razzak to Dilshan, 1 run
Razzak to Dilshan, no run
Razzak to Mubarak, 1 run
Razzak to Mubarak, no run
Syed Rasel to Dilshan, 2 runs
Syed Rasel to Mubarak, 1 run
Syed Rasel to Mubarak, SIX runs
Syed Rasel to Mubarak, FOUR runs
Syed Rasel to Mubarak, 2 runs
Syed Rasel to Mubarak, 2 runs
Mortaza to Dilshan, FOUR runs
Mortaza to Mubarak, 1 run
Mortaza to Mubarak, 2 runs
Mortaza to Mubarak, FOUR runs
Mortaza to Dilshan, 1 run
Mortaza to Mubarak, 1 run
Razzak to Mubarak, 1 run
Razzak to Dilshan, 1 leg bye
Razzak to Mubarak, 1 run
Razzak to Dilshan, 1 run
Razzak to Mubarak, 1 run
Razzak to Dilshan, 1 run
Shakib to Mubarak, no run
Shakib to Dilshan, 1 run
Shakib to Mubarak, 1 run
Shakib to Dilshan, 1 run
Shakib to Dilshan, 2 runs
Shakib to Mubarak, 1 run
Razzak to Mubarak, 1 run
Razzak to Mahela Jayawardene, OUT
Razzak to Mahela Jayawardene, 1 wide
Razzak to Dilshan, 1 run
Razzak to Dilshan, no run
Razzak to Mahela Jayawardene, 3 runs
Razzak to Dilshan, 1 run
Mahmudullah to Mahela Jayawardene, no run
Mahmudullah to Dilshan, 1 run
Mahmudullah to Mahela Jayawardene, 1 run
Mahmudullah to Mahela Jayawardene, 2 runs
Mahmudullah to Mahela Jayawardene, 2 runs
Mahmudullah to Mahela Jayawardene, no run
Shakib to Silva, OUT
Shakib to Silva, no run
Shakib to Silva, no run
Shakib to Mahela Jayawardene, 1 leg bye
Shakib to Mahela Jayawardene, FOUR runs
Shakib to Mahela Jayawardene, 2 runs
Mahmudullah to Silva, no run
Mahmudullah to Silva, 2 runs
Mahmudullah to Mahela Jayawardene, 1 run
Mahmudullah to Mahela Jayawardene, 2 runs
Mahmudullah to Silva, 1 run
Mahmudullah to Silva, no run
Shakib to Mahela Jayawardene, no run
Shakib to Silva, 1 run
Shakib to Silva, SIX runs
Shakib to Mahela Jayawardene, 1 run
Shakib to Silva, 1 run
Shakib to Mahela Jayawardene, 1 run
Mahmudullah to Silva, no run
Mahmudullah to Mahela Jayawardene, 1 run
Mahmudullah to Silva, 1 run
Mahmudullah to Sangakkara, OUT
Mahmudullah to Mahela Jayawardene, 1 run
Mahmudullah to Sangakkara, 1 run
Ashraful to Sangakkara, 1 leg bye
Ashraful to Sangakkara, (no ball)
Ashraful to Sangakkara, 2 runs
Ashraful to Mahela Jayawardene, 1 run
Ashraful to Sangakkara, 1 run
Ashraful to Mahela Jayawardene, 1 run
Ashraful to Sangakkara, 1 run
Mahmudullah to Mahela Jayawardene, no run
Mahmudullah to Mahela Jayawardene, no run
Mahmudullah to Sangakkara, 1 run
Mahmudullah to Mahela Jayawardene, 1 run
Mahmudullah to Mahela Jayawardene, no run
Mahmudullah to Sangakkara, 1 run
Ashraful to Sangakkara, 1 run
Ashraful to Mahela Jayawardene, 1 run
Ashraful to Mahela Jayawardene, 2 runs
Ashraful to Mahela Jayawardene, 2 runs
Ashraful to Sangakkara, 1 run
Ashraful to Sangakkara, no run
Syed Rasel to Mahela Jayawardene, no run
Syed Rasel to Sangakkara, 1 run
Syed Rasel to Mahela Jayawardene, 1 run
Syed Rasel to Mahela Jayawardene, no run
Syed Rasel to Mahela Jayawardene, no run
Syed Rasel to Upul Tharanga, OUT
Mortaza to Sangakkara, no run
Mortaza to Sangakkara, no run
Mortaza to Sangakkara, FOUR runs
Mortaza to Sangakkara, no run
Mortaza to Upul Tharanga, 3 runs
Mortaza to Upul Tharanga, FOUR runs
Syed Rasel to Upul Tharanga, 1 run
Syed Rasel to Upul Tharanga, no run
Syed Rasel to Upul Tharanga, FOUR runs
Syed Rasel to Sangakkara, 1 run
Syed Rasel to Upul Tharanga, 1 run
Syed Rasel to Upul Tharanga, no run
Mortaza to Sangakkara, FOUR runs
Mortaza to Sangakkara, no run
Mortaza to Sangakkara, no run
Mortaza to Upul Tharanga, 1 run
Mortaza to Upul Tharanga, no run
Mortaza to Upul Tharanga, 2 runs
Syed Rasel to Sangakkara, no run
Syed Rasel to Sangakkara, no run
Syed Rasel to Sangakkara, 4 byes
Syed Rasel to Sangakkara, no run
Syed Rasel to Sangakkara, no run
Syed Rasel to Sangakkara, no run
Mortaza to Upul Tharanga, 2 runs
Mortaza to Sangakkara, 1 run
Mortaza to Sangakkara, no run
Mortaza to Jayasuriya, OUT
Mortaza to Upul Tharanga, 1 run
Mortaza to Upul Tharanga, FOUR runs
