Jayasuriya to Razzak, OUT
Jayasuriya to Razzak, 2 runs
Jayasuriya to Razzak, no run
Jayasuriya to Razzak, no run
Jayasuriya to Mahmudullah, OUT
Dilshan to Mahmudullah, 1 run
Dilshan to Mahmudullah, SIX runs
Dilshan to Razzak, 1 run
Dilshan to Razzak, no run
Dilshan to Mahmudullah, 1 run
Dilshan to Razzak, 1 run
Jayasuriya to Razzak, 1 run
Jayasuriya to Razzak, no run
Jayasuriya to Razzak, no run
Jayasuriya to Razzak, no run
Jayasuriya to Razzak, no run
Jayasuriya to Mahmudullah, 1 run
Malinga to Mahmudullah, 1 leg bye
Malinga to Mahmudullah, 1 run, OUT
Malinga to Mushfiqur, 1 run
Malinga to Mortaza, OUT
Malinga to Mortaza, FOUR runs
Malinga to Mortaza, no run
Malinga to Mortaza, no run
Maharoof to Mortaza, 1 run
Maharoof to Mortaza, no run
Maharoof to Mortaza, no run
Maharoof to Mortaza, 2 runs
Maharoof to Mortaza, FOUR runs
Maharoof to Mortaza, no run
Malinga to Mahmudullah, no run
Malinga to Mahmudullah, no run
Malinga to Mortaza, 1 run
Malinga to Mortaza, no run
Malinga to Mahmudullah, 1 run
Malinga to Mahmudullah, no run
Maharoof to Shakib, OUT
Maharoof to Mahmudullah, 1 run
Maharoof to Mahmudullah, 2 runs
Maharoof to Mahmudullah, no run
Maharoof to Shakib, 1 run
Maharoof to Mahmudullah, 1 run
Dilshan to Mahmudullah, 1 run
Dilshan to Shakib, 1 run
Dilshan to Shakib, 2 runs
Dilshan to Shakib, no run
Dilshan to Shakib, FOUR runs
Dilshan to Shakib, 1 run, OUT
Maharoof to Shakib, 1 run
Maharoof to Nadif, 1 run
Maharoof to Nadif, no run
Maharoof to Shakib, 1 run
Maharoof to Nadif, 1 run
Maharoof to Nadif, no run
Vaas to Nadif, 1 run
Vaas to Nadif, 2 runs
Vaas to Shakib, 1 run
Vaas to Shakib, no run
Vaas to Ashraful, OUT
Vaas to Ashraful, no run
Fernando to Shakib, no run
Fernando to Ashraful, 1 run
Fernando to Shakib, 1 run
Fernando to Shakib, FOUR runs
Fernando to Shakib, no run
Fernando to Shakib, no run
Vaas to Ashraful, no run
Vaas to Ashraful, no run
Vaas to Shakib, 1 run
Vaas to Ashraful, 1 run
Vaas to Ashraful, 2 runs
Vaas to Ashraful, no run
Fernando to Shakib, no run
Fernando to Shakib, no run
Fernando to Aftab, OUT
Fernando to Aftab, no run
Fernando to Tamim, OUT
Fernando to Tamim, no run
Vaas to Aftab, no run
Vaas to Tamim, 1 run
Vaas to Tamim, no run
Vaas to Tamim, no run
Vaas to Aftab, 1 run
Vaas to Aftab, no run
Fernando to Aftab, 1 run
Fernando to Aftab, FOUR runs
Fernando to Tamim, 1 run
Fernando to Aftab, 1 run
Fernando to Aftab, FOUR runs
Fernando to Aftab, FOUR runs
Vaas to Aftab, 3 runs
Vaas to Nazimuddin, OUT
Vaas to Tamim, 1 run
Vaas to Tamim, no run
Vaas to Tamim, no run
Vaas to Tamim, no run
