Boult to Buttler, no run
Boult to Buttler, (no ball) FOUR runs
Boult to Buttler, SIX runs
Boult to Buttler, no run
Boult to Buttler, no run
Boult to Broad, OUT
Boult to Buttler, 1 run
Ellis to Broad, FOUR runs
Ellis to Broad, no run
Ellis to Buttler, 1 run
Ellis to Patel, OUT
Ellis to Buttler, 1 run
Ellis to Patel, 1 run
Boult to Patel, 1 run
Boult to Bairstow, OUT
Boult to Buttler, 1 run
Boult to Bairstow, 1 run
Boult to Buttler, 1 run
Boult to Buttler, no run
McCullum to Buttler, 1 run
McCullum to Buttler, FOUR runs
McCullum to Buttler, SIX runs
McCullum to Buttler, SIX runs
McCullum to Buttler, no run
McCullum to Bairstow, 1 run
Hira to Bairstow, 1 run
Hira to Morgan, OUT
Hira to Morgan, no run
Hira to Bairstow, 1 run
Hira to Bairstow, FOUR runs
Hira to Morgan, 1 run
McCullum to Morgan, 1 run
McCullum to Morgan, no run
McCullum to Bairstow, 1 run
McCullum to Morgan, 1 run
McCullum to Morgan, SIX runs
McCullum to Morgan, FOUR runs
Hira to Morgan, 1 run
Hira to Bairstow, 1 run
Hira to Morgan, 1 run
Hira to Morgan, FOUR runs
Hira to Bairstow, 1 run
Hira to Morgan, 1 run
McClenaghan to Morgan, 1 run
McClenaghan to Morgan, SIX runs
McClenaghan to Bairstow, 1 run
McClenaghan to Bairstow, 2 runs
McClenaghan to Bairstow, no run
McClenaghan to Morgan, 1 run
Ellis to Morgan, 1 run
Ellis to Bairstow, 1 run
Ellis to Bairstow, 1 wide
Ellis to Morgan, 1 run
Ellis to Bairstow, 1 run
Ellis to Bairstow, FOUR runs
Ellis to Bairstow, SIX runs
McCullum to Bairstow, 1 run
McCullum to Bairstow, SIX runs
McCullum to Bairstow, no run
McCullum to Morgan, 1 run
McCullum to Morgan, no run
McCullum to Bairstow, 1 run
Franklin to Morgan, SIX runs
Franklin to Morgan, no run
Franklin to Morgan, no run
Franklin to Morgan, no run
Franklin to Morgan, FOUR runs
Franklin to Morgan, FOUR runs
McClenaghan to Bairstow, FOUR runs
McClenaghan to Bairstow, no run
McClenaghan to Lumb, OUT
McClenaghan to Lumb, no run
McClenaghan to Morgan, 1 run
McClenaghan to Lumb, 1 run
Ellis to Wright, OUT
Ellis to Wright, SIX runs
Ellis to Wright, FOUR runs
Ellis to Lumb, 1 run
Ellis to Lumb, SIX runs
Ellis to Wright, 1 run
McCullum to Wright, 1 run
McCullum to Wright, SIX runs
McCullum to Wright, no run
McCullum to Lumb, 1 run
McCullum to Lumb, no run
McCullum to Wright, 1 run
Hira to Lumb, SIX runs
Hira to Lumb, FOUR runs
Hira to Wright, 1 run
Hira to Wright, FOUR runs
Hira to Wright, SIX runs
Hira to Wright, no run
Boult to Wright, 1 run
Boult to Wright, SIX runs
Boult to Wright, no run
Boult to Wright, FOUR runs
Boult to Wright, no run
Boult to Wright, no run
Hira to Wright, 1 run
Hira to Wright, no run
Hira to Hales, OUT
Hira to Hales, FOUR runs
Hira to Hales, no run
Hira to Hales, no run
McClenaghan to Lumb, no run
McClenaghan to Lumb, no run
McClenaghan to Hales, 1 run
McClenaghan to Hales, FOUR runs
McClenaghan to Lumb, 1 run
McClenaghan to Lumb, no run
Boult to Hales, no run
Boult to Hales, no run
Boult to Hales, no run
Boult to Hales, SIX runs
Boult to Hales, 2 runs
Boult to Hales, no run
Boult to Hales, 5 wide
McClenaghan to Hales, 1 run
McClenaghan to Hales, no run
McClenaghan to Hales, no run
McClenaghan to Lumb, 1 run
McClenaghan to Hales, 3 runs
McClenaghan to Lumb, 1 run
