Dernbach to McClenaghan, 1 run
Dernbach to McClenaghan, (no ball)
Dernbach to McClenaghan, FOUR runs
Dernbach to McClenaghan, no run
Dernbach to McClenaghan, 4 leg byes
Dernbach to McClenaghan, no run
Dernbach to Hira, 1 run
Broad to Hira, 1 run
Broad to McClenaghan, 1 run
Broad to Hira, 1 run
Broad to Hira, no run
Broad to Boult, OUT
Broad to Hira, 1 run
Dernbach to Boult, no run
Dernbach to Hira, 1 run
Dernbach to Hira, FOUR runs
Dernbach to Boult, 1 run
Dernbach to Boult, no run
Dernbach to Boult, 2 runs
Finn to Boult, 1 run
Finn to Hira, 1 run
Finn to Hira, SIX runs
Finn to Hira, no run
Finn to Hira, FOUR runs
Finn to Ellis, OUT
Wright to Ellis, 1 run
Wright to McCullum, OUT
Wright to Ellis, 1 run
Wright to McCullum, 1 run
Wright to Ellis, 1 run
Wright to McCullum, 1 leg bye
Broad to McCullum, 1 run
Broad to Ellis, 1 run
Broad to Munro, OUT
Broad to McCullum, 1 run
Broad to McCullum, no run
Broad to Franklin, OUT
Tredwell to Munro, SIX runs
Tredwell to Franklin, 1 run
Tredwell to Munro, 1 run
Tredwell to Franklin, 1 run
Tredwell to Franklin, SIX runs
Tredwell to Munro, 1 run
Wright to Franklin, no run
Wright to Guptill, OUT
Wright to Munro, 1 run
Wright to Munro, no run
Wright to Munro, SIX runs
Wright to Munro, no run
Tredwell to Munro, 1 run
Tredwell to Guptill, 1 run
Tredwell to Munro, 1 run
Tredwell to Guptill, 1 run
Tredwell to Guptill, FOUR runs
Tredwell to Guptill, no run
Wright to Munro, SIX runs
Wright to Munro, 2 runs
Wright to Munro, no run
Wright to Munro, no run
Wright to Munro, no run
Wright to Munro, no run
Patel to Munro, 1 run
Patel to Guptill, 1 run
Patel to Munro, 1 run
Patel to Guptill, 1 run
Patel to Guptill, SIX runs
Patel to Munro, 1 run
Finn to Taylor, OUT
Finn to Taylor, no run
Finn to Guptill, 1 run
Finn to Guptill, FOUR runs
Finn to Taylor, 1 run
Finn to Taylor, no run
Patel to Taylor, 1 run
Patel to Guptill, 1 run
Patel to Guptill, no run
Patel to Taylor, 1 leg bye
Patel to Taylor, 2 runs
Patel to Taylor, no run
Patel to Taylor, 1 wide
Patel to Taylor, 1 wide
Wright to Guptill, no run
Wright to Guptill, no run
Wright to Guptill, SIX runs
Wright to Taylor, 1 run
Wright to Taylor, 2 runs
Wright to Guptill, 1 run
Dernbach to Taylor, FOUR runs
Dernbach to Guptill, 1 run
Dernbach to Taylor, 1 run
Dernbach to Taylor, no run
Dernbach to Guptill, 1 run
Dernbach to Taylor, 1 run
Finn to Guptill, no run
Finn to McCullum, OUT
Finn to McCullum, 1 wide
Finn to McCullum, FOUR runs
Finn to Guptill, 1 run
Finn to McCullum, 1 run
Finn to Guptill, 1 run
Broad to Guptill, 1 run
Broad to McCullum, 1 run
Broad to McCullum, FOUR runs
Broad to Guptill, 1 run
Broad to Rutherford, OUT
Broad to Rutherford, SIX runs
Dernbach to Guptill, FOUR runs
Dernbach to Guptill, 2 runs
Dernbach to Guptill, no run
Dernbach to Guptill, no run
Dernbach to Rutherford, 1 leg bye
Dernbach to Rutherford, no run
Broad to Rutherford, 1 run
Broad to Guptill, 1 run
Broad to Rutherford, 1 run
Broad to Guptill, 1 run
Broad to Guptill, no run
Broad to Rutherford, 1 leg bye
Finn to Guptill, 2 runs
Finn to Rutherford, 1 run
Finn to Rutherford, FOUR runs
Finn to Rutherford, FOUR runs
Finn to Guptill, 1 run
Finn to Rutherford, 1 run
