Perera to Lee, 1 run
Perera to Hastings, 1 run
Perera to Lee, 1 run
Perera to Lee, 2 runs
Perera to White, OUT
Perera to Hastings, 1 run
Kulasekara to White, SIX runs
Kulasekara to White, 2 runs
Kulasekara to Hastings, 1 run
Kulasekara to Hastings, no run
Kulasekara to Hastings, no run
Kulasekara to Hastings, no run
Kulasekara to White, (no ball) 1 run
Mendis to White, 1 run
Mendis to White, 1 run, OUT
Mendis to O'Keefe, 1 run
Mendis to Johnson, OUT
Mendis to Johnson, 2 runs
Mendis to Johnson, 4 byes
Jeevan Mendis to White, FOUR runs
Jeevan Mendis to Johnson, 1 run
Jeevan Mendis to Johnson, no run
Jeevan Mendis to White, 1 run
Jeevan Mendis to Johnson, 1 run
Jeevan Mendis to Johnson, no run
Mendis to Johnson, 1 run
Mendis to Johnson, no run
Mendis to Johnson, no run
Mendis to Johnson, 2 runs
Mendis to Haddin, OUT
Mendis to Smith, OUT
Jeevan Mendis to Smith, 1 run
Jeevan Mendis to White, 1 run
Jeevan Mendis to Smith, 1 run
Jeevan Mendis to White, 1 run
Jeevan Mendis to Smith, 1 run
Jeevan Mendis to White, 1 run
Herath to Smith, no run
Herath to Smith, 1 wide
Herath to White, 1 run
Herath to White, 2 runs
Herath to White, SIX runs
Herath to Smith, 1 run
Herath to Smith, no run
Jeevan Mendis to White, no run
Jeevan Mendis to White, no run
Jeevan Mendis to White, SIX runs
Jeevan Mendis to White, no run
Jeevan Mendis to White, no run
Jeevan Mendis to Smith, 1 run
Perera to Smith, 1 run
Perera to Smith, FOUR runs
Perera to Smith, no run
Perera to White, 1 leg bye
Perera to Smith, 1 run
Perera to White, 1 run
Jeevan Mendis to White, 1 run
Jeevan Mendis to White, no run
Jeevan Mendis to White, no run
Jeevan Mendis to White, no run
Jeevan Mendis to White, 2 runs
Jeevan Mendis to White, no run
Perera to Smith, no run
Perera to White, 1 run
Perera to Smith, 1 run
Perera to Smith, no run
Perera to White, 1 leg bye
Perera to White, no run
Herath to Smith, no run
Herath to Smith, no run
Herath to Smith, no run
Herath to Smith, no run
Herath to Hussey, OUT
Herath to Hussey, 2 runs
Mendis to White, no run
Mendis to White, no run
Mendis to Marsh, OUT
Mendis to Marsh, no run
Mendis to Marsh, no run
Mendis to Warner, OUT
Herath to Hussey, no run
Herath to Warner, 1 run
Herath to Warner, no run
Herath to Warner, no run
Herath to Warner, no run
Herath to Warner, no run
Mendis to Warner, 1 run
Mendis to Watson, OUT
Mendis to Watson, no run
Mendis to Watson, SIX runs
Mendis to Watson, no run
Mendis to Warner, 1 run
Herath to Watson, FOUR runs
Herath to Watson, no run
Herath to Watson, SIX runs
Herath to Watson, SIX runs
Herath to Watson, no run
Herath to Warner, 1 run
Perera to Watson, SIX runs
Perera to Watson, SIX runs
Perera to Watson, no run
Perera to Warner, 1 run
Perera to Warner, no run
Perera to Warner, FOUR runs
Kulasekara to Watson, FOUR runs
Kulasekara to Watson, no run
Kulasekara to Watson, FOUR runs
Kulasekara to Warner, 1 run
Kulasekara to Warner, FOUR runs
Kulasekara to Warner, no run
Perera to Watson, FOUR runs
Perera to Watson, FOUR runs
Perera to Watson, 2 runs
Perera to Watson, FOUR runs
Perera to Warner, 1 run
Perera to Warner, no run
Kulasekara to Watson, no run
Kulasekara to Watson, no run
Kulasekara to Warner, 1 run
Kulasekara to Watson, 1 run
Kulasekara to Watson, no run
Kulasekara to Watson, no run
