Lee to Mendis, no run
Lee to Mendis, 5 wide
Lee to Kulasekara, OUT
Lee to Herath, 1 run
Lee to Kulasekara, 1 run
Lee to Mahela Jayawardene, OUT
Lee to Mahela Jayawardene, FOUR runs
Lee to Mahela Jayawardene, (no ball)
Hastings to Mahela Jayawardene, 1 run
Hastings to Mahela Jayawardene, 2 runs
Hastings to Kulasekara, 1 run
Hastings to Mahela Jayawardene, 1 run
Hastings to Mahela Jayawardene, no run
Hastings to Kulasekara, 1 run
O'Keefe to Kulasekara, 1 run
O'Keefe to Kulasekara, no run
O'Keefe to Mahela Jayawardene, 1 run
O'Keefe to Perera, OUT
O'Keefe to Mahela Jayawardene, 1 run
O'Keefe to Mahela Jayawardene, 2 runs
Hastings to Perera, no run
Hastings to Perera, 1 wide
Hastings to Mahela Jayawardene, 1 run
Hastings to Perera, 1 leg bye
Hastings to Angelo Mathews, OUT
Hastings to Mahela Jayawardene, 1 run
Hastings to Mahela Jayawardene, no run
Johnson to Angelo Mathews, FOUR runs
Johnson to Mahela Jayawardene, 1 run
Johnson to Mahela Jayawardene, no run
Johnson to Angelo Mathews, 1 run
Johnson to Angelo Mathews, no run
Johnson to Mahela Jayawardene, 1 run
Hastings to Jeevan Mendis, OUT
Hastings to Mahela Jayawardene, 1 leg bye
Hastings to Jeevan Mendis, 1 run
Hastings to Jeevan Mendis, no run
Hastings to Jeevan Mendis, no run
Hastings to Sangakkara, OUT
Smith to Sangakkara, 1 run
Smith to Mahela Jayawardene, 1 run
Smith to Mahela Jayawardene, no run
Smith to Mahela Jayawardene, no run
Smith to Sangakkara, 1 run
Smith to Sangakkara, SIX runs
Hastings to Sangakkara, 1 run
Hastings to Mahela Jayawardene, 1 run
Hastings to Mahela Jayawardene, no run
Hastings to Sangakkara, 1 run
Hastings to Mahela Jayawardene, 1 run
Hastings to Mahela Jayawardene, no run
O'Keefe to Sangakkara, FOUR runs
O'Keefe to Sangakkara, 2 runs
O'Keefe to Mahela Jayawardene, 1 run
O'Keefe to Mahela Jayawardene, FOUR runs
O'Keefe to Sangakkara, 1 run
O'Keefe to Sangakkara, no run
Hussey to Sangakkara, 1 run
Hussey to Mahela Jayawardene, 1 run
Hussey to Sangakkara, 1 run
Hussey to Sangakkara, no run
Hussey to Sangakkara, 1 wide
Hussey to Sangakkara, 2 runs
Hussey to Mahela Jayawardene, 1 run
Smith to Sangakkara, 2 runs
Smith to Mahela Jayawardene, 1 run
Smith to Mahela Jayawardene, no run
Smith to Mahela Jayawardene, SIX runs
Smith to Mahela Jayawardene, no run
Smith to Sangakkara, 1 run
Johnson to Mahela Jayawardene, FOUR runs
Johnson to Perera, OUT
Johnson to Perera, 2 runs
Johnson to Perera, 2 runs
Johnson to Perera, FOUR runs
Johnson to Perera, no run
Smith to Perera, 1 run
Smith to Chandimal, OUT
Smith to Chandimal, FOUR runs
Smith to Chandimal, 2 runs
Smith to Chandimal, no run
Smith to Mahela Jayawardene, 1 run
O'Keefe to Mahela Jayawardene, 1 run
O'Keefe to Chandimal, 1 run
O'Keefe to Mahela Jayawardene, 1 run
O'Keefe to Mahela Jayawardene, no run
O'Keefe to Mahela Jayawardene, no run
O'Keefe to Mahela Jayawardene, 2 runs
Johnson to Chandimal, no run
Johnson to Mahela Jayawardene, 1 run
Johnson to Mahela Jayawardene, no run
Johnson to Mahela Jayawardene, FOUR runs
Johnson to Mahela Jayawardene, FOUR runs
Johnson to Mahela Jayawardene, FOUR runs
Lee to Chandimal, FOUR runs
Lee to Mahela Jayawardene, 1 run
Lee to Mahela Jayawardene, FOUR runs
Lee to Mahela Jayawardene, FOUR runs
Lee to Chandimal, 1 run
Lee to Mahela Jayawardene, 1 run
Johnson to Mahela Jayawardene, 1 run
Johnson to Mahela Jayawardene, no run
Johnson to Chandimal, 1 run
Johnson to Chandimal, no run
Johnson to Chandimal, no run
Johnson to Mahela Jayawardene, 1 run
Lee to Dilshan, OUT
Lee to Mahela Jayawardene, 1 run
Lee to Mahela Jayawardene, FOUR runs
Lee to Mahela Jayawardene, no run
Lee to Mahela Jayawardene, FOUR runs
Lee to Dilshan, 1 run
O'Keefe to Mahela Jayawardene, no run
O'Keefe to Mahela Jayawardene, FOUR runs
O'Keefe to Mahela Jayawardene, FOUR runs
O'Keefe to Dilshan, 1 run
O'Keefe to Mahela Jayawardene, 1 run
O'Keefe to Dilshan, 1 run
Lee to Mahela Jayawardene, no run
Lee to Mahela Jayawardene, no run
Lee to Dilshan, 1 run
Lee to Dilshan, no run
Lee to Mahela Jayawardene, 1 run
Lee to Mahela Jayawardene, no run
