Masakadza to Guptill, 2 runs
Masakadza to Guptill, SIX runs
Masakadza to Williamson, OUT
Masakadza to Williamson, FOUR runs
Masakadza to Williamson, no run
Price to Williamson, 1 run
Price to Williamson, no run
Price to Guptill, 1 run
Price to Williamson, 1 run
Price to Guptill, 1 run
Price to Williamson, 3 runs
Meth to Guptill, FOUR runs
Meth to Williamson, 1 run
Meth to Williamson, no run
Meth to Guptill, 1 run
Meth to Guptill, SIX runs
Meth to Guptill, no run
Price to Guptill, 1 run
Price to Williamson, 1 run
Price to Guptill, 1 run
Price to Guptill, 2 runs
Price to Guptill, no run
Price to Williamson, 1 run
Meth to Guptill, no run
Meth to Williamson, 1 run
Meth to Williamson, FOUR runs
Meth to Guptill, 1 run
Meth to Guptill, 2 runs
Meth to Williamson, 1 run
Jarvis to Williamson, 1 run
Jarvis to Williamson, 1 wide
Jarvis to Williamson, no run
Jarvis to Guptill, 1 run
Jarvis to Williamson, 1 run
Jarvis to Williamson, 2 runs
Jarvis to Guptill, 1 run
Utseya to Guptill, 1 run
Utseya to Guptill, no run
Utseya to Guptill, no run
Utseya to Williamson, 1 run
Utseya to Guptill, 1 run
Utseya to Guptill, 2 runs
Utseya to Guptill, 1 wide
Chigumbura to Williamson, FOUR runs
Chigumbura to Williamson, FOUR runs
Chigumbura to Guptill, 1 run
Chigumbura to Guptill, no run
Chigumbura to Guptill, SIX runs
Chigumbura to Williamson, 1 run
Masakadza to Guptill, no run
Masakadza to Guptill, no run
Masakadza to Guptill, 2 runs
Masakadza to Guptill, 1 wide
Masakadza to Guptill, 1 wide
Masakadza to Williamson, 1 run
Masakadza to Guptill, 1 run
Masakadza to Williamson, 1 run
Price to Guptill, 2 runs
Price to Guptill, FOUR runs
Price to Guptill, SIX runs
Price to Guptill, no run
Price to Williamson, 1 run
Price to Williamson, no run
Utseya to Guptill, no run
Utseya to Guptill, SIX runs
Utseya to Guptill, no run
Utseya to Williamson, 1 run
Utseya to Williamson, FOUR runs
Utseya to Guptill, 1 run
Price to Guptill, 1 run
Price to Williamson, 1 run
Price to Williamson, no run
Price to Guptill, 1 run
Price to Guptill, FOUR runs
Price to Williamson, 1 run
Masakadza to Guptill, no run
Masakadza to Guptill, 2 runs
Masakadza to Guptill, no run
Masakadza to Guptill, 2 runs
Masakadza to Williamson, 3 runs
Masakadza to Williamson, no run
Jarvis to Guptill, FOUR runs
Jarvis to Williamson, 1 run
Jarvis to Guptill, 1 run
Jarvis to Guptill, 1 wide
Jarvis to Guptill, SIX runs
Jarvis to Williamson, 1 run
Jarvis to Williamson, no run
Meth to Williamson, 1 run
Meth to Williamson, no run
Meth to Guptill, 1 run
Meth to Guptill, 1 wide
Meth to Guptill, no run
Meth to Guptill, no run
Meth to Guptill, FOUR runs
Jarvis to Guptill, 1 run
Jarvis to Guptill, no run
Jarvis to Guptill, 1 wide
Jarvis to McCullum, OUT
Jarvis to McCullum, 1 wide
Jarvis to Nicol, OUT
Jarvis to Nicol, FOUR runs
Jarvis to Nicol, FOUR runs
Meth to Nicol, 1 run
Meth to Nicol, no run
Meth to Nicol, no run
Meth to Nicol, 2 runs
Meth to Nicol, 1 wide
Meth to Guptill, 1 run
Meth to Nicol, 1 run
