Bates to Meth, 2 runs
Bates to Utseya, OUT
Bates to Meth, 1 run
Bates to Chigumbura, OUT
Bates to Chigumbura, SIX runs
Bates to Chigumbura, SIX runs
Mills to Chigumbura, 1 run
Mills to Chigumbura, FOUR runs
Mills to Meth, 1 run
Mills to Meth, no run
Mills to Chigumbura, 1 run
Mills to Meth, 1 run
Hira to Chigumbura, no run
Hira to Meth, 1 run
Hira to Masakadza, OUT
Hira to Chigumbura, 1 run
Hira to Chigumbura, no run
Hira to Chigumbura, 1 wide
Hira to Masakadza, 1 run
Doug Bracewell to Chigumbura, FOUR runs
Doug Bracewell to Chigumbura, FOUR runs
Doug Bracewell to Chigumbura, SIX runs
Doug Bracewell to Masakadza, 1 run
Doug Bracewell to Masakadza, FOUR runs
Doug Bracewell to Chigumbura, 1 run
Hira to Chigumbura, 1 run
Hira to Masakadza, 1 run
Hira to Chigumbura, 1 run
Hira to Masakadza, 1 leg bye
Hira to Chigumbura, 1 run
Hira to Masakadza, 1 run
Mills to Chigumbura, no run
Mills to Waller, OUT
Mills to Chigumbura, 1 run
Mills to Waller, 1 run
Mills to Chigumbura, 1 run
Mills to Chigumbura, SIX runs
Doug Bracewell to Waller, no run
Doug Bracewell to Waller, FOUR runs
Doug Bracewell to Waller, no run
Doug Bracewell to Chigumbura, 1 run
Doug Bracewell to Waller, 1 run
Doug Bracewell to Chigumbura, 1 run
McCullum to Waller, no run
McCullum to Chigumbura, 1 run
McCullum to Chigumbura, no run
McCullum to Waller, 1 run
McCullum to Taibu, OUT
McCullum to Waller, 1 run
Doug Bracewell to Taibu, no run
Doug Bracewell to Taibu, no run
Doug Bracewell to Taibu, FOUR runs
Doug Bracewell to Waller, 1 run
Doug Bracewell to Waller, no run
Doug Bracewell to Waller, no run
Williamson to Waller, 1 run
Williamson to Taibu, 1 run
Williamson to Waller, 1 run
Williamson to Taibu, 1 run
Williamson to Masakadza, OUT
Williamson to Masakadza, 2 runs
Hira to Taibu, no run
Hira to Masakadza, 1 run
Hira to Taibu, 1 run
Hira to Masakadza, 1 run
Hira to Masakadza, no run
Hira to Masakadza, FOUR runs
Nicol to Masakadza, 1 run
Nicol to Taibu, 1 run
Nicol to Masakadza, 1 run
Nicol to Masakadza, no run
Nicol to Masakadza, SIX runs
Nicol to Masakadza, no run
Hira to Masakadza, 1 run
Hira to Masakadza, no run
Hira to Taibu, 1 run
Hira to Masakadza, 1 run
Hira to Taibu, 1 run
Hira to Taibu, 2 runs
McCullum to Masakadza, 2 runs
McCullum to Taibu, 1 run
McCullum to Taibu, no run
McCullum to Taibu, FOUR runs
McCullum to Taibu, no run
McCullum to Masakadza, 1 run
Bates to Taibu, FOUR runs
Bates to Masakadza, 1 run
Bates to Taibu, 1 run
Bates to Taibu, no run
Bates to Masakadza, 1 run
Bates to Masakadza, 2 runs
Doug Bracewell to Masakadza, 1 run
Doug Bracewell to Masakadza, FOUR runs
Doug Bracewell to Taibu, 1 run
Doug Bracewell to Masakadza, 1 run
Doug Bracewell to Masakadza, no run
Doug Bracewell to Masakadza, (no ball) SIX runs
Doug Bracewell to Taibu, 1 run
Bates to Masakadza, no run
Bates to Masakadza, 2 runs
Bates to Taibu, 1 run
Bates to Masakadza, 1 run
Bates to Masakadza, no run
Bates to Taibu, 1 run
Mills to Taibu, 1 run
Mills to Mutizwa, OUT
Mills to Masakadza, 1 run
Mills to Masakadza, FOUR runs
Mills to Masakadza, no run
Mills to Masakadza, SIX runs
Bates to Mutizwa, no run
Bates to Mutizwa, no run
Bates to Taylor, OUT
Bates to Masakadza, 1 run
Bates to Taylor, 1 run
Bates to Taylor, no run
Mills to Masakadza, no run
Mills to Taylor, 1 run
Mills to Taylor, no run
Mills to Masakadza, 1 run
Mills to Masakadza, no run
Mills to Taylor, 1 run
