Tanvir to Miller, FOUR runs
Tanvir to Miller, 2 runs
Tanvir to Duminy, 1 run
Tanvir to Miller, 1 run
Tanvir to Duminy, 1 run
Tanvir to Miller, 1 run
Junaid to Duminy, FOUR runs
Junaid to Duminy, 2 runs
Junaid to Miller, 1 run
Junaid to Miller, SIX runs
Junaid to Miller, 1 wide
Junaid to Duminy, 1 run
Junaid to Duminy, FOUR runs
Ajmal to Duminy, 1 run
Ajmal to Duminy, FOUR runs
Ajmal to Miller, 1 run
Ajmal to Duminy, 1 run
Ajmal to Duminy, SIX runs
Ajmal to Duminy, 2 runs
Bhatti to Miller, no run
Bhatti to Duminy, 1 run
Bhatti to Miller, 1 run
Bhatti to Duminy, 1 run
Bhatti to Miller, 1 run
Bhatti to Miller, 2 runs
Ajmal to Miller, 1 run
Ajmal to Duminy, 1 run
Ajmal to Miller, 1 run
Ajmal to Amla, OUT
Ajmal to Duminy, 1 run
Ajmal to Amla, 1 run
Bhatti to Amla, 1 run
Bhatti to Amla, (no ball)
Bhatti to Amla, no run
Bhatti to Duminy, 1 run
Bhatti to Duminy, no run
Bhatti to Amla, 1 run
Bhatti to Duminy, 1 run
Afridi to Amla, FOUR runs
Afridi to Duminy, 1 run
Afridi to Duminy, 2 runs
Afridi to Amla, 1 run
Afridi to Duminy, 1 run
Afridi to Duminy, SIX runs
Ajmal to Duminy, 1 run
Ajmal to Amla, 1 run
Ajmal to Duminy, 1 run
Ajmal to Amla, 1 run
Ajmal to Duminy, 1 run
Ajmal to Amla, 1 run
Afridi to Amla, 1 run
Afridi to Duminy, 1 run
Afridi to de Villiers, OUT
Afridi to Amla, 1 run
Afridi to de Villiers, 1 run
Afridi to Amla, 1 run
Hafeez to de Villiers, FOUR runs
Hafeez to de Villiers, no run
Hafeez to de Villiers, 2 runs
Hafeez to de Villiers, FOUR runs
Hafeez to Amla, 1 run
Hafeez to de Villiers, 1 run
Afridi to de Villiers, 1 run
Afridi to Amla, 1 run
Afridi to du Plessis, OUT
Afridi to du Plessis, 2 runs
Afridi to Amla, 1 run
Afridi to du Plessis, 1 run
Bhatti to du Plessis, 1 leg bye
Bhatti to du Plessis, no run
Bhatti to Amla, 1 run
Bhatti to du Plessis, 1 run
Bhatti to Amla, 1 run
Bhatti to du Plessis, 1 run
Afridi to du Plessis, 1 run
Afridi to du Plessis, no run
Afridi to Amla, 1 run
Afridi to Amla, no run
Afridi to du Plessis, 1 leg bye
Afridi to de Kock, OUT
Bhatti to de Kock, 1 run
Bhatti to Amla, 1 run
Bhatti to Amla, 1 wide
Bhatti to Amla, no run
Bhatti to Amla, no run
Bhatti to de Kock, 1 leg bye
Bhatti to Amla, 1 run
Ajmal to Amla, 1 run
Ajmal to de Kock, 1 run
Ajmal to Amla, 1 run
Ajmal to de Kock, 1 run
Ajmal to de Kock, no run
Ajmal to de Kock, no run
Junaid to Amla, FOUR runs
Junaid to de Kock, 1 run
Junaid to de Kock, no run
Junaid to de Kock, FOUR runs
Junaid to de Kock, no run
Junaid to Amla, 1 run
Tanvir to Amla, 1 run
Tanvir to de Kock, 1 run
Tanvir to Amla, 1 run
Tanvir to Amla, FOUR runs
Tanvir to Amla, 1 wide
Tanvir to de Kock, 1 run
Tanvir to de Kock, FOUR runs
Hafeez to de Kock, 1 run
Hafeez to Amla, 1 run
Hafeez to de Kock, 1 run
Hafeez to de Kock, FOUR runs
Hafeez to de Kock, no run
Hafeez to de Kock, 2 runs
Tanvir to Amla, 2 runs
Tanvir to Amla, FOUR runs
Tanvir to Amla, no run
Tanvir to Amla, FOUR runs
Tanvir to de Kock, 1 leg bye
Tanvir to Amla, 1 run
Hafeez to de Kock, no run
Hafeez to de Kock, no run
Hafeez to de Kock, FOUR runs
Hafeez to de Kock, no run
Hafeez to Amla, 1 run
Hafeez to Amla, no run
