Steyn to Afridi, FOUR runs
Steyn to Afridi, no run
Steyn to Umar Akmal, OUT
Steyn to Afridi, 1 run
Steyn to Afridi, FOUR runs
Steyn to Afridi, no run
Parnell to Afridi, 1 run
Parnell to Afridi, 1 wide
Parnell to Umar Akmal, 1 run
Parnell to Afridi, 1 leg bye
Parnell to Umar Akmal, (no ball) 1 run
Parnell to Afridi, 1 run
Parnell to Umar Akmal, 1 run
Parnell to Umar Akmal, FOUR runs
Morkel to Afridi, no run
Morkel to Umar Akmal, 1 run
Morkel to Afridi, 1 run
Morkel to Afridi, no run
Morkel to Afridi, 1 wide
Morkel to Afridi, no run
Morkel to Afridi, no run
Steyn to Afridi, 1 run
Steyn to Umar Akmal, 1 run
Steyn to Umar Akmal, FOUR runs
Steyn to Hafeez, OUT
Steyn to Umar Akmal, 1 run
Steyn to Umar Akmal, no run
Parnell to Umar Akmal, 1 run
Parnell to Umar Akmal, FOUR runs
Parnell to Umar Akmal, SIX runs
Parnell to Umar Akmal, 1 wide
Parnell to Hafeez, 1 leg bye
Parnell to Umar Akmal, 1 run
Parnell to Umar Akmal, no run
Morkel to Hafeez, FOUR runs
Morkel to Umar Akmal, 1 run
Morkel to Umar Akmal, 1 wide
Morkel to Umar Akmal, SIX runs
Morkel to Umar Akmal, FOUR runs
Morkel to Umar Akmal, SIX runs
Morkel to Umar Akmal, no run
Wiese to Umar Akmal, 1 run
Wiese to Umar Akmal, FOUR runs
Wiese to Hafeez, 1 run
Wiese to Umar Akmal, 1 run
Wiese to Hafeez, 1 run
Wiese to Hafeez, FOUR runs
Duminy to Umar Akmal, no run
Duminy to Umar Akmal, no run
Duminy to Hafeez, 1 run
Duminy to Hafeez, FOUR runs
Duminy to Umar Akmal, 1 run
Duminy to Hafeez, 1 run
Phangiso to Umar Akmal, no run
Phangiso to Umar Akmal, 2 runs
Phangiso to Umar Akmal, SIX runs
Phangiso to Hafeez, 1 run
Phangiso to Hafeez, SIX runs
Phangiso to Hafeez, SIX runs
Wiese to Umar Akmal, no run
Wiese to Hafeez, 1 run
Wiese to Umar Akmal, 1 run
Wiese to Umar Akmal, no run
Wiese to Hafeez, 1 run
Wiese to Hafeez, FOUR runs
Phangiso to Hafeez, 1 run
Phangiso to Umar Akmal, 1 run
Phangiso to Hafeez, 1 run
Phangiso to Hafeez, 2 runs
Phangiso to Hafeez, FOUR runs
Phangiso to Hafeez, no run
Duminy to Umar Akmal, 2 runs
Duminy to Hafeez, 1 run
Duminy to Umar Akmal, 1 run
Duminy to Hafeez, 1 run
Duminy to Hafeez, 2 runs
Duminy to Hafeez, no run
Phangiso to Hafeez, 1 run
Phangiso to Hafeez, no run
Phangiso to Umar Akmal, 1 run
Phangiso to Umar Akmal, no run
Phangiso to Jamshed, OUT
Phangiso to Hafeez, 1 run
Parnell to Hafeez, 1 run
Parnell to Hafeez, 2 runs
Parnell to Hafeez, no run
Parnell to Hafeez, no run
Parnell to Hafeez, SIX runs
Parnell to Hafeez, (no ball) 2 runs
Parnell to Jamshed, 1 run
Wiese to Hafeez, no run
Wiese to Hafeez, 2 runs
Wiese to Jamshed, 1 run
Wiese to Jamshed, no run
Wiese to Hafeez, 1 run
Wiese to Jamshed, 1 run
Parnell to Hafeez, no run
Parnell to Hafeez, no run
Parnell to Hafeez, no run
Parnell to Hafeez, no run
Parnell to Hafeez, no run
Parnell to Shehzad, OUT
Steyn to Shehzad, 1 run
Steyn to Shehzad, SIX runs
Steyn to Shehzad, no run
Steyn to Shehzad, no run
Steyn to Jamshed, 1 run
Steyn to Jamshed, FOUR runs
Morkel to Shehzad, no run
Morkel to Jamshed, 1 run
Morkel to Jamshed, FOUR runs
Morkel to Jamshed, no run
Morkel to Jamshed, no run
Morkel to Jamshed, FOUR runs
Steyn to Shehzad, no run
Steyn to Shehzad, no run
Steyn to Jamshed, 1 run
Steyn to Jamshed, no run
Steyn to Jamshed, no run
Steyn to Jamshed, no run
Morkel to Shehzad, 2 runs
Morkel to Shehzad, no run
Morkel to Shehzad, no run
Morkel to Jamshed, 1 run
Morkel to Jamshed, no run
Morkel to Jamshed, no run
