Oram to Badree, OUT
Oram to Badree, no run
Oram to Rampaul, 1 leg bye
Southee to Badree, no run
Southee to Badree, 1 wide
Southee to Rampaul, 1 run
Southee to Rampaul, no run
Southee to Narine, OUT
Southee to Badree, 1 run
Southee to Narine, 1 run
Doug Bracewell to Narine, 1 run
Doug Bracewell to Pollard, OUT
Doug Bracewell to Pollard, FOUR runs
Doug Bracewell to Narine, 1 run
Doug Bracewell to Pollard, 1 run
Doug Bracewell to Pollard, FOUR runs
Southee to Sammy, OUT
Southee to Pollard, 1 run
Southee to Pollard, 2 runs
Southee to Sammy, 1 run
Southee to Pollard, 1 run
Southee to Pollard, 2 runs
Doug Bracewell to Sammy, 2 runs
Doug Bracewell to Pollard, 1 run
Doug Bracewell to Pollard, no run
Doug Bracewell to Sammy, 1 run
Doug Bracewell to Sammy, FOUR runs
Doug Bracewell to Sammy, no run
McCullum to Pollard, no run
McCullum to Sammy, 1 run
McCullum to Pollard, 1 run
McCullum to Sammy, 1 run
McCullum to Sammy, no run
McCullum to Pollard, 1 run
Hira to Pollard, 1 run
Hira to Sammy, 1 run
Hira to Sammy, no run
Hira to Sammy, no run
Hira to Ramdin, OUT
Hira to Pollard, 1 run
Hira to Ramdin, 2 wide
McCullum to Ramdin, 1 run
McCullum to Darren Bravo, OUT
McCullum to Pollard, 1 run
McCullum to Pollard, no run
McCullum to Darren Bravo, 1 leg bye
McCullum to Darren Bravo, no run
Hira to Pollard, no run
Hira to Pollard, FOUR runs
Hira to Darren Bravo, 1 run
Hira to Pollard, 1 run
Hira to Darren Bravo, 1 run
Hira to Pollard, 1 run
McCullum to Darren Bravo, no run
McCullum to Pollard, 1 run
McCullum to Samuels, OUT
McCullum to Samuels, no run
McCullum to Darren Bravo, 1 run
McCullum to Darren Bravo, no run
Hira to Darren Bravo, 1 run
Hira to Darren Bravo, 1 wide
Hira to Samuels, 1 run
Hira to Darren Bravo, 1 run
Hira to Darren Bravo, no run
Hira to Darren Bravo, no run
Hira to Darren Bravo, SIX runs
McCullum to Samuels, FOUR runs
McCullum to Samuels, FOUR runs
McCullum to Darren Bravo, 1 run
McCullum to Samuels, 1 run
McCullum to Samuels, no run
McCullum to Darren Bravo, 1 run
Hira to Samuels, no run
Hira to Samuels, no run
Hira to Samuels, no run
Hira to Darren Bravo, 1 run
Hira to Darren Bravo, no run
Hira to Darren Bravo, no run
Southee to Darren Bravo, 1 run
Southee to Samuels, 1 run
Southee to Darren Bravo, 1 run
Southee to Darren Bravo, no run
Southee to Gayle, OUT
Southee to Samuels, 1 run
Oram to Samuels, 1 run
Oram to Samuels, SIX runs
Oram to Samuels, no run
Oram to Samuels, no run
Oram to Gayle, 1 run
Oram to Gayle, 1 wide
Oram to Gayle, SIX runs
Oram to Samuels, (no ball) 1 run
Southee to Samuels, 1 run
Southee to Samuels, no run
Southee to Gayle, 1 run
Southee to Gayle, 1 wide
Southee to Samuels, 1 run
Southee to Gayle, 1 run
Southee to Samuels, 1 run
Doug Bracewell to Samuels, 1 run
Doug Bracewell to Russell, OUT
Doug Bracewell to Russell, SIX runs
Doug Bracewell to Russell, no run
Doug Bracewell to Russell, no run
Doug Bracewell to Russell, no run
Mills to Gayle, FOUR runs
Mills to Gayle, FOUR runs
Mills to Gayle, no run
Mills to Gayle, 2 runs
Mills to Gayle, SIX runs
Mills to Gayle, no run
Doug Bracewell to Russell, no run
Doug Bracewell to Charles, OUT
Doug Bracewell to Charles, no run
Doug Bracewell to Gayle, 1 run
Doug Bracewell to Gayle, FOUR runs
Doug Bracewell to Gayle, no run
Mills to Charles, no run
Mills to Charles, FOUR runs
Mills to Charles, no run
Mills to Charles, FOUR runs
Mills to Charles, no run
Mills to Charles, no run
Mills to Charles, (no ball)
