Broad to Afridi, OUT
Broad to Afridi, no run
Dernbach to Cheema, no run
Dernbach to Cheema, no run
Dernbach to Cheema, no run
Dernbach to Afridi, 1 run
Dernbach to Afridi, no run
Dernbach to Afridi, no run
Finn to Afridi, OUT
Finn to Afridi, no run
Finn to Umar Gul, OUT
Finn to Umar Gul, SIX runs
Finn to Umar Gul, FOUR runs
Finn to Afridi, 1 run
Bopara to Umar Gul, no run
Bopara to Afridi, (no ball) 1 run
Bopara to Afridi, no run
Bopara to Afridi, no run
Bopara to Hammad, OUT
Bopara to Afridi, 1 run
Bopara to Afridi, no run
Broad to Hammad, no run
Broad to Hammad, no run
Broad to Hammad, FOUR runs
Broad to Hammad, no run
Broad to Hammad, no run
Broad to Hammad, FOUR runs
Bopara to Afridi, no run
Bopara to Hammad, 1 run
Bopara to Hammad, SIX runs
Bopara to Hammad, FOUR runs
Bopara to Hammad, no run
Bopara to Hammad, no run
Swann to Hammad, 1 run
Swann to Afridi, 1 run
Swann to Hammad, 1 run
Swann to Hammad, no run
Swann to Afridi, 1 run
Swann to Misbah, OUT
Patel to Afridi, FOUR runs
Patel to Afridi, FOUR runs
Patel to Misbah, 1 run
Patel to Afridi, 1 run
Patel to Afridi, SIX runs
Patel to Misbah, 1 run
Swann to Misbah, 1 run
Swann to Misbah, no run
Swann to Misbah, no run
Swann to Misbah, no run
Swann to Afridi, 1 run
Swann to Afridi, 2 runs
Broad to Afridi, 1 run
Broad to Misbah, 1 run
Broad to Misbah, no run
Broad to Misbah, no run
Broad to Misbah, no run
Broad to Misbah, no run
Swann to Misbah, 1 run
Swann to Misbah, no run
Swann to Malik, OUT
Swann to Malik, 2 runs
Swann to Misbah, 1 run
Swann to Malik, 1 run
Bopara to Misbah, FOUR runs
Bopara to Misbah, no run
Bopara to Misbah, no run
Bopara to Misbah, no run
Bopara to Malik, 3 runs
Bopara to Malik, 2 runs
Swann to Malik, 1 run
Swann to Misbah, 1 run
Swann to Malik, 1 run
Swann to Misbah, 1 run
Swann to Misbah, no run
Swann to Misbah, no run
Broad to Misbah, 1 run
Broad to Awais Zia, OUT
Broad to Awais Zia, no run
Broad to Awais Zia, no run
Broad to Awais Zia, no run
Broad to Malik, 1 run
Finn to Awais Zia, no run
Finn to Malik, 1 run
Finn to Malik, no run
Finn to Malik, no run
Finn to Umar Akmal, OUT
Finn to Umar Akmal, SIX runs
Dernbach to Awais Zia, no run
Dernbach to Awais Zia, 1 wide
Dernbach to Awais Zia, no run
Dernbach to Umar Akmal, 1 run
Dernbach to Umar Akmal, FOUR runs
Dernbach to Umar Akmal, no run
Dernbach to Umar Akmal, no run
Finn to Awais Zia, SIX runs
Finn to Awais Zia, no run
Finn to Awais Zia, no run
Finn to Umar Akmal, 1 run
Finn to Umar Akmal, FOUR runs
Finn to Umar Akmal, no run
Dernbach to Awais Zia, no run
Dernbach to Awais Zia, 1 wide
Dernbach to Awais Zia, 1 wide
Dernbach to Umar Akmal, 1 run
Dernbach to Umar Akmal, no run
Dernbach to Umar Akmal, 2 runs
Dernbach to Shafiq, OUT
Dernbach to Shafiq, 1 wide
Dernbach to Shafiq, no run
Finn to Awais Zia, no run
Finn to Shafiq, 1 run
Finn to Shafiq, no run
Finn to Shafiq, no run
Finn to Hafeez, OUT
Finn to Hafeez, no run
