Umar Gul to Bairstow, 1 run
Umar Gul to Bairstow, SIX runs
Umar Gul to Bairstow, no run
Umar Gul to Bairstow, 2 runs
Umar Gul to Bairstow, 2 runs
Umar Gul to Swann, 1 run
Cheema to Swann, 1 run
Cheema to Swann, no run
Cheema to Broad, OUT
Cheema to Broad, 2 runs
Cheema to Bairstow, 1 run
Cheema to Bairstow, 2 runs
Umar Gul to Buttler, OUT
Umar Gul to Bairstow, 1 run
Umar Gul to Bairstow, no run
Umar Gul to Buttler, 1 run
Umar Gul to Bairstow, 1 run
Umar Gul to Bairstow, no run
Ajmal to Bairstow, 1 run
Ajmal to Buttler, 1 run
Ajmal to Buttler, 2 leg byes
Ajmal to Buttler, no run
Ajmal to Bairstow, 1 run
Ajmal to Bairstow, no run
Umar Gul to Buttler, FOUR runs
Umar Gul to Bairstow, 1 run
Umar Gul to Buttler, 1 run
Umar Gul to Buttler, no run
Umar Gul to Patel, 1 run, OUT
Umar Gul to Bairstow, 1 leg bye
Ajmal to Patel, no run
Ajmal to Patel, FOUR runs
Ajmal to Bairstow, 1 run
Ajmal to Bairstow, no run
Ajmal to Bairstow, FOUR runs
Ajmal to Patel, 1 run
Afridi to Bairstow, no run
Afridi to Bairstow, 2 runs
Afridi to Bairstow, no run
Afridi to Bairstow, FOUR runs
Afridi to Bairstow, no run
Afridi to Patel, 1 run
Ajmal to Bairstow, no run
Ajmal to Bairstow, 2 runs
Ajmal to Bairstow, no run
Ajmal to Patel, 1 run
Ajmal to Bairstow, 1 run
Ajmal to Patel, 1 run
Cheema to Patel, 1 run
Cheema to Patel, 1 wide
Cheema to Patel, no run
Cheema to Patel, 1 wide
Cheema to Bairstow, 1 leg bye
Cheema to Bairstow, no run
Cheema to Bairstow, no run
Cheema to Patel, 1 run
Malik to Patel, 1 run
Malik to Bairstow, 1 run
Malik to Bairstow, FOUR runs
Malik to Patel, 1 run
Malik to Bairstow, 1 run
Malik to Bairstow, 2 runs
Afridi to Patel, no run
Afridi to Kieswetter, OUT
Afridi to Kieswetter, SIX runs
Afridi to Bairstow, 1 run
Afridi to Bairstow, SIX runs
Afridi to Kieswetter, 1 run
Hafeez to Kieswetter, 1 run
Hafeez to Bairstow, 1 run
Hafeez to Bairstow, FOUR runs
Hafeez to Bairstow, no run
Hafeez to Kieswetter, 1 run
Hafeez to Kieswetter, no run
Afridi to Bairstow, no run
Afridi to Kieswetter, 1 run
Afridi to Bairstow, 1 leg bye
Afridi to Bairstow, FOUR runs
Afridi to Bairstow, 2 runs
Afridi to Bairstow, no run
Hafeez to Bairstow, 1 run
Hafeez to Morgan, OUT
Hafeez to Morgan, no run
Hafeez to Kieswetter, 1 run
Hafeez to Morgan, 1 run
Hafeez to Kieswetter, 1 run
Umar Gul to Morgan, no run
Umar Gul to Morgan, FOUR runs
Umar Gul to Morgan, FOUR runs
Umar Gul to Morgan, no run
Umar Gul to Bopara, OUT
Umar Gul to Kieswetter, 1 run
Ajmal to Kieswetter, 1 run
Ajmal to Bopara, 1 run
Ajmal to Bopara, no run
Ajmal to Bopara, no run
Ajmal to Pietersen, OUT
Ajmal to Pietersen, no run
Cheema to Kieswetter, FOUR runs
Cheema to Kieswetter, FOUR runs
Cheema to Kieswetter, 2 runs
Cheema to Pietersen, 1 run
Cheema to Pietersen, FOUR runs
Cheema to Kieswetter, 1 run
Hafeez to Kieswetter, 1 run
Hafeez to Kieswetter, 2 runs
Hafeez to Pietersen, 1 run
Hafeez to Pietersen, 1 wide
Hafeez to Kieswetter, 1 run
Hafeez to Pietersen, 1 run
Hafeez to Pietersen, no run
Cheema to Kieswetter, no run
Cheema to Kieswetter, no run
Cheema to Pietersen, 1 run
Cheema to Pietersen, FOUR runs
Cheema to Pietersen, no run
Cheema to Pietersen, no run
Hafeez to Kieswetter, no run
Hafeez to Kieswetter, no run
Hafeez to Kieswetter, 2 runs
Hafeez to Kieswetter, no run
Hafeez to Pietersen, 1 run
Hafeez to Pietersen, FOUR runs
