Jarvis to Yasir Shah, 1 run
Jarvis to Ajmal, 1 run
Jarvis to Yasir Shah, 1 run
Jarvis to Yasir Shah, 2 runs
Jarvis to Misbah, OUT
Jarvis to Misbah, no run
Chibhabha to Yasir Shah, FOUR runs
Chibhabha to Misbah, 1 run
Chibhabha to Misbah, FOUR runs
Chibhabha to Misbah, 1 wide
Chibhabha to Misbah, 2 runs
Chibhabha to Misbah, 2 runs
Chibhabha to Yasir Shah, 1 run
Jarvis to Yasir Shah, 1 run
Jarvis to Misbah, 1 run
Jarvis to Yasir Shah, 1 run
Jarvis to Tanvir, OUT
Jarvis to Misbah, 1 run
Jarvis to Tanvir, 1 run
Chibhabha to Tanvir, 1 run
Chibhabha to Tanvir, FOUR runs
Chibhabha to Misbah, 1 run
Chibhabha to Tanvir, 1 run
Chibhabha to Umar Akmal, 1 run, OUT
Chibhabha to Umar Akmal, 2 runs
Chigumbura to Misbah, no run
Chigumbura to Misbah, 5 wide
Chigumbura to Umar Akmal, 1 run
Chigumbura to Umar Akmal, 2 runs
Chigumbura to Misbah, 1 run
Chigumbura to Umar Akmal, 1 run
Chigumbura to Misbah, 1 run
Price to Umar Akmal, no run
Price to Misbah, 1 run
Price to Umar Akmal, 1 run
Price to Umar Akmal, no run
Price to Hafeez, OUT
Price to Umar Akmal, 1 run
Chigumbura to Hafeez, 2 runs
Chigumbura to Umar Akmal, 1 run
Chigumbura to Umar Akmal, 2 runs
Chigumbura to Umar Akmal, 1 wide
Chigumbura to Hafeez, 1 run
Chigumbura to Umar Akmal, 1 run
Chigumbura to Umar Akmal, no run
Utseya to Umar Akmal, 1 run
Utseya to Hafeez, 1 run
Utseya to Umar Akmal, 1 run
Utseya to Umar Akmal, no run
Utseya to Hafeez, 1 run
Utseya to Umar Akmal, 1 run
Chigumbura to Hafeez, no run
Chigumbura to Umar Akmal, 1 run
Chigumbura to Umar Akmal, 2 runs
Chigumbura to Hafeez, 1 run
Chigumbura to Umar Akmal, 1 run
Chigumbura to Hafeez, 1 run
Chibhabha to Hafeez, 1 run
Chibhabha to Umar Akmal, 1 run
Chibhabha to Umar Akmal, no run
Chibhabha to Hafeez, 1 run
Chibhabha to Umar Akmal, 1 run
Chibhabha to Umar Akmal, 2 runs
Price to Umar Akmal, 1 run
Price to Hafeez, 1 run
Price to Hafeez, FOUR runs
Price to Umar Akmal, 1 run
Price to Hafeez, 1 run
Price to Hafeez, no run
Utseya to Hafeez, 1 run
Utseya to Hafeez, FOUR runs
Utseya to Hafeez, 2 runs
Utseya to Hafeez, 2 runs
Utseya to Hafeez, no run
Utseya to Hafeez, SIX runs
Price to Umar Akmal, no run
Price to Hafeez, 1 run
Price to Hafeez, no run
Price to Umar Akmal, 1 run
Price to Hafeez, 1 run
Price to Hafeez, FOUR runs
Utseya to Hafeez, 1 run
Utseya to Hafeez, no run
Utseya to Umar Akmal, 1 run
Utseya to Umar Akmal, no run
Utseya to Umar Akmal, no run
Utseya to Hafeez, 1 run
Chigumbura to Umar Akmal, no run
Chigumbura to Malik, OUT
Chigumbura to Malik, no run
Chigumbura to Hafeez, 1 run
Chigumbura to Malik, 1 run
Chigumbura to Hafeez, 1 run
Price to Malik, FOUR runs
Price to Malik, FOUR runs
Price to Malik, no run
Price to Malik, no run
Price to Hafeez, 1 run
Price to Hafeez, no run
Jarvis to Malik, no run
Jarvis to Malik, no run
Jarvis to Malik, 2 runs
Jarvis to Malik, no run
Jarvis to Malik, no run
Jarvis to Rameez Raja, OUT
Chibhabha to Rameez Raja, 1 run
Chibhabha to Shafiq, OUT
Chibhabha to Shafiq, 2 runs
Chibhabha to Shafiq, no run
Chibhabha to Shafiq, no run
Chibhabha to Shafiq, FOUR runs
Jarvis to Hafeez, no run
Jarvis to Shafiq, 1 run
Jarvis to Hafeez, 1 run
Jarvis to Hafeez, no run
Jarvis to Shafiq, 1 run
Jarvis to Shafiq, no run
Utseya to Hafeez, no run
Utseya to Hafeez, FOUR runs
Utseya to Hafeez, FOUR runs
Utseya to Shafiq, 1 run
Utseya to Shafiq, no run
Utseya to Hafeez, 1 run
