Sohail Khan to Taibu, no run
Sohail Khan to Taibu, 2 runs
Sohail Khan to Taibu, 2 runs
Sohail Khan to Taibu, 2 runs
Sohail Khan to Taibu, 2 runs
Sohail Khan to Taibu, SIX runs
Tanvir to Taibu, 1 run
Tanvir to Utseya, 1 run
Tanvir to Taibu, 1 run
Tanvir to Utseya, 1 run
Tanvir to Taibu, 1 run
Tanvir to Taibu, FOUR runs
Ajmal to Utseya, no run
Ajmal to Utseya, no run
Ajmal to Utseya, 2 leg byes
Ajmal to Utseya, no run
Ajmal to Utseya, no run
Ajmal to Taibu, 1 run
Tanvir to Taibu, 1 run
Tanvir to Chigumbura, OUT
Tanvir to Chigumbura, SIX runs
Tanvir to Taibu, 1 leg bye
Tanvir to Taibu, FOUR runs
Tanvir to Taibu, no run
Ajmal to Chigumbura, 2 runs
Ajmal to Chigumbura, no run
Ajmal to Chigumbura, 1 wide
Ajmal to Taibu, 1 run
Ajmal to Chigumbura, 1 run
Ajmal to Chigumbura, no run
Ajmal to Chigumbura, FOUR runs
Junaid to Taibu, no run
Junaid to Taibu, no run
Junaid to Chigumbura, 1 run
Junaid to Chigumbura, FOUR runs
Junaid to Chigumbura, no run
Junaid to Taibu, 1 run
Ajmal to Chigumbura, no run
Ajmal to Taibu, 1 run
Ajmal to Chigumbura, 1 run
Ajmal to Chigumbura, FOUR runs
Ajmal to Chigumbura, no run
Ajmal to Chigumbura, 5 wide
Ajmal to Chigumbura, no run
Junaid to Chigumbura, 1 run
Junaid to Chigumbura, no run
Junaid to Chigumbura, no run
Junaid to Coventry, OUT
Junaid to Coventry, FOUR runs
Junaid to Coventry, FOUR runs
Hafeez to Coventry, 1 run
Hafeez to Taibu, 1 run
Hafeez to Taylor, OUT
Hafeez to Taibu, 1 run
Hafeez to Taibu, no run
Hafeez to Taibu, no run
Yasir Shah to Taibu, 1 run
Yasir Shah to Taibu, no run
Yasir Shah to Taibu, no run
Yasir Shah to Taibu, FOUR runs
Yasir Shah to Taylor, 1 run
Yasir Shah to Taylor, 2 runs
Hafeez to Masakadza, OUT
Hafeez to Taylor, 1 run
Hafeez to Taylor, no run
Hafeez to Masakadza, 1 run
Hafeez to Taylor, 1 run
Hafeez to Taylor, no run
Junaid to Masakadza, no run
Junaid to Taylor, 1 run
Junaid to Taylor, FOUR runs
Junaid to Taylor, no run
Junaid to Taylor, no run
Junaid to Masakadza, 1 run
Hafeez to Masakadza, 1 run
Hafeez to Zhuwao, OUT
Hafeez to Zhuwao, no run
Hafeez to Zhuwao, FOUR runs
Hafeez to Zhuwao, no run
Hafeez to Zhuwao, no run
Junaid to Zhuwao, 1 run
Junaid to Zhuwao, no run
Junaid to Sibanda, OUT
Junaid to Sibanda, no run
Junaid to Sibanda, no run
Junaid to Zhuwao, 1 run
Sohail Khan to Zhuwao, 1 run
Sohail Khan to Zhuwao, 1 wide
Sohail Khan to Zhuwao, FOUR runs
Sohail Khan to Sibanda, 1 run
Sohail Khan to Zhuwao, 1 run
Sohail Khan to Zhuwao, no run
Sohail Khan to Zhuwao, no run
Ajmal to Sibanda, no run
Ajmal to Sibanda, no run
Ajmal to Sibanda, no run
Ajmal to Sibanda, no run
Ajmal to Sibanda, no run
Ajmal to Chibhabha, OUT
Sohail Khan to Chibhabha, 1 run
Sohail Khan to Chibhabha, no run
Sohail Khan to Chibhabha, FOUR runs
Sohail Khan to Sibanda, 1 leg bye
Sohail Khan to Sibanda, no run
Sohail Khan to Sibanda, no run
Tanvir to Sibanda, 1 run
Tanvir to Sibanda, no run
Tanvir to Sibanda, no run
Tanvir to Sibanda, 1 wide
Tanvir to Sibanda, no run
Tanvir to Sibanda, SIX runs
Tanvir to Sibanda, no run
Sohail Khan to Chibhabha, no run
Sohail Khan to Chibhabha, FOUR runs
Sohail Khan to Sibanda, 1 leg bye
Sohail Khan to Chibhabha, 1 leg bye
Sohail Khan to Chibhabha, no run
Sohail Khan to Chibhabha, no run
Tanvir to Sibanda, 2 runs
Tanvir to Sibanda, no run
Tanvir to Chibhabha, 1 run
Tanvir to Sibanda, 1 run
Tanvir to Sibanda, no run
Tanvir to Sibanda, FOUR runs
