Hussey to Theron, SIX runs
Cummins to Theron, 1 run
Cummins to Theron, no run
Cummins to Theron, FOUR runs
Cummins to Parnell, 1 run
Cummins to Parnell, 1 wide
Cummins to Parnell, FOUR runs
Cummins to Theron, 1 leg bye
Cummins to Theron, 1 wide
O'Keefe to Parnell, SIX runs
O'Keefe to Theron, 1 run
O'Keefe to Parnell, 1 run
O'Keefe to Parnell, SIX runs
O'Keefe to Parnell, FOUR runs
O'Keefe to Parnell, no run
Bollinger to Parnell, 1 run
Bollinger to Theron, 1 run
Bollinger to Theron, no run
Bollinger to Theron, FOUR runs
Bollinger to Theron, 2 runs
Bollinger to Theron, FOUR runs
Cummins to Parnell, FOUR runs
Cummins to Theron, 1 run
Cummins to Parnell, 1 run
Cummins to Parnell, 1 wide
Cummins to Theron, 3 runs
Cummins to Parnell, 1 run
Cummins to Theron, 1 leg bye
Pattinson to Theron, 1 run
Pattinson to Theron, 2 runs
Pattinson to Kuhn, OUT
Pattinson to Kuhn, no run
Pattinson to Kuhn, 2 runs
Pattinson to Kuhn, no run
O'Keefe to Botha, OUT
O'Keefe to Kuhn, 1 run
O'Keefe to Kuhn, no run
O'Keefe to Kuhn, no run
O'Keefe to Kuhn, no run
O'Keefe to Botha, 1 run
Pattinson to Kuhn, no run
Pattinson to Miller, OUT
Pattinson to Miller, no run
Pattinson to Botha, 1 run
Pattinson to Botha, 2 runs
Pattinson to Botha, FOUR runs
Marsh to Botha, 1 run
Marsh to Botha, no run
Marsh to Miller, 1 run
Marsh to Botha, 1 run
Marsh to Botha, 1 wide
Marsh to Botha, SIX runs
Marsh to Miller, 1 run
Pattinson to Botha, no run
Pattinson to Botha, 1 wide
Pattinson to Botha, no run
Pattinson to Botha, no run
Pattinson to Miller, 1 leg bye
Pattinson to Miller, no run
Pattinson to Botha, 1 run
O'Keefe to Miller, FOUR runs
O'Keefe to Botha, 1 run
O'Keefe to Miller, 1 run
O'Keefe to Miller, no run
O'Keefe to Miller, 2 runs
O'Keefe to Botha, 1 run
Hussey to Botha, 1 run
Hussey to Miller, 1 run
Hussey to Miller, no run
Hussey to Miller, no run
Hussey to Smith, OUT
Hussey to Smith, SIX runs
O'Keefe to Botha, no run
O'Keefe to Smith, 1 run
O'Keefe to Botha, 1 run
O'Keefe to Botha, 2 runs
O'Keefe to Smith, 1 run
O'Keefe to Botha, 1 run
Hussey to Smith, 2 runs
Hussey to Smith, no run
Hussey to Smith, no run
Hussey to Smith, 2 runs
Hussey to Botha, 1 run
Hussey to Smith, 1 run
Pattinson to Smith, 1 run
Pattinson to Botha, 1 run
Pattinson to Botha, no run
Pattinson to Smith, 1 run
Pattinson to Smith, no run
Pattinson to Smith, no run
Bollinger to Botha, FOUR runs
Bollinger to Botha, no run
Bollinger to Botha, FOUR runs
Bollinger to Botha, no run
Bollinger to Smith, 1 run
Bollinger to Smith, no run
Cummins to Botha, no run
Cummins to Duminy, OUT
Cummins to Duminy, no run
Cummins to Duminy, no run
Cummins to Duminy, no run
Cummins to Ingram, OUT
Bollinger to Smith, FOUR runs
Bollinger to Ingram, 1 run
Bollinger to Ingram, no run
Bollinger to Ingram, FOUR runs
Bollinger to Ingram, no run
Bollinger to Smith, 1 run
Cummins to Ingram, no run
Cummins to Smith, 1 run
Cummins to Smith, 2 runs
Cummins to Smith, no run
Cummins to Smith, no run
Cummins to Smith, no run
Bollinger to Amla, OUT
Bollinger to Amla, no run
Bollinger to Amla, no run
Bollinger to Amla, 1 wide
Bollinger to Amla, FOUR runs
Bollinger to Amla, no run
Bollinger to Amla, no run
