Morkel to Marsh, OUT
Morkel to Marsh, SIX runs
Morkel to Marsh, SIX runs
Morkel to Marsh, no run
Morkel to Marsh, SIX runs
Morkel to Marsh, 2 runs
Parnell to Marsh, 1 run
Parnell to Pattinson, 1 run
Parnell to Pattinson, FOUR runs
Parnell to Marsh, 1 run
Parnell to Marsh, 2 runs
Parnell to Marsh, SIX runs
Theron to Pattinson, no run
Theron to O'Keefe, OUT
Theron to O'Keefe, 1 wide
Theron to O'Keefe, 2 runs
Theron to Marsh, 1 run
Theron to Marsh, no run
Theron to Marsh, no run
Parnell to Marsh, 1 run
Parnell to O'Keefe, 1 run
Parnell to Marsh, OUT
Parnell to White, 1 run
Parnell to Marsh, 1 run
Parnell to White, 1 run
Theron to White, 1 run
Theron to White, FOUR runs
Theron to White, no run
Theron to White, 2 runs
Theron to Marsh, 1 run
Theron to Marsh, no run
Botha to Marsh, 1 run
Botha to White, 1 run
Botha to Marsh, 1 run
Botha to White, 1 run
Botha to White, FOUR runs
Botha to White, no run
Tsotsobe to Marsh, no run
Tsotsobe to Smith, OUT
Tsotsobe to White, 1 run
Tsotsobe to Smith, 1 run
Tsotsobe to Smith, 2 runs
Tsotsobe to White, 1 run
Botha to Smith, 2 runs
Botha to White, 1 run
Botha to White, 1 wide
Botha to Smith, 1 run
Botha to White, 1 run
Botha to Smith, 1 run
Botha to White, 1 run
Morkel to White, 1 run
Morkel to Smith, 1 run
Morkel to White, 1 run
Morkel to White, no run
Morkel to White, FOUR runs
Morkel to White, no run
Botha to White, 1 run
Botha to White, no run
Botha to Smith, 1 run
Botha to Hussey, OUT
Botha to White, 1 run
Botha to Hussey, 1 run
Theron to White, SIX runs
Theron to White, FOUR runs
Theron to Hussey, 1 run
Theron to White, 1 run
Theron to Hussey, 1 run
Theron to Marsh, OUT
Botha to Marsh, 1 run
Botha to Marsh, no run
Botha to Marsh, no run
Botha to Marsh, no run
Botha to Hussey, 1 run
Botha to Hussey, FOUR runs
Parnell to Marsh, SIX runs
Parnell to Marsh, FOUR runs
Parnell to Marsh, no run
Parnell to Marsh, no run
Parnell to Hussey, 1 run
Parnell to Hussey, 2 runs
Theron to Marsh, no run
Theron to Marsh, no run
Theron to Hussey, 1 run
Theron to Hussey, no run
Theron to Marsh, 1 run
Theron to Marsh, no run
Theron to Marsh, 1 wide
Parnell to Hussey, no run
Parnell to Marsh, 1 run
Parnell to Marsh, no run
Parnell to Marsh, no run
Parnell to Marsh, SIX runs
Parnell to Marsh, FOUR runs
Tsotsobe to Hussey, no run
Tsotsobe to Hussey, no run
Tsotsobe to Hussey, no run
Tsotsobe to Wade, OUT
Tsotsobe to Wade, no run
Tsotsobe to Marsh, 1 run
Morkel to Wade, no run
Morkel to Wade, SIX runs
Morkel to Marsh, 1 run
Morkel to Marsh, no run
Morkel to Wade, 1 run
Morkel to Wade, no run
Morkel to Wade, 1 wide
Tsotsobe to Wade, 1 run
Tsotsobe to Wade, no run
Tsotsobe to Marsh, 1 run
Tsotsobe to Marsh, no run
Tsotsobe to Wade, 1 run
Tsotsobe to Wade, no run
Morkel to Wade, 1 run
Morkel to Warner, OUT
Morkel to Warner, no run
Morkel to Warner, no run
Morkel to Warner, no run
Morkel to Warner, no run
Tsotsobe to Wade, no run
Tsotsobe to Wade, no run
Tsotsobe to Warner, 1 leg bye
Tsotsobe to Warner, 1 wide
Tsotsobe to Warner, 1 wide
Tsotsobe to Warner, no run
Tsotsobe to Warner, no run
Tsotsobe to Warner, no run
