Al-Amin to Munro, 2 runs
Al-Amin to Munro, 2 runs
Al-Amin to Ronchi, OUT
Al-Amin to Ronchi, no run
Al-Amin to Anderson, OUT
Al-Amin to Anderson, 1 wide
Al-Amin to Munro, 1 run
Mortaza to Munro, 1 run
Mortaza to Anderson, 1 run
Mortaza to Anderson, SIX runs
Mortaza to Munro, 1 run
Mortaza to Anderson, 1 run
Mortaza to Munro, 1 run
Ziaur to Anderson, SIX runs
Ziaur to Anderson, FOUR runs
Ziaur to Munro, 1 run
Ziaur to Taylor, OUT
Ziaur to Munro, 1 run
Ziaur to Munro, SIX runs
Al-Amin to Munro, 1 run
Al-Amin to Taylor, 1 run
Al-Amin to Munro, 1 run
Al-Amin to Munro, FOUR runs
Al-Amin to Taylor, 1 run
Al-Amin to Taylor, FOUR runs
Ziaur to Taylor, 1 run
Ziaur to Munro, 1 run
Ziaur to Munro, 2 runs
Ziaur to Taylor, 1 run
Ziaur to Taylor, no run
Ziaur to Munro, 1 run
Ziaur to Taylor, 2 wide
Mortaza to Munro, 2 runs
Mortaza to Munro, FOUR runs
Mortaza to Munro, no run
Mortaza to Munro, 1 wide
Mortaza to Taylor, 1 run
Mortaza to Taylor, FOUR runs
Mortaza to Munro, 1 run
Al-Amin to Munro, 1 run
Al-Amin to Taylor, 1 run
Al-Amin to Munro, 1 run
Al-Amin to Munro, FOUR runs
Al-Amin to Munro, no run
Al-Amin to Munro, no run
Mahmudullah to Munro, 1 run
Mahmudullah to Taylor, 2 wide
Mahmudullah to Munro, 1 run
Mahmudullah to Munro, SIX runs
Mahmudullah to Munro, 2 runs
Mahmudullah to Munro, 2 runs
Mahmudullah to Munro, SIX runs
Razzak to Munro, 1 run
Razzak to Munro, SIX runs
Razzak to Taylor, 1 run
Razzak to Munro, 1 run
Razzak to Munro, SIX runs
Razzak to Munro, no run
Mahmudullah to Taylor, FOUR runs
Mahmudullah to Munro, 1 run
Mahmudullah to Taylor, 1 leg bye
Mahmudullah to Munro, 1 leg bye
Mahmudullah to Taylor, 1 run
Mahmudullah to Taylor, no run
Razzak to Taylor, 1 run
Razzak to Munro, 1 run
Razzak to Munro, no run
Razzak to Taylor, 1 run
Razzak to Devcich, OUT
Razzak to Taylor, 1 run
Mahmudullah to Devcich, 2 runs
Mahmudullah to Taylor, 1 run
Mahmudullah to Devcich, 1 run
Mahmudullah to Devcich, no run
Mahmudullah to Taylor, 1 run
Mahmudullah to Taylor, no run
Sohag Gazi to Taylor, 1 run
Sohag Gazi to Taylor, no run
Sohag Gazi to Taylor, 2 runs
Sohag Gazi to Taylor, no run
Sohag Gazi to Devcich, 1 run
Sohag Gazi to Rutherford, OUT
Mahmudullah to Rutherford, 1 run
Mahmudullah to Devcich, 1 run
Mahmudullah to Rutherford, 1 run
Mahmudullah to Rutherford, no run
Mahmudullah to Rutherford, no run
Mahmudullah to Rutherford, no run
Nasir to Devcich, FOUR runs
Nasir to Rutherford, 1 run
Nasir to Rutherford, SIX runs
Nasir to Devcich, 1 run
Nasir to Devcich, no run
Nasir to Devcich, FOUR runs
Al-Amin to Rutherford, no run
Al-Amin to Rutherford, FOUR runs
Al-Amin to Devcich, 1 run
Al-Amin to Rutherford, 1 run
Al-Amin to Rutherford, no run
Al-Amin to Rutherford, no run
Sohag Gazi to Devcich, no run
Sohag Gazi to Devcich, SIX runs
Sohag Gazi to Devcich, FOUR runs
Sohag Gazi to Devcich, 1 wide
Sohag Gazi to Devcich, FOUR runs
Sohag Gazi to Devcich, no run
Sohag Gazi to Rutherford, 1 run
Mortaza to Rutherford, 1 run
Mortaza to Rutherford, no run
Mortaza to Devcich, 1 run
Mortaza to Devcich, FOUR runs
Mortaza to Devcich, FOUR runs
Mortaza to Devcich, 2 runs
Sohag Gazi to Devcich, 1 run
Sohag Gazi to Devcich, FOUR runs
Sohag Gazi to Devcich, no run
Sohag Gazi to Devcich, FOUR runs
Sohag Gazi to Devcich, no run
Sohag Gazi to Rutherford, 1 run
Mortaza to Devcich, FOUR runs
Mortaza to Devcich, no run
Mortaza to Devcich, 2 runs
Mortaza to Devcich, FOUR runs
Mortaza to Devcich, no run
Mortaza to Devcich, no run
