Southee to Mortaza, 1 run
Southee to Mortaza, no run
Southee to Al-Amin, 1 run
Southee to Al-Amin, FOUR runs
Southee to Al-Amin, no run
Southee to Razzak, OUT
Anderson to Mortaza, no run
Anderson to Mortaza, 2 runs
Anderson to Mortaza, FOUR runs
Anderson to Mortaza, no run
Anderson to Mahmudullah, OUT
Anderson to Mahmudullah, no run
Mills to Mortaza, no run
Mills to Sohag Gazi, 1 run, OUT
Mills to Mahmudullah, 1 run
Mills to Mahmudullah, SIX runs
Mills to Mahmudullah, 2 runs
Mills to Sohag Gazi, 1 leg bye
Anderson to Mahmudullah, no run
Anderson to Sohag Gazi, 1 run
Anderson to Mahmudullah, 1 run
Anderson to Sohag Gazi, 1 run
Anderson to Sohag Gazi, 2 runs
Anderson to Sohag Gazi, 2 runs
Southee to Sohag Gazi, 1 run
Southee to Mahmudullah, 1 run
Southee to Mahmudullah, SIX runs
Southee to Sohag Gazi, 1 run
Southee to Mahmudullah, 1 run
Southee to Sohag Gazi, 1 run
Mills to Mahmudullah, no run
Mills to Mahmudullah, no run
Mills to Sohag Gazi, 1 leg bye
Mills to Mahmudullah, 1 run
Mills to Mahmudullah, no run
Mills to Mahmudullah, 2 runs
Devcich to Sohag Gazi, SIX runs
Devcich to Mahmudullah, 1 run
Devcich to Sohag Gazi, 1 run
Devcich to Mahmudullah, 1 run
Devcich to Sohag Gazi, 1 run
Devcich to Mahmudullah, 1 run
McClenaghan to Sohag Gazi, FOUR runs
McClenaghan to Mahmudullah, 1 run
McClenaghan to Mahmudullah, SIX runs
McClenaghan to Sohag Gazi, 1 run
McClenaghan to Mahmudullah, 1 run
McClenaghan to Mahmudullah, no run
McCullum to Nasir, OUT
McCullum to Mahmudullah, 1 run
McCullum to Mahmudullah, no run
McCullum to Nasir, 1 run
McCullum to Mahmudullah, 1 run
McCullum to Nasir, 1 run
Anderson to Mushfiqur, OUT
Anderson to Nasir, 1 run
Anderson to Mushfiqur, 1 run
Anderson to Mushfiqur, no run
Anderson to Nasir, 1 run
Anderson to Mushfiqur, 1 run
Devcich to Mushfiqur, 1 run
Devcich to Mushfiqur, 2 leg byes
Devcich to Mushfiqur, FOUR runs
Devcich to Nasir, 1 run
Devcich to Mushfiqur, 1 run
Devcich to Mushfiqur, FOUR runs
Anderson to Mushfiqur, 1 run
Anderson to Nasir, 1 run
Anderson to Mushfiqur, 1 run
Anderson to Nasir, 1 run
Anderson to Nasir, no run
Anderson to Nasir, no run
Devcich to Mushfiqur, SIX runs
Devcich to Mushfiqur, no run
Devcich to Nasir, 1 run
Devcich to Mushfiqur, 1 run
Devcich to Nasir, 1 run
Devcich to Mushfiqur, 1 run
Mills to Mushfiqur, 1 run
Mills to Nasir, 1 run
Mills to Mushfiqur, 1 run
Mills to Nasir, 1 run
Mills to Nasir, FOUR runs
Mills to Mushfiqur, 1 run
McCullum to Nasir, FOUR runs
McCullum to Nasir, FOUR runs
McCullum to Nasir, FOUR runs
McCullum to Nasir, no run
McCullum to Mushfiqur, 1 run
McCullum to Nasir, 1 run
Mills to Md Naeem, OUT
Mills to Md Naeem, no run
Mills to Mushfiqur, 1 run
Mills to Mushfiqur, no run
Mills to Mushfiqur, FOUR runs
Mills to Mushfiqur, FOUR runs
McClenaghan to Md Naeem, SIX runs
McClenaghan to Md Naeem, FOUR runs
McClenaghan to Mushfiqur, 1 run
McClenaghan to Mushfiqur, FOUR runs
McClenaghan to Mushfiqur, FOUR runs
McClenaghan to Mushfiqur, FOUR runs
Southee to Md Naeem, FOUR runs
Southee to Md Naeem, FOUR runs
Southee to Md Naeem, no run
Southee to Md Naeem, no run
Southee to Md Naeem, no run
Southee to Mushfiqur, 1 run
Southee to Mushfiqur, 1 wide
McClenaghan to Md Naeem, no run
McClenaghan to Mushfiqur, 1 run
McClenaghan to Mominul, OUT
McClenaghan to Mominul, 2 runs
McClenaghan to Mominul, no run
McClenaghan to Mominul, SIX runs
Southee to Ziaur, OUT
Southee to Ziaur, SIX runs
Southee to Mominul, 1 run
Southee to Mominul, no run
Southee to Rahman, OUT
Southee to Rahman, FOUR runs
