Franklin to Dernbach, OUT
Franklin to Tredwell, OUT
Franklin to Finn, 1 run
Boult to Tredwell, no run
Boult to Tredwell, FOUR runs
Boult to Finn, 1 run
Boult to Tredwell, 1 run
Boult to Tredwell, 1 wide
Boult to Tredwell, FOUR runs
Boult to Finn, 1 run
Franklin to Finn, 1 run
Franklin to Finn, no run
Franklin to Tredwell, 1 run
Franklin to Tredwell, SIX runs
Franklin to Finn, 1 run
Franklin to Buttler, OUT
Boult to Tredwell, FOUR runs
Boult to Tredwell, no run
Boult to Buttler, 1 run
Boult to Buttler, FOUR runs
Boult to Buttler, FOUR runs
Boult to Tredwell, 1 run
Elliott to Buttler, SIX runs
Elliott to Buttler, FOUR runs
Elliott to Tredwell, 1 run
Elliott to Buttler, 1 run
Elliott to Buttler, FOUR runs
Elliott to Buttler, FOUR runs
Franklin to Buttler, 1 run
Franklin to Buttler, no run
Franklin to Broad, OUT
Franklin to Broad, no run
Franklin to Buttler, 1 run
Franklin to Buttler, no run
McCullum to Buttler, 1 run
McCullum to Buttler, FOUR runs
McCullum to Broad, 1 run
McCullum to Buttler, 1 run
McCullum to Buttler, FOUR runs
McCullum to Buttler, FOUR runs
McCullum to Buttler, 1 wide
Franklin to Buttler, 1 run
Franklin to Buttler, no run
Franklin to Patel, OUT
Franklin to Buttler, 1 run
Franklin to Buttler, no run
Franklin to Patel, 1 run
McClenaghan to Buttler, FOUR runs
McClenaghan to Patel, 1 run
McClenaghan to Patel, FOUR runs
McClenaghan to Patel, no run
McClenaghan to Buttler, 1 run
McClenaghan to Buttler, no run
Butler to Buttler, 1 leg bye
Butler to Buttler, no run
Butler to Patel, 1 leg bye
Butler to Patel, no run
Butler to Buttler, 1 run
Butler to Morgan, OUT
McCullum to Morgan, 1 run
McCullum to Morgan, no run
McCullum to Buttler, 1 run
McCullum to Morgan, 1 run
McCullum to Buttler, 1 run
McCullum to Lumb, OUT
Butler to Lumb, 1 run
Butler to Morgan, 1 run
Butler to Morgan, no run
Butler to Morgan, no run
Butler to Morgan, no run
Butler to Morgan, no run
McCullum to Morgan, 1 run
McCullum to Morgan, no run
McCullum to Morgan, FOUR runs
McCullum to Morgan, no run
McCullum to Morgan, no run
McCullum to Lumb, 1 run
Butler to Morgan, no run
Butler to Morgan, no run
Butler to Morgan, no run
Butler to Morgan, no run
Butler to Morgan, no run
Butler to Morgan, FOUR runs
McClenaghan to Lumb, no run
McClenaghan to Morgan, 1 run
McClenaghan to Lumb, 1 run
McClenaghan to Lumb, no run
McClenaghan to Lumb, FOUR runs
McClenaghan to Lumb, no run
Butler to Morgan, no run
Butler to Lumb, 1 run
Butler to Lumb, no run
Butler to Bairstow, OUT
Butler to Bairstow, no run
Butler to Lumb, 1 run
McClenaghan to Bairstow, no run
McClenaghan to Bairstow, no run
McClenaghan to Bairstow, no run
McClenaghan to Lumb, 1 leg bye
McClenaghan to Lumb, no run
McClenaghan to Lumb, FOUR runs
Boult to Bairstow, FOUR runs
Boult to Bairstow, FOUR runs
Boult to Lumb, 1 run
Boult to Lumb, no run
Boult to Lumb, no run
Boult to Lumb, no run
McClenaghan to Bairstow, no run
McClenaghan to Bairstow, no run
McClenaghan to Wright, OUT
McClenaghan to Hales, OUT
McClenaghan to Hales, FOUR runs
McClenaghan to Hales, no run
Boult to Hales, 1 run
Boult to Lumb, 1 run
Boult to Lumb, no run
Boult to Lumb, no run
Boult to Lumb, 2 runs
Boult to Lumb, 1 wide
Boult to Lumb, no run
