Dernbach to Franklin, FOUR runs
Dernbach to McCullum, OUT
Dernbach to McCullum, 5 wide
Dernbach to McCullum, FOUR runs
Dernbach to Franklin, 1 bye
Dernbach to McCullum, 1 run
Dernbach to Franklin, 1 run
Broad to McCullum, SIX runs
Broad to McCullum, 2 runs
Broad to McCullum, SIX runs
Broad to McCullum, SIX runs
Broad to Franklin, 1 run
Broad to McCullum, 1 run
Dernbach to Elliott, OUT
Dernbach to Elliott, no run
Dernbach to McCullum, 1 run
Dernbach to McCullum, FOUR runs
Dernbach to McCullum, 2 runs
Dernbach to Elliott, 1 run
Finn to McCullum, no run
Finn to McCullum, 2 runs
Finn to Elliott, 1 run
Finn to McCullum, 1 run
Finn to Elliott, 1 leg bye
Finn to Elliott, 2 runs
Dernbach to Munro, OUT
Dernbach to Munro, FOUR runs
Dernbach to Munro, 2 runs
Dernbach to McCullum, 1 run
Dernbach to Munro, 1 leg bye
Dernbach to Munro, no run
Dernbach to Munro, 1 wide
Wright to McCullum, FOUR runs
Wright to Munro, 1 run
Wright to Munro, no run
Wright to Munro, no run
Wright to McCullum, 1 run
Wright to Taylor, OUT
Broad to McCullum, FOUR runs
Broad to McCullum, FOUR runs
Broad to McCullum, FOUR runs
Broad to McCullum, no run
Broad to McCullum, no run
Broad to Taylor, 1 run
Wright to Taylor, 1 run
Wright to McCullum, 1 run
Wright to Taylor, 1 run
Wright to McCullum, 1 run
Wright to Taylor, 1 run
Wright to McCullum, 1 run
Tredwell to Taylor, no run
Tredwell to Guptill, OUT
Tredwell to McCullum, 3 runs
Tredwell to McCullum, SIX runs
Tredwell to McCullum, no run
Tredwell to Guptill, 1 run
Patel to McCullum, no run
Patel to Guptill, 1 run
Patel to McCullum, 1 run
Patel to McCullum, SIX runs
Patel to Guptill, 1 run
Patel to Guptill, 2 runs
Finn to McCullum, no run
Finn to McCullum, no run
Finn to Guptill, 1 run
Finn to Guptill, no run
Finn to Guptill, SIX runs
Finn to McCullum, 1 run
Wright to McCullum, 1 leg bye
Wright to McCullum, no run
Wright to McCullum, no run
Wright to McCullum, no run
Wright to Rutherford, OUT
Wright to Rutherford, FOUR runs
Patel to Rutherford, 1 run
Patel to Guptill, 1 run
Patel to Rutherford, 1 run
Patel to Rutherford, SIX runs
Patel to Rutherford, no run
Patel to Rutherford, no run
Wright to Rutherford, 1 run
Wright to Guptill, 1 run
Wright to Rutherford, 1 run
Wright to Rutherford, no run
Wright to Guptill, 1 run
Wright to Guptill, FOUR runs
Dernbach to Rutherford, no run
Dernbach to Rutherford, no run
Dernbach to Guptill, 1 run
Dernbach to Rutherford, 1 run
Dernbach to Guptill, 1 run
Dernbach to Guptill, FOUR runs
Finn to Guptill, 1 run
Finn to Guptill, FOUR runs
Finn to Rutherford, 1 run
Finn to Rutherford, SIX runs
Finn to Guptill, 1 run
Finn to Guptill, no run
Broad to Guptill, 1 run
Broad to Rutherford, 1 run
Broad to Rutherford, 2 runs
Broad to Rutherford, 2 runs
Broad to Guptill, 1 run
Broad to Rutherford, 1 run
Finn to Guptill, FOUR runs
Finn to Guptill, no run
Finn to Rutherford, 1 run
Finn to Rutherford, no run
Finn to Guptill, 1 run
Finn to Guptill, no run
Broad to Rutherford, SIX runs
Broad to Rutherford, 2 runs
Broad to Guptill, 1 run
Broad to Guptill, no run
Broad to Rutherford, 1 run
Broad to Rutherford, no run
Tredwell to Rutherford, 1 run
Tredwell to Guptill, 1 run
Tredwell to Guptill, SIX runs
Tredwell to Rutherford, 1 run
Tredwell to Guptill, 1 run
Tredwell to Guptill, no run
