Mubarak to Hayden, SIX runs
Mubarak to Hayden, 2 runs
Dilshan to Hayden, 1 run
Dilshan to Hayden, FOUR runs
Dilshan to Hayden, no run
Dilshan to Hayden, no run
Dilshan to Hayden, 2 runs
Dilshan to Gilchrist, 1 run
Malinga to Gilchrist, 1 run
Malinga to Hayden, 1 run
Malinga to Hayden, FOUR runs
Malinga to Hayden, no run
Malinga to Gilchrist, 1 run
Malinga to Hayden, 1 run
Dilshan to Hayden, 1 run
Dilshan to Gilchrist, 1 run
Dilshan to Gilchrist, no run
Dilshan to Gilchrist, no run
Dilshan to Gilchrist, 1 wide
Dilshan to Hayden, 1 run
Dilshan to Gilchrist, 1 run
Maharoof to Hayden, FOUR runs
Maharoof to Gilchrist, 1 run
Maharoof to Hayden, 1 run
Maharoof to Hayden, 5 wide
Maharoof to Hayden, SIX runs
Maharoof to Gilchrist, 1 run
Maharoof to Hayden, 1 run
Fernando to Gilchrist, no run
Fernando to Gilchrist, FOUR runs
Fernando to Gilchrist, FOUR runs
Fernando to Hayden, 1 run
Fernando to Gilchrist, 1 run
Fernando to Gilchrist, no run
Maharoof to Hayden, FOUR runs
Maharoof to Hayden, no run
Maharoof to Hayden, FOUR runs
Maharoof to Gilchrist, 1 run
Maharoof to Gilchrist, FOUR runs
Maharoof to Gilchrist, 2 runs
Fernando to Hayden, 4 byes
Fernando to Hayden, no run
Fernando to Hayden, no run
Fernando to Gilchrist, 1 run
Fernando to Hayden, 1 run
Fernando to Hayden, no run
Vaas to Gilchrist, no run
Vaas to Gilchrist, FOUR runs
Vaas to Hayden, 1 run
Vaas to Hayden, 2 runs
Vaas to Hayden, FOUR runs
Vaas to Gilchrist, 1 run
Fernando to Gilchrist, 1 leg bye
Fernando to Hayden, 1 leg bye
Fernando to Hayden, no run
Fernando to Hayden, no run
Fernando to Hayden, no run
Fernando to Hayden, no run
Vaas to Hayden, 1 run
Vaas to Hayden, no run
Vaas to Gilchrist, 1 run
Vaas to Hayden, 1 run
Vaas to Hayden, (no ball) FOUR runs
Vaas to Gilchrist, 1 run
Vaas to Gilchrist, no run
