Bracken to Fernando, OUT
Bracken to Fernando, no run
Bracken to Malinga, 1 run
Symonds to Malinga, 1 run
Symonds to Vaas, OUT
Symonds to Vaas, no run
Symonds to Malinga, 1 run
Watson to Malinga, SIX runs
Watson to Malinga, no run
Lee to Malinga, 1 run
Lee to Vaas, 1 run
Lee to Malinga, 1 run
Lee to Vaas, 1 run
Lee to Malinga, 1 run
Lee to Vaas, 1 run
Watson to Vaas, 1 run
Watson to Malinga, 1 leg bye
Watson to Malinga, no run
Watson to Vaas, 1 run
Watson to Mubarak, OUT
Watson to Vaas, 1 run
Johnson to Vaas, 1 run
Johnson to Mubarak, 1 run
Johnson to Vaas, 1 run
Johnson to Vaas, no run
Johnson to Mubarak, 1 run
Johnson to Vaas, 1 run
Watson to Mubarak, no run
Watson to Vaas, 1 run
Watson to Mubarak, 1 run
Watson to Mubarak, no run
Watson to Vaas, 1 run
Watson to Vaas, (no ball)
Watson to Mubarak, 1 run
Bracken to Mubarak, 1 run
Bracken to Vaas, 1 run
Bracken to Vaas, no run
Bracken to Mubarak, 1 run
Bracken to Mubarak, no run
Bracken to Mubarak, FOUR runs
Watson to Mubarak, 1 run
Watson to Vaas, 1 run
Watson to Vaas, no run
Watson to Mubarak, 1 run
Watson to Vaas, 1 run
Watson to Mubarak, 1 run
Clark to Vaas, no run
Clark to Vaas, no run
Clark to Mubarak, 1 run
Clark to Vaas, (no ball) 1 run
Clark to Mubarak, 1 run
Clark to Vaas, 1 run
Clark to Vaas, no run
Lee to Mubarak, 2 runs
Lee to Mubarak, no run
Lee to Mubarak, FOUR runs
Lee to Vaas, 1 run
Lee to Vaas, FOUR runs
Lee to Mubarak, 1 run
Clark to Vaas, no run
Clark to Maharoof, OUT
Clark to Maharoof, no run
Clark to Sangakkara, OUT
Clark to Sangakkara, FOUR runs
Clark to Sangakkara, no run
Johnson to Sangakkara, 1 run
Johnson to Mubarak, 1 run
Johnson to Sangakkara, 1 run
Johnson to Mubarak, 1 run
Johnson to Mubarak, no run
Johnson to Sangakkara, 1 run
Clark to Mubarak, no run
Clark to Mubarak, FOUR runs
Clark to Mubarak, no run
Clark to Dilshan, OUT
Clark to Dilshan, no run
Clark to Dilshan, 2 runs
Johnson to Sangakkara, no run
Johnson to Dilshan, 1 run
Johnson to Sangakkara, 1 run
Johnson to Sangakkara, no run
Johnson to Sangakkara, no run
Johnson to Sangakkara, no run
Clark to Dilshan, no run
Clark to Sangakkara, 1 run
Clark to Sangakkara, FOUR runs
Clark to Silva, OUT
Clark to Silva, no run
Clark to Silva, no run
Johnson to Sangakkara, no run
Johnson to Silva, 1 run
Johnson to Silva, no run
Johnson to Silva, 1 wide
Johnson to Silva, no run
Johnson to Silva, no run
Johnson to Silva, FOUR runs
Bracken to Sangakkara, no run
Bracken to Sangakkara, 2 runs
Bracken to Sangakkara, no run
Bracken to Silva, 1 run
Bracken to Sangakkara, 1 run
Bracken to Sangakkara, no run
Lee to Silva, no run
Lee to Silva, no run
Lee to Mahela Jayawardene, OUT
Lee to Sangakkara, 1 run
Lee to Sangakkara, no run
Lee to Mahela Jayawardene, 1 run
Bracken to Upul Tharanga, OUT
Bracken to Upul Tharanga, no run
Bracken to Upul Tharanga, no run
Bracken to Upul Tharanga, 2 runs
Bracken to Upul Tharanga, no run
Bracken to Upul Tharanga, no run
Lee to Sangakkara, FOUR runs
Lee to Upul Tharanga, 1 run
Lee to Sangakkara, 1 run
Lee to Jayasuriya, OUT
Lee to Jayasuriya, no run
Lee to Upul Tharanga, 1 run
