Rampaul to Harbhajan, 1 run
Rampaul to Harbhajan, FOUR runs
Rampaul to Pathan, 1 run
Rampaul to Harbhajan, 1 run
Rampaul to Harbhajan, SIX runs
Rampaul to Pathan, 1 run
Rampaul to Pathan, 1 wide
Bishoo to Pathan, 1 run
Bishoo to Pathan, SIX runs
Bishoo to Harbhajan, 1 run
Bishoo to Harbhajan, 2 runs
Bishoo to Harbhajan, no run
Bishoo to Badrinath, OUT
Barnwell to Pathan, SIX runs
Barnwell to Pathan, no run
Barnwell to Pathan, 1 wide
Barnwell to Rohit Sharma, OUT
Barnwell to Rohit Sharma, SIX runs
Barnwell to Badrinath, 1 run
Barnwell to Rohit Sharma, 1 run
Barnwell to Rohit Sharma, 5 wide
Bishoo to Badrinath, 2 runs
Bishoo to Badrinath, FOUR runs
Bishoo to Badrinath, no run
Bishoo to Badrinath, 2 runs
Bishoo to Badrinath, no run
Bishoo to Badrinath, FOUR runs
Rampaul to Rohit Sharma, SIX runs
Rampaul to Badrinath, 1 run
Rampaul to Badrinath, FOUR runs
Rampaul to Badrinath, (no ball)
Rampaul to Rohit Sharma, 1 run
Rampaul to Badrinath, 1 run
Rampaul to Rohit Sharma, 1 leg bye
Barnwell to Rohit Sharma, 1 run
Barnwell to Rohit Sharma, no run
Barnwell to Badrinath, 1 run
Barnwell to Rohit Sharma, 1 run
Barnwell to Badrinath, 1 run
Barnwell to Badrinath, no run
Nurse to Badrinath, 1 run
Nurse to Rohit Sharma, 1 run
Nurse to Badrinath, 1 run
Nurse to Badrinath, FOUR runs
Nurse to Rohit Sharma, 1 run
Nurse to Rohit Sharma, no run
Bishoo to Badrinath, no run
Bishoo to Badrinath, no run
Bishoo to Rohit Sharma, 1 run
Bishoo to Rohit Sharma, 2 runs
Bishoo to Rohit Sharma, no run
Bishoo to Badrinath, 1 run
Nurse to Rohit Sharma, no run
Nurse to Rohit Sharma, no run
Nurse to Badrinath, 1 run
Nurse to Badrinath, 1 wide
Nurse to Badrinath, no run
Nurse to Badrinath, no run
Nurse to Rohit Sharma, 1 run
Bishoo to Badrinath, 2 runs
Bishoo to Rohit Sharma, 1 run
Bishoo to Badrinath, 1 run
Bishoo to Badrinath, no run
Bishoo to Badrinath, no run
Bishoo to Rohit Sharma, 1 run
Nurse to Rohit Sharma, 1 run
Nurse to Rohit Sharma, no run
Nurse to Badrinath, 1 run
Nurse to Rohit Sharma, 1 run
Nurse to Badrinath, 1 run
Nurse to Badrinath, 2 runs
Sammy to Badrinath, 1 run
Sammy to Badrinath, no run
Sammy to Raina, OUT
Sammy to Badrinath, 1 run
Sammy to Badrinath, no run
Sammy to Raina, 1 run
Nurse to Badrinath, FOUR runs
Nurse to Raina, 1 run
Nurse to Raina, no run
Nurse to Raina, no run
Nurse to Raina, no run
Nurse to Badrinath, 1 run
Sammy to Patel, OUT
Sammy to Kohli, OUT
Sammy to Patel, 1 run
Sammy to Kohli, 1 run
Sammy to Kohli, no run
Sammy to Kohli, no run
Russell to Kohli, 1 run
Russell to Patel, 1 run
Russell to Patel, 2 runs
Russell to Patel, SIX runs
Russell to Kohli, 1 run
Russell to Kohli, FOUR runs
Russell to Kohli, (no ball) FOUR runs
Sammy to Patel, FOUR runs
Sammy to Kohli, 1 run
Sammy to Patel, 1 run
Sammy to Patel, no run
Sammy to Kohli, 1 run
Sammy to Kohli, no run
Rampaul to Patel, no run
Rampaul to Kohli, 1 run
Rampaul to Patel, 1 run
Rampaul to Patel, no run
Rampaul to Patel, FOUR runs
Rampaul to Patel, no run
Sammy to S Dhawan, OUT
Sammy to Patel, 1 run
Sammy to S Dhawan, 1 run
Sammy to Patel, 1 run
Sammy to Patel, no run
Sammy to S Dhawan, 1 run
Russell to S Dhawan, 1 run
Russell to Patel, 1 run
Russell to S Dhawan, 1 run
Russell to Patel, 1 run
Russell to S Dhawan, 1 run
Russell to Patel, 1 run
Rampaul to S Dhawan, no run
Rampaul to S Dhawan, no run
Rampaul to S Dhawan, 1 wide
Rampaul to S Dhawan, 1 wide
Rampaul to S Dhawan, no run
Rampaul to S Dhawan, no run
Rampaul to S Dhawan, no run
Rampaul to Patel, 1 run
