Pathan to Hyatt, 1 leg bye
Pathan to Hyatt, SIX runs
Pathan to Barnwell, 1 run
Pathan to Hyatt, 1 run
Pathan to Hyatt, FOUR runs
Pathan to Barnwell, 1 run
Patel to Barnwell, 1 leg bye
Patel to Barnwell, FOUR runs
Patel to Barnwell, 2 runs
Patel to Barnwell, no run
Patel to Barnwell, no run
Patel to Barnwell, SIX runs
Ashwin to Barnwell, 1 leg bye
Ashwin to Barnwell, SIX runs
Ashwin to Barnwell, SIX runs
Ashwin to Barnwell, 2 runs
Ashwin to Barnwell, no run
Ashwin to Barnwell, FOUR runs
Praveen to Barnwell, 1 run
Praveen to Hyatt, 1 run
Praveen to Barnwell, 1 run
Praveen to Hyatt, 1 run
Praveen to Sammy, OUT
Praveen to Hyatt, 1 run
Harbhajan to Sammy, no run
Harbhajan to Darren Bravo, OUT
Harbhajan to Darren Bravo, FOUR runs
Harbhajan to Samuels, OUT
Harbhajan to Samuels, 1 wide
Harbhajan to Darren Bravo, 1 run
Harbhajan to Samuels, 1 run
Praveen to Darren Bravo, no run
Praveen to Darren Bravo, FOUR runs
Praveen to Darren Bravo, no run
Praveen to Darren Bravo, FOUR runs
Praveen to Darren Bravo, 2 runs
Praveen to Darren Bravo, 2 runs
Pathan to Darren Bravo, 1 run
Pathan to Samuels, 1 run
Pathan to Darren Bravo, 1 run
Pathan to Samuels, 1 run
Pathan to Samuels, no run
Pathan to Samuels, no run
Patel to Samuels, 1 run
Patel to Darren Bravo, 1 run
Patel to Darren Bravo, no run
Patel to Darren Bravo, no run
Patel to Darren Bravo, FOUR runs
Patel to Samuels, 1 run
Ashwin to Samuels, 1 leg bye
Ashwin to Samuels, no run
Ashwin to Samuels, no run
Ashwin to Samuels, no run
Ashwin to Samuels, no run
Ashwin to Darren Bravo, 1 run
Patel to Darren Bravo, 1 run
Patel to Darren Bravo, no run
Patel to Darren Bravo, FOUR runs
Patel to Darren Bravo, 2 runs
Patel to Darren Bravo, no run
Patel to Samuels, 1 run
Pathan to Darren Bravo, no run
Pathan to Darren Bravo, no run
Pathan to Darren Bravo, no run
Pathan to Samuels, 1 run
Pathan to Darren Bravo, 1 run
Pathan to Darren Bravo, no run
Harbhajan to Samuels, 2 runs
Harbhajan to Darren Bravo, 1 run
Harbhajan to Samuels, 1 run
Harbhajan to Samuels, FOUR runs
Harbhajan to Darren Bravo, 1 run
Harbhajan to Samuels, 1 run
Pathan to Darren Bravo, no run
Pathan to Darren Bravo, no run
Pathan to Darren Bravo, no run
Pathan to Samuels, 1 run
Pathan to Darren Bravo, 1 run
Pathan to Samuels, 1 run
Harbhajan to Samuels, 1 run
Harbhajan to Darren Bravo, 1 run
Harbhajan to Darren Bravo, no run
Harbhajan to Darren Bravo, 2 runs
Harbhajan to Samuels, 1 run
Harbhajan to Darren Bravo, 1 run
Ashwin to Samuels, no run
Ashwin to Samuels, no run
Ashwin to Darren Bravo, 1 run
Ashwin to Darren Bravo, no run
Ashwin to Darren Bravo, no run
Ashwin to Darren Bravo, no run
Patel to Samuels, FOUR runs
Patel to Samuels, no run
Patel to Samuels, FOUR runs
Patel to Samuels, no run
Patel to Fletcher, OUT
Patel to Fletcher, no run
Ashwin to Darren Bravo, no run
Ashwin to Simmons, OUT
Ashwin to Fletcher, 3 runs
Ashwin to Fletcher, SIX runs
Ashwin to Fletcher, no run
Ashwin to Fletcher, 1 wide
Ashwin to Fletcher, no run
Praveen to Fletcher, 1 run
Praveen to Simmons, 1 run
Praveen to Simmons, FOUR runs
Praveen to Fletcher, 1 run
Praveen to Simmons, 1 run
Praveen to Simmons, 2 runs
Harbhajan to Fletcher, no run
Harbhajan to Fletcher, no run
Harbhajan to Simmons, 1 run
Harbhajan to Simmons, no run
Harbhajan to Simmons, 1 wide
Harbhajan to Simmons, no run
Harbhajan to Simmons, no run
Praveen to Fletcher, no run
Praveen to Fletcher, no run
Praveen to Fletcher, no run
Praveen to Fletcher, no run
Praveen to Fletcher, no run
Praveen to Fletcher, no run
