Joginder Sharma to Johnson, FOUR runs
Joginder Sharma to Lee, OUT
Joginder Sharma to Lee, 2 runs
Joginder Sharma to Hussey, OUT
Joginder Sharma to Hussey, no run
Joginder Sharma to Hussey, no run
Singh to Haddin, 2 runs
Singh to Haddin, no run
Singh to Hussey, 1 run
Singh to Haddin, 1 run
Singh to Haddin, (no ball)
Singh to Haddin, no run
Singh to Haddin, no run
Harbhajan to Haddin, 1 run
Harbhajan to Hussey, 1 run
Harbhajan to Hussey, no run
Harbhajan to Hussey, no run
Harbhajan to Haddin, 1 run
Harbhajan to Clarke, OUT
Pathan to Clarke, 1 run
Pathan to Clarke, 2 runs
Pathan to Symonds, OUT
Pathan to Hussey, 1 run
Pathan to Hussey, SIX runs
Pathan to Symonds, 1 run
Joginder Sharma to Hussey, 2 runs
Joginder Sharma to Symonds, 1 run
Joginder Sharma to Symonds, 2 runs
Joginder Sharma to Symonds, 1 wide
Joginder Sharma to Symonds, 2 runs
Joginder Sharma to Symonds, FOUR runs
Joginder Sharma to Hussey, 1 run
Sreesanth to Symonds, no run
Sreesanth to Hussey, 1 run
Sreesanth to Hayden, OUT
Sreesanth to Symonds, 1 run
Sreesanth to Symonds, FOUR runs
Sreesanth to Symonds, no run
Harbhajan to Symonds, 1 run
Harbhajan to Hayden, 1 run
Harbhajan to Hayden, no run
Harbhajan to Hayden, no run
Harbhajan to Symonds, 1 run
Harbhajan to Symonds, SIX runs
Sehwag to Hayden, SIX runs
Sehwag to Hayden, 2 runs
Sehwag to Hayden, (no ball) 2 runs
Sehwag to Hayden, SIX runs
Sehwag to Symonds, 1 run
Sehwag to Hayden, 1 run
Sehwag to Symonds, 1 run
Harbhajan to Hayden, 2 runs
Harbhajan to Hayden, no run
Harbhajan to Symonds, 1 run
Harbhajan to Hayden, 1 run
Harbhajan to Symonds, 1 run
Harbhajan to Symonds, 2 runs
Pathan to Hayden, SIX runs
Pathan to Symonds, 1 run
Pathan to Symonds, SIX runs
Pathan to Hayden, 1 run
Pathan to Symonds, 1 run
Pathan to Hayden, 1 run
Harbhajan to Symonds, no run
Harbhajan to Symonds, 2 runs
Harbhajan to Symonds, no run
Harbhajan to Hayden, 1 run
Harbhajan to Hayden, no run
Harbhajan to Hayden, 2 runs
Pathan to Symonds, FOUR runs
Pathan to Symonds, no run
Pathan to Hodge, OUT
Pathan to Hayden, 1 run
Pathan to Hayden, no run
Pathan to Hayden, 1 wide
Pathan to Hayden, 2 runs
Joginder Sharma to Hodge, SIX runs
Joginder Sharma to Hayden, 1 run
Joginder Sharma to Hayden, SIX runs
Joginder Sharma to Hayden, no run
Joginder Sharma to Hayden, FOUR runs
Joginder Sharma to Hodge, 1 run
Pathan to Hayden, 2 runs
Pathan to Hayden, FOUR runs
Pathan to Hodge, 1 run
Pathan to Hodge, 2 runs
Pathan to Hodge, no run
Pathan to Hodge, no run
Sreesanth to Hayden, no run
Sreesanth to Hayden, no run
Sreesanth to Hodge, 1 run
Sreesanth to Hodge, no run
Sreesanth to Hodge, no run
Sreesanth to Gilchrist, OUT
Singh to Gilchrist, 1 run
Singh to Hayden, 1 leg bye
Singh to Hayden, FOUR runs
Singh to Gilchrist, 1 run
Singh to Gilchrist, SIX runs
Singh to Gilchrist, FOUR runs
Sreesanth to Hayden, no run
Sreesanth to Hayden, 2 leg byes
Sreesanth to Hayden, no run
Sreesanth to Hayden, no run
Sreesanth to Hayden, no run
Sreesanth to Hayden, no run
Singh to Gilchrist, SIX runs
Singh to Gilchrist, no run
Singh to Hayden, 1 run
Singh to Hayden, no run
Singh to Hayden, no run
Singh to Hayden, no run
Sreesanth to Hayden, 1 run
Sreesanth to Hayden, no run
Sreesanth to Hayden, no run
Sreesanth to Hayden, no run
Sreesanth to Hayden, no run
Sreesanth to Hayden, FOUR runs
Singh to Gilchrist, no run
Singh to Gilchrist, no run
Singh to Gilchrist, no run
Singh to Gilchrist, FOUR runs
Singh to Gilchrist, no run
Singh to Gilchrist, 1 wide
Singh to Gilchrist, no run
