Johnson to Pathan, 4 leg byes
Johnson to Rohit Sharma, OUT
Johnson to Dhoni, 1 run
Johnson to Dhoni, no run
Johnson to Dhoni, 2 runs
Johnson to Dhoni, 2 runs
Bracken to Rohit Sharma, SIX runs
Bracken to Dhoni, 1 run
Bracken to Dhoni, FOUR runs
Bracken to Dhoni, SIX runs
Bracken to Rohit Sharma, 1 run
Bracken to Rohit Sharma, no run
Clarke to Dhoni, FOUR runs
Clarke to Rohit Sharma, 1 run
Clarke to Dhoni, 1 run
Clarke to Yuvraj, OUT
Clarke to Yuvraj, SIX runs
Clarke to Dhoni, 1 run
Lee to Yuvraj, 2 runs
Lee to Dhoni, 1 run
Lee to Yuvraj, 1 run
Lee to Yuvraj, no run
Lee to Dhoni, 1 run
Lee to Dhoni, 2 runs
Symonds to Yuvraj, no run
Symonds to Yuvraj, FOUR runs
Symonds to Dhoni, 1 run
Symonds to Dhoni, FOUR runs
Symonds to Dhoni, FOUR runs
Symonds to Yuvraj, 1 run
Johnson to Dhoni, no run
Johnson to Yuvraj, 1 run
Johnson to Dhoni, 1 run
Johnson to Uthappa, OUT
Johnson to Uthappa, SIX runs
Johnson to Uthappa, SIX runs
Clark to Yuvraj, FOUR runs
Clark to Yuvraj, SIX runs
Clark to Yuvraj, 2 runs
Clark to Yuvraj, 2 runs
Clark to Yuvraj, 2 runs
Clark to Yuvraj, 1 wide
Clark to Yuvraj, FOUR runs
Symonds to Yuvraj, 1 run
Symonds to Uthappa, 1 run
Symonds to Yuvraj, 1 run
Symonds to Uthappa, 1 run
Symonds to Uthappa, no run
Symonds to Uthappa, no run
Bracken to Uthappa, 1 run
Bracken to Yuvraj, 1 run
Bracken to Yuvraj, FOUR runs
Bracken to Uthappa, 1 run
Bracken to Yuvraj, 1 run
Bracken to Uthappa, 1 leg bye
Symonds to Yuvraj, SIX runs
Symonds to Uthappa, 1 run
Symonds to Uthappa, SIX runs
Symonds to Yuvraj, 1 run
Symonds to Yuvraj, FOUR runs
Symonds to Uthappa, 1 run
Lee to Yuvraj, SIX runs
Lee to Uthappa, 1 run
Lee to Uthappa, 2 runs
Lee to Yuvraj, 1 run
Lee to Yuvraj, 2 runs
Lee to Yuvraj, no run
Clark to Uthappa, no run
Clark to Uthappa, no run
Clark to Uthappa, no run
Clark to Yuvraj, 1 run
Clark to Yuvraj, SIX runs
Clark to Yuvraj, no run
Johnson to Gambhir, OUT
Johnson to Uthappa, 1 run
Johnson to Uthappa, no run
Johnson to Uthappa, no run
Johnson to Uthappa, no run
Johnson to Gambhir, 1 run
Clark to Gambhir, 1 run
Clark to Gambhir, no run
Clark to Uthappa, 1 run
Clark to Uthappa, no run
Clark to Uthappa, no run
Clark to Gambhir, 1 run
Johnson to Uthappa, FOUR runs
Johnson to Uthappa, no run
Johnson to Gambhir, 1 run
Johnson to Uthappa, 1 run
Johnson to Sehwag, OUT
Johnson to Sehwag, FOUR runs
Clark to Gambhir, FOUR runs
Clark to Gambhir, no run
Clark to Gambhir, no run
Clark to Sehwag, 1 run
Clark to Gambhir, 1 run
Clark to Sehwag, 1 run
Bracken to Gambhir, no run
Bracken to Gambhir, FOUR runs
Bracken to Gambhir, no run
Bracken to Gambhir, FOUR runs
Bracken to Gambhir, no run
Bracken to Sehwag, 1 run
Lee to Gambhir, no run
Lee to Gambhir, no run
Lee to Sehwag, 1 run
Lee to Sehwag, no run
Lee to Sehwag, no run
Lee to Sehwag, no run
Bracken to Sehwag, 1 run
Bracken to Gambhir, 1 run
Bracken to Gambhir, no run
Bracken to Gambhir, no run
Bracken to Sehwag, 1 leg bye
Bracken to Gambhir, 1 run
Lee to Sehwag, no run
Lee to Sehwag, no run
Lee to Gambhir, 1 run
Lee to Gambhir, FOUR runs
Lee to Gambhir, no run
Lee to Gambhir, no run
