Dwayne Bravo to Wright, 2 runs
Dwayne Bravo to Wright, FOUR runs
Dwayne Bravo to Wright, no run
Dwayne Bravo to Wright, 2 runs
Dwayne Bravo to Morgan, OUT
Dwayne Bravo to Wright, 1 run
Benn to Wright, 1 run
Benn to Morgan, 1 run
Benn to Morgan, FOUR runs
Benn to Morgan, 2 runs
Benn to Wright, 1 run
Benn to Morgan, 1 bye
Rampaul to Morgan, 1 run
Rampaul to Morgan, 2 runs
Rampaul to Morgan, FOUR runs
Rampaul to Morgan, SIX runs
Rampaul to Wright, (no ball) 1 run
Rampaul to Wright, SIX runs
Rampaul to Wright, SIX runs
Dwayne Bravo to Morgan, SIX runs
Dwayne Bravo to Morgan, 2 runs
Dwayne Bravo to Wright, 1 run
Dwayne Bravo to Morgan, 1 leg bye
Dwayne Bravo to Morgan, FOUR runs
Dwayne Bravo to Morgan, no run
Pollard to Wright, no run
Pollard to Wright, SIX runs
Pollard to Morgan, 1 run
Pollard to Morgan, 2 runs
Pollard to Wright, 1 run
Pollard to Wright, SIX runs
Dwayne Bravo to Wright, 1 run
Dwayne Bravo to Morgan, 1 run
Dwayne Bravo to Morgan, 2 runs
Dwayne Bravo to Wright, 1 run
Dwayne Bravo to Morgan, 1 run
Dwayne Bravo to Morgan, no run
Sammy to Morgan, 1 run
Sammy to Morgan, no run
Sammy to Morgan, no run
Sammy to Wright, 1 run
Sammy to Morgan, 1 run
Sammy to Wright, 1 run
Dwayne Bravo to Wright, 1 run
Dwayne Bravo to Wright, no run
Dwayne Bravo to Morgan, 1 run
Dwayne Bravo to Morgan, no run
Dwayne Bravo to Morgan, SIX runs
Dwayne Bravo to Morgan, no run
Sammy to Morgan, 1 run
Sammy to Wright, 1 run
Sammy to Wright, no run
Sammy to Morgan, 1 run
Sammy to Morgan, no run
Sammy to Morgan, 1 wide
Sammy to Morgan, 2 runs
Miller to Morgan, 1 run
Miller to Wright, 1 run
Miller to Wright, no run
Miller to Wright, no run
Miller to Wright, no run
Miller to Morgan, 1 run
Sammy to Pietersen, OUT
Sammy to Pietersen, SIX runs
Sammy to Morgan, 1 run
Sammy to PD Collingwood, OUT
Sammy to PD Collingwood, no run
Sammy to Pietersen, 1 run
Miller to PD Collingwood, no run
Miller to Pietersen, 1 run
Miller to Pietersen, 2 runs
Miller to PD Collingwood, 1 run
Miller to Pietersen, 1 run
Miller to Pietersen, no run
Sammy to Pietersen, 1 run
Sammy to Pietersen, no run
Sammy to Pietersen, no run
Sammy to PD Collingwood, 1 run
Sammy to Pietersen, 1 run
Sammy to PD Collingwood, 1 run
Miller to Pietersen, 2 runs
Miller to PD Collingwood, 3 runs
Miller to PD Collingwood, no run
Miller to Kieswetter, OUT
Miller to Kieswetter, SIX runs
Miller to Kieswetter, no run
Rampaul to Pietersen, no run
Rampaul to Kieswetter, 1 run
Rampaul to Pietersen, 1 run
Rampaul to Kieswetter, 1 run
Rampaul to Kieswetter, SIX runs
Rampaul to Kieswetter, no run
Miller to Pietersen, no run
Miller to Kieswetter, 1 run
Miller to Kieswetter, SIX runs
Miller to Pietersen, 1 run
Miller to Pietersen, 2 runs
Miller to Pietersen, no run
Gayle to Pietersen, 1 run
Gayle to Pietersen, FOUR runs
Gayle to Lumb, OUT
Gayle to Kieswetter, 1 run
Gayle to Kieswetter, FOUR runs
Gayle to Lumb, 1 run
Benn to Kieswetter, no run
Benn to Kieswetter, no run
Benn to Kieswetter, no run
Benn to Lumb, 1 run
Benn to Lumb, FOUR runs
Benn to Lumb, FOUR runs
Rampaul to Lumb, 1 run
Rampaul to Lumb, 2 runs
Rampaul to Lumb, no run
Rampaul to Lumb, no run
Rampaul to Lumb, (no ball) 2 runs
Rampaul to Lumb, FOUR runs
Rampaul to Lumb, 1 wide
Rampaul to Lumb, FOUR runs
Rampaul to Lumb, 1 wide
Benn to Lumb, 1 run
Benn to Lumb, no run
Benn to Lumb, 2 runs
Benn to Lumb, 2 runs
Benn to Lumb, no run
Benn to Lumb, no run
