Broad to Fletcher, 1 run
Broad to Fletcher, FOUR runs
Broad to Fletcher, no run
Broad to Fletcher, 2 runs
Broad to Chanderpaul, 1 run
Yardy to Chanderpaul, 1 run
Yardy to Fletcher, 1 run
Yardy to Chanderpaul, 1 run
Yardy to Fletcher, 1 run
Yardy to Chanderpaul, 1 run
Yardy to Fletcher, 1 run
Swann to Fletcher, 1 run
Swann to Chanderpaul, 2 wide
Swann to Fletcher, 1 run
Swann to Fletcher, no run
Swann to Pollard, 1 wide, OUT
Swann to Gayle, OUT
Swann to Gayle, SIX runs
Swann to Gayle, 2 runs
Bresnan to Gayle, 1 run
Bresnan to Chanderpaul, 1 run
Bresnan to Chanderpaul, 1 wide
Bresnan to Chanderpaul, no run
Bresnan to Chanderpaul, no run
Bresnan to Chanderpaul, 2 runs
Bresnan to Gayle, 1 run
Bresnan to Gayle, 1 wide
Swann to Chanderpaul, SIX runs
Swann to Chanderpaul, no run
Swann to Chanderpaul, no run
Swann to Gayle, 2 wide
Swann to Chanderpaul, 1 run
Swann to Gayle, 1 run
Swann to Chanderpaul, 1 run
Sidebottom to Gayle, SIX runs
Sidebottom to Gayle, no run
Sidebottom to Gayle, 1 wide
Sidebottom to Gayle, FOUR runs
Sidebottom to Gayle, FOUR runs
Sidebottom to Gayle, no run
Sidebottom to Gayle, no run
