Langeveldt to Mills, 1 run
Langeveldt to Gillespie, 1 run
Langeveldt to Gillespie, 1 wide
Langeveldt to Mills, 1 run
Langeveldt to Mills, no run
Langeveldt to Mills, no run
Langeveldt to Mills, SIX runs
Steyn to Gillespie, no run
Steyn to Mills, 1 run
Steyn to Mills, 2 runs
Steyn to Mills, 2 runs
Steyn to Mills, no run
Steyn to Gillespie, 1 run
Langeveldt to Mills, 2 runs
Langeveldt to Mills, SIX runs
Langeveldt to Mills, no run
Langeveldt to Mills, FOUR runs
Langeveldt to Mills, no run
Langeveldt to Mills, 1 wide
Langeveldt to Gillespie, 1 run
Steyn to Mills, no run
Steyn to Mills, no run
Steyn to Mills, no run
Steyn to Gillespie, 1 run
Steyn to Styris, OUT
Steyn to Mills, 1 run
Botha to Mills, 1 run
Botha to Styris, 1 run
Botha to Styris, FOUR runs
Botha to Mills, 1 run
Botha to Mills, 2 runs
Botha to Mills, 2 runs
Pollock to Mills, 1 run
Pollock to Mills, no run
Pollock to Styris, 1 run
Pollock to Vettori, OUT
Pollock to Styris, 1 run
Pollock to Styris, no run
Botha to Styris, 1 run
Botha to Vettori, 1 run
Botha to Vettori, no run
Botha to Vettori, no run
Botha to Vettori, no run
Botha to Vettori, no run
Morkel to Styris, 2 runs
Morkel to Styris, no run
Morkel to Vettori, 1 run
Morkel to Hopkins, OUT
Morkel to Hopkins, 2 runs
Morkel to Styris, 1 run
Botha to Styris, 1 run
Botha to Hopkins, 1 run
Botha to Styris, 1 run
Botha to Hopkins, 1 run
Botha to Hopkins, no run
Botha to Hopkins, no run
Morkel to Hopkins, 1 run
Morkel to Hopkins, no run
Morkel to Styris, 1 run
Morkel to Styris, 1 wide
Morkel to Hopkins, 1 run
Morkel to Hopkins, no run
Morkel to Styris, 1 run
Botha to Vincent, OUT
Botha to Vincent, no run
Botha to Styris, 1 run
Botha to Vincent, 1 leg bye
Botha to Styris, 1 run
Botha to Styris, no run
Morkel to Styris, 1 run
Morkel to Styris, no run
Morkel to Styris, no run
Morkel to Styris, FOUR runs
Morkel to Styris, FOUR runs
Morkel to Styris, no run
Langeveldt to Vincent, no run
Langeveldt to Styris, 1 run
Langeveldt to Vincent, 1 run
Langeveldt to Vincent, 2 runs
Langeveldt to Styris, 1 run
Langeveldt to Vincent, 1 run
Morkel to Styris, 2 runs
Morkel to Styris, 1 wide
Morkel to Styris, no run
Morkel to Taylor, OUT
Morkel to Taylor, no run
Morkel to Taylor, SIX runs
Morkel to Taylor, no run
Langeveldt to Taylor, 1 run
Langeveldt to Taylor, no run
Langeveldt to Taylor, 2 leg byes
Langeveldt to Taylor, no run
Langeveldt to Vincent, 1 run
Langeveldt to Vincent, no run
Langeveldt to Vincent, 1 wide
Pollock to How, OUT
Pollock to Vincent, 1 run
Pollock to Vincent, no run
Pollock to Vincent, FOUR runs
Pollock to How, 1 run
Pollock to How, no run
Steyn to Vincent, no run
Steyn to How, 1 run
Steyn to How, no run
Steyn to How, no run
Steyn to How, FOUR runs
Steyn to Vincent, 1 run
Pollock to How, SIX runs
Pollock to How, 2 runs
Pollock to How, no run
Pollock to How, no run
Pollock to McCullum, OUT
Pollock to McCullum, SIX runs
Pollock to McCullum, 1 wide
Steyn to Vincent, no run
Steyn to McCullum, 1 run
Steyn to McCullum, no run
Steyn to McCullum, no run
Steyn to Vincent, 1 run
Steyn to McCullum, 1 run
Pollock to McCullum, 1 run
Pollock to McCullum, no run
Pollock to Vincent, 1 run
Pollock to Vincent, no run
Pollock to Vincent, no run
Pollock to Vincent, 2 runs
