Mills to Botha, FOUR runs
Mills to Botha, 2 runs
Mills to de Villiers, 1 run
Mills to Philander, OUT
Mills to de Villiers, 1 run
Patel to Philander, no run
Patel to Philander, no run
Patel to de Villiers, 1 run
Patel to Philander, 1 run
Patel to Philander, no run
Patel to de Villiers, 1 run
Styris to de Villiers, 1 run
Styris to de Villiers, 2 runs
Styris to Philander, 1 run
Styris to Philander, no run
Styris to Morkel, OUT
Styris to Morkel, no run
Patel to Morkel, 1 run
Patel to Morkel, no run
Patel to Morkel, SIX runs
Patel to Morkel, no run
Patel to Morkel, no run
Patel to Morkel, no run
Vettori to de Villiers, no run
Vettori to de Villiers, 2 runs
Vettori to de Villiers, no run
Vettori to de Villiers, no run
Vettori to Morkel, 1 run
Vettori to de Villiers, 1 run
Patel to de Villiers, 1 run
Patel to Morkel, 1 run
Patel to Morkel, no run
Patel to Pollock, OUT
Patel to de Villiers, 1 run
Patel to Pollock, 1 run
Gillespie to Pollock, 3 runs
Gillespie to de Villiers, 1 run
Gillespie to Pollock, 1 run
Gillespie to de Villiers, 1 run
Gillespie to de Villiers, FOUR runs
Gillespie to de Villiers, no run
Patel to de Villiers, 1 run
Patel to de Villiers, no run
Patel to Pollock, 1 run
Patel to Boucher, OUT
Patel to Boucher, no run
Patel to de Villiers, 1 run
Mason to Boucher, 2 runs
Mason to de Villiers, 3 runs
Mason to de Villiers, SIX runs
Mason to Boucher, 1 run
Mason to Boucher, no run
Mason to de Villiers, 1 run
Vettori to de Villiers, 1 run
Vettori to Boucher, 1 run
Vettori to de Villiers, 1 run
Vettori to Boucher, 1 run
Vettori to de Villiers, 1 run
Vettori to de Villiers, no run
Mason to Boucher, no run
Mason to de Villiers, 1 run
Mason to de Villiers, (no ball)
Mason to Boucher, 1 run
Mason to de Villiers, 1 run
Mason to Boucher, 1 run
Mason to de Villiers, 1 run
Vettori to Duminy, OUT
Vettori to de Villiers, 1 run
Vettori to de Villiers, no run
Vettori to Duminy, 1 run
Vettori to Duminy, no run
Vettori to Duminy, SIX runs
Mason to Duminy, 1 run
Mason to de Villiers, 1 run
Mason to de Villiers, FOUR runs
Mason to Duminy, 1 run
Mason to Duminy, 2 runs
Mason to Duminy, no run
Vettori to de Villiers, FOUR runs
Vettori to de Villiers, no run
Vettori to de Villiers, no run
Vettori to de Villiers, 2 runs
Vettori to de Villiers, no run
Vettori to Duminy, 1 run
Gillespie to de Villiers, no run
Gillespie to de Villiers, FOUR runs
Gillespie to de Villiers, no run
Gillespie to de Villiers, 1 wide
Gillespie to de Villiers, no run
Gillespie to de Villiers, no run
Gillespie to Duminy, 1 run
Gillespie to Duminy, 1 wide
Mills to Smith, OUT
Mills to Duminy, 1 run
Mills to Duminy, SIX runs
Mills to Duminy, 2 leg byes
Mills to Duminy, FOUR runs
Mills to Duminy, FOUR runs
Gillespie to Smith, no run
Gillespie to Smith, FOUR runs
Gillespie to Smith, no run
Gillespie to Smith, no run
Gillespie to Smith, no run
Gillespie to Smith, no run
Mills to Smith, 1 run
Mills to Smith, no run
Mills to Duminy, 1 run
Mills to Duminy, FOUR runs
Mills to Duminy, no run
Mills to Duminy, no run
Gillespie to Smith, no run
Gillespie to Smith, no run
Gillespie to Kallis, OUT
Gillespie to Kallis, no run
Gillespie to Smith, 1 run
Gillespie to Smith, no run
Mills to Kallis, no run
Mills to Kallis, FOUR runs
Mills to Kallis, no run
Mills to Smith, 1 run
Mills to Smith, no run
Mills to Smith, no run
