Mpofu to Umar Akmal, 1 run
Mpofu to Tanvir, 1 run
Mpofu to Tanvir, SIX runs
Mpofu to Tanvir, 2 runs
Mpofu to Tanvir, SIX runs
Mpofu to Tanvir, 2 runs
Jarvis to Malik, OUT
Jarvis to Malik, 2 runs
Jarvis to Malik, 2 runs
Jarvis to Umar Akmal, 1 run
Jarvis to Umar Akmal, FOUR runs
Jarvis to Malik, 1 run
Mpofu to Umar Akmal, no run
Mpofu to Umar Akmal, FOUR runs
Mpofu to Umar Akmal, 2 runs
Mpofu to Umar Akmal, FOUR runs
Mpofu to Umar Akmal, FOUR runs
Mpofu to Malik, 1 run
Price to Malik, 1 run
Price to Malik, no run
Price to Rameez Raja, OUT
Price to Rameez Raja, no run
Price to Umar Akmal, 1 run
Price to Rameez Raja, 1 run
Jarvis to Rameez Raja, 1 run
Jarvis to Rameez Raja, no run
Jarvis to Rameez Raja, 2 runs
Jarvis to Umar Akmal, 1 run
Jarvis to Umar Akmal, no run
Jarvis to Rameez Raja, 1 run
Chibhabha to Hafeez, OUT
Chibhabha to Rameez Raja, 1 run
Chibhabha to Hafeez, 1 run
Chibhabha to Rameez Raja, 1 leg bye
Chibhabha to Hafeez, 1 run
Chibhabha to Rameez Raja, 1 run
Chigumbura to Hafeez, FOUR runs
Chigumbura to Rameez Raja, 1 run
Chigumbura to Hafeez, 1 leg bye
Chigumbura to Rameez Raja, 1 run
Chigumbura to Hafeez, 1 run
Chigumbura to Hafeez, 2 runs
Price to Hafeez, 1 run
Price to Hafeez, 2 runs
Price to Hafeez, SIX runs
Price to Hafeez, 1 wide
Price to Hafeez, no run
Price to Hafeez, 3 wide
Price to Rameez Raja, 1 run
Price to Hafeez, 1 run
Masakadza to Rameez Raja, no run
Masakadza to Rameez Raja, FOUR runs
Masakadza to Hafeez, 1 run
Masakadza to Hafeez, no run
Masakadza to Hafeez, SIX runs
Masakadza to Hafeez, no run
Chibhabha to Rameez Raja, no run
Chibhabha to Hafeez, 1 run
Chibhabha to Rameez Raja, (no ball) 1 run
Chibhabha to Hafeez, 1 run
Chibhabha to Rameez Raja, 1 run
Chibhabha to Rameez Raja, no run
Chibhabha to Rameez Raja, FOUR runs
Chigumbura to Rameez Raja, 1 run
Chigumbura to Rameez Raja, no run
Chigumbura to Hafeez, 1 run
Chigumbura to Rameez Raja, 1 run
Chigumbura to Hafeez, 1 run
Chigumbura to Hafeez, 2 runs
Chigumbura to Hafeez, 1 wide
Chibhabha to Hafeez, 1 run
Chibhabha to Rameez Raja, 1 leg bye
Chibhabha to Rameez Raja, no run
Chibhabha to Hafeez, 1 run
Chibhabha to Rameez Raja, 1 run
Chibhabha to Hafeez, 1 run
Masakadza to Hafeez, 1 run
Masakadza to Hafeez, SIX runs
Masakadza to Hafeez, no run
Masakadza to Hafeez, FOUR runs
Masakadza to Hafeez, no run
Masakadza to Hafeez, no run
Price to Rameez Raja, no run
Price to Shafiq, OUT
Price to Hafeez, 1 run
Price to Hafeez, no run
Price to Shafiq, 1 run
Price to Shafiq, no run
Chigumbura to Shafiq, 1 run
Chigumbura to Shafiq, SIX runs
Chigumbura to Hafeez, 1 leg bye
Chigumbura to Hafeez, FOUR runs
Chigumbura to Hafeez, FOUR runs
Chigumbura to Hafeez, no run
Price to Hafeez, 1 run
Price to Hafeez, no run
Price to Shafiq, 2 wide
Price to Shafiq, 2 runs
Price to Hafeez, 1 run
Price to Shafiq, 1 run
Price to Shafiq, 1 wide
Price to Shafiq, 1 wide
Price to Hafeez, 1 run
Price to Hafeez, 5 wide
Jarvis to Hafeez, 1 run
Jarvis to Shafiq, 1 run
Jarvis to Shafiq, FOUR runs
Jarvis to Shafiq, 1 wide
Jarvis to Shafiq, no run
Jarvis to Shafiq, no run
Jarvis to Shafiq, no run
Mpofu to Shafiq, 1 run
Mpofu to Shafiq, FOUR runs
Mpofu to Shafiq, FOUR runs
Mpofu to Shafiq, FOUR runs
Mpofu to Shafiq, FOUR runs
Mpofu to Shafiq, no run
Jarvis to Shafiq, 1 run
Jarvis to Shafiq, no run
Jarvis to Shafiq, no run
Jarvis to Shafiq, FOUR runs
Jarvis to Shafiq, no run
Jarvis to Hafeez, 3 runs
Mpofu to Hafeez, 1 run
Mpofu to Hafeez, no run
Mpofu to Hafeez, no run
Mpofu to Hafeez, FOUR runs
Mpofu to Hafeez, FOUR runs
Mpofu to Hafeez, no run
