Hafeez to Price, OUT
Hafeez to Price, no run
Ajmal to Price, 1 run
Ajmal to Mpofu, 1 run
Ajmal to Price, 1 leg bye
Ajmal to Price, no run
Ajmal to Price, no run
Ajmal to Mpofu, 1 run
Cheema to Mpofu, 1 run
Cheema to Price, 1 run
Cheema to Mpofu, 1 run
Cheema to Price, 2 wide
Cheema to Jarvis, OUT
Cheema to Jarvis, no run
Cheema to Price, OUT
Ajmal to Price, 1 run
Ajmal to Price, no run
Ajmal to Taibu, 1 run
Ajmal to Coventry, OUT
Ajmal to Coventry, FOUR runs
Ajmal to Taibu, 1 run
Yasir Shah to Coventry, FOUR runs
Yasir Shah to Taibu, 1 run
Yasir Shah to Coventry, 1 run
Yasir Shah to Coventry, FOUR runs
Yasir Shah to Taibu, 1 leg bye
Yasir Shah to Taibu, 2 runs
Hafeez to Coventry, SIX runs
Hafeez to Taibu, 1 run
Hafeez to Taibu, no run
Hafeez to Chigumbura, OUT
Hafeez to Chigumbura, no run
Hafeez to Coventry, 1 run
Yasir Shah to Coventry, 1 leg bye
Yasir Shah to Coventry, FOUR runs
Yasir Shah to Coventry, 2 runs
Yasir Shah to Coventry, 2 runs
Yasir Shah to Chigumbura, 1 run
Yasir Shah to Coventry, 1 run
Hafeez to Coventry, 1 run
Hafeez to Chibhabha, OUT
Hafeez to Masakadza, OUT
Hafeez to Masakadza, no run
Hafeez to Masakadza, no run
Hafeez to Chibhabha, 1 run
Cheema to Masakadza, no run
Cheema to Chibhabha, 1 run
Cheema to Masakadza, 1 run
Cheema to Masakadza, 1 wide
Cheema to Chibhabha, 1 run
Cheema to Chibhabha, 1 wide
Cheema to Chibhabha, 2 runs
Cheema to Masakadza, 1 run
Yasir Shah to Masakadza, 1 run
Yasir Shah to Masakadza, 2 runs
Yasir Shah to Masakadza, FOUR runs
Yasir Shah to Masakadza, no run
Yasir Shah to Chibhabha, 1 run
Yasir Shah to Masakadza, 1 run
Cheema to Chibhabha, no run
Cheema to Masakadza, 1 run
Cheema to Chibhabha, 1 run
Cheema to Masakadza, 1 run
Cheema to Chibhabha, 1 run
Cheema to Chibhabha, FOUR runs
Tanvir to Chibhabha, 1 run
Tanvir to Taylor, OUT
Tanvir to Chibhabha, 1 run
Tanvir to Chibhabha, FOUR runs
Tanvir to Taylor, 1 run
Tanvir to Chibhabha, 1 run
Sohail Khan to Chibhabha, 1 leg bye
Sohail Khan to Taylor, 1 run
Sohail Khan to Taylor, SIX runs
Sohail Khan to Taylor, no run
Sohail Khan to Chibhabha, 1 run
Sohail Khan to Chibhabha, 1 wide
Sohail Khan to Taylor, 1 run
Tanvir to Taylor, 1 run
Tanvir to Chibhabha, 1 run
Tanvir to Chibhabha, 2 runs
Tanvir to Chibhabha, 2 runs
Tanvir to Chibhabha, no run
Tanvir to Chibhabha, no run
Sohail Khan to Zhuwao, OUT
Sohail Khan to Chibhabha, 1 run
Sohail Khan to Sibanda, OUT
Sohail Khan to Chibhabha, 1 run
Sohail Khan to Sibanda, 1 run
Sohail Khan to Sibanda, no run
Tanvir to Sibanda, 1 run
Tanvir to Chibhabha, 1 run
Tanvir to Chibhabha, no run
Tanvir to Chibhabha, no run
Tanvir to Chibhabha, 1 wide
Tanvir to Chibhabha, 1 wide
Tanvir to Sibanda, 1 run
Tanvir to Sibanda, FOUR runs
Tanvir to Sibanda, 1 wide
