Dernbach to Amla, 1 run
Dernbach to Amla, 2 runs
Dernbach to Kallis, 1 run
Dernbach to Kallis, FOUR runs
Dernbach to Kallis, no run
Dernbach to Amla, 1 run
Broad to Kallis, 2 runs
Broad to Kallis, FOUR runs
Broad to Kallis, 2 runs
Broad to Amla, (no ball) 1 run
Broad to Amla, FOUR runs
Broad to Amla, no run
Broad to Amla, FOUR runs
Dernbach to Kallis, no run
Dernbach to Amla, 1 run
Dernbach to Amla, no run
Dernbach to Ontong, OUT
Dernbach to Amla, 1 run
Dernbach to Ontong, 1 run
Swann to Amla, no run
Swann to Duminy, OUT
Swann to Amla, 1 run
Swann to Duminy, 1 run
Swann to Amla, 3 runs
Swann to Duminy, 1 run
Wright to Duminy, 1 run
Wright to Duminy, 2 runs
Wright to Duminy, no run
Wright to Amla, 1 run
Wright to Morkel, OUT
Wright to Morkel, no run
Swann to Amla, no run
Swann to Morkel, 1 run
Swann to Amla, 1 run
Swann to Morkel, 1 run
Swann to Amla, 1 run
Swann to Morkel, 1 run
Finn to Amla, FOUR runs
Finn to Amla, no run
Finn to Amla, FOUR runs
Finn to Amla, no run
Finn to Amla, FOUR runs
Finn to de Villiers, OUT
Broad to Amla, 2 runs
Broad to de Villiers, 1 leg bye
Broad to Amla, 3 runs
Broad to Amla, no run
Broad to Amla, FOUR runs
Broad to Amla, no run
Finn to de Villiers, no run
Finn to Amla, 1 leg bye
Finn to Amla, 4 leg byes
Finn to Amla, FOUR runs
Finn to de Villiers, 1 run
Finn to Levi, OUT
