Morkel to Wright, OUT
Botha to Wright, 1 run
Botha to Hales, 1 run
Botha to Wright, 1 run
Botha to Wright, FOUR runs
Botha to Wright, 2 runs
Botha to Hales, 1 run
Morkel to Wright, no run
Morkel to Wright, 1 wide
Morkel to Hales, 1 leg bye
Morkel to Hales, no run
Morkel to Wright, 3 runs
Morkel to Wright, no run
Morkel to Wright, 2 runs
Steyn to Hales, SIX runs
Steyn to Wright, 1 run
Steyn to Wright, no run
Steyn to Hales, 1 run
Steyn to Hales, 1 wide
Steyn to Kieswetter, OUT
Steyn to Hales, 1 run
Morkel to Hales, 1 run
Morkel to Kieswetter, 1 run
Morkel to Kieswetter, no run
Morkel to Kieswetter, no run
Morkel to Kieswetter, no run
Morkel to Kieswetter, no run
