Ajmal to Shuvo, 1 run
Ajmal to Shuvo, no run
Ajmal to Shuvo, no run
Ajmal to Mortaza, OUT
Ajmal to Mortaza, no run
Ajmal to Md Naeem, 1 run
Ajmal to Md Naeem, 1 wide
Sami to Md Naeem, 1 run
Sami to Mortaza, 1 run
Sami to Md Naeem, 1 run
Sami to Mushfiqur, OUT
Sami to Md Naeem, 1 run
Sami to Mushfiqur, 3 runs
Amir to Mushfiqur, 1 run
Amir to Ashraful, OUT
Amir to Md Naeem, 1 run
Amir to Md Naeem, no run
Amir to Md Naeem, no run
Amir to Md Naeem, FOUR runs
Afridi to Md Naeem, 1 run
Afridi to Ashraful, 1 run
Afridi to Ashraful, no run
Afridi to Ashraful, 2 runs
Afridi to Ashraful, 2 runs
Afridi to Ashraful, SIX runs
Sami to Mahmudullah, OUT
Sami to Mahmudullah, no run
Sami to Mahmudullah, no run
Sami to Ashraful, 1 run
Sami to Shakib, OUT
Sami to Shakib, 2 runs
Afridi to Ashraful, no run
Afridi to Shakib, 1 run
Afridi to Shakib, 2 runs
Afridi to Shakib, 2 runs
Afridi to Shakib, no run
Afridi to Ashraful, 1 run
Hafeez to Shakib, SIX runs
Hafeez to Ashraful, 1 run
Hafeez to Shakib, 1 run
Hafeez to Shakib, SIX runs
Hafeez to Ashraful, 1 run
Hafeez to Ashraful, 2 runs
Afridi to Ashraful, 1 run
Afridi to Ashraful, FOUR runs
Afridi to Ashraful, no run
Afridi to Ashraful, no run
Afridi to Ashraful, 2 runs
Afridi to Ashraful, SIX runs
Ajmal to Shakib, 2 runs
Ajmal to Shakib, 2 runs
Ajmal to Shakib, FOUR runs
Ajmal to Shakib, no run
Ajmal to Ashraful, 1 run
Ajmal to Shakib, 1 run
Afridi to Ashraful, no run
Afridi to Shakib, 1 run
Afridi to Shakib, no run
Afridi to Ashraful, 1 run
Afridi to Ashraful, no run
Afridi to Ashraful, FOUR runs
Ajmal to Shakib, no run
Ajmal to Shakib, no run
Ajmal to Shakib, FOUR runs
Ajmal to Shakib, no run
Ajmal to Shakib, no run
Ajmal to Ashraful, 1 run
Abdul Razzaq to Shakib, FOUR runs
Abdul Razzaq to Ashraful, 1 run
Abdul Razzaq to Ashraful, 2 runs
Abdul Razzaq to Shakib, 1 run
Abdul Razzaq to Ashraful, (no ball) 1 run
Abdul Razzaq to Ashraful, no run
Abdul Razzaq to Ashraful, SIX runs
Hafeez to Ashraful, 1 run
Hafeez to Ashraful, no run
Hafeez to Ashraful, 2 runs
Hafeez to Ashraful, no run
Hafeez to Shakib, 1 run
Hafeez to Shakib, no run
Abdul Razzaq to Ashraful, no run
Abdul Razzaq to Ashraful, FOUR runs
Abdul Razzaq to Shakib, 1 run
Abdul Razzaq to Shakib, no run
Abdul Razzaq to Ashraful, 1 run
Abdul Razzaq to Shakib, 1 run
Hafeez to Shakib, 3 runs
Hafeez to Shakib, 2 runs
Hafeez to Shakib, no run
Hafeez to Tamim, OUT
Hafeez to Ashraful, 1 run
Hafeez to Ashraful, 1 wide
Hafeez to Ashraful, no run
Amir to Tamim, no run
Amir to Tamim, FOUR runs
Amir to Ashraful, 1 run
Amir to Ashraful, no run
Amir to Tamim, 1 run
Amir to Ashraful, 1 run
Sami to Tamim, 2 runs
Sami to Ashraful, 1 run
Sami to Ashraful, no run
Sami to Ashraful, 1 wide
Sami to Ashraful, no run
Sami to Ashraful, FOUR runs
Sami to Tamim, 1 run
Amir to Tamim, 1 run
Amir to Tamim, no run
Amir to Tamim, no run
Amir to Tamim, no run
Amir to Ashraful, 1 run
Amir to Ashraful, no run
Sami to Tamim, FOUR runs
Sami to Ashraful, 1 run
Sami to Ashraful, no run
Sami to Tamim, 1 run
Sami to Tamim, FOUR runs
Sami to Tamim, no run
Amir to Imrul, OUT
Amir to Imrul, no run
Amir to Tamim, 1 run
Amir to Tamim, no run
Amir to Tamim, no run
Amir to Tamim, no run
