Razzak to Abdul Razzaq, 2 runs
Razzak to Misbah, 1 run
Razzak to Misbah, 2 runs
Razzak to Abdul Razzaq, 1 run
Razzak to Abdul Razzaq, 2 runs
Razzak to Abdul Razzaq, no run
Shafiul to Misbah, 2 runs
Shafiul to Misbah, 2 runs
Shafiul to Abdul Razzaq, 1 run
Shafiul to Misbah, 1 run
Shafiul to Salman Butt, OUT
Shafiul to Salman Butt, 2 runs
Shakib to Afridi, OUT
Shakib to Salman Butt, 1 run
Shakib to Afridi, 1 run
Shakib to Afridi, 2 runs
Shakib to Salman Butt, 1 run
Shakib to Salman Butt, 2 runs
Shafiul to Afridi, 2 runs
Shafiul to Afridi, 2 runs
Shafiul to Afridi, no run
Shafiul to Afridi, no run
Shafiul to Salman Butt, 1 run
Shafiul to Afridi, 1 run
Shakib to Afridi, 1 run
Shakib to Kamran, OUT
Shakib to Salman Butt, 1 run
Shakib to Kamran, 1 run
Shakib to Salman Butt, 1 run
Shakib to Kamran, 1 run
Mortaza to Salman Butt, FOUR runs
Mortaza to Kamran, 1 run
Mortaza to Salman Butt, 1 run
Mortaza to Kamran, 1 run
Mortaza to Kamran, SIX runs
Mortaza to Salman Butt, 1 run
Razzak to Kamran, FOUR runs
Razzak to Salman Butt, 1 run
Razzak to Kamran, 1 run
Razzak to Salman Butt, 1 run
Razzak to Salman Butt, FOUR runs
Razzak to Kamran, 1 run
Ashraful to Kamran, 1 run
Ashraful to Kamran, FOUR runs
Ashraful to Salman Butt, 1 run
Ashraful to Kamran, 1 run
Ashraful to Salman Butt, 1 run
Ashraful to Salman Butt, no run
Shuvo to Kamran, FOUR runs
Shuvo to Kamran, no run
Shuvo to Salman Butt, 1 run
Shuvo to Salman Butt, SIX runs
Shuvo to Kamran, 1 run
Shuvo to Kamran, no run
Razzak to Kamran, 1 run
Razzak to Kamran, 2 runs
Razzak to Salman Butt, 1 run
Razzak to Kamran, 1 run
Razzak to Salman Butt, 1 run
Razzak to Salman Butt, SIX runs
Shakib to Salman Butt, 1 run
Shakib to Kamran, 1 run
Shakib to Salman Butt, 1 run
Shakib to Salman Butt, no run
Shakib to Salman Butt, 2 runs
Shakib to Salman Butt, FOUR runs
Md Naeem to Kamran, no run
Md Naeem to Salman Butt, 1 run
Md Naeem to Kamran, 1 run
Md Naeem to Kamran, 2 runs
Md Naeem to Kamran, 2 runs
Md Naeem to Kamran, FOUR runs
Shakib to Salman Butt, FOUR runs
Shakib to Salman Butt, no run
Shakib to Salman Butt, no run
Shakib to Kamran, 1 run
Shakib to Salman Butt, 1 run
Shakib to Salman Butt, no run
Md Naeem to Salman Butt, 1 run
Md Naeem to Salman Butt, FOUR runs
Md Naeem to Kamran, 1 run
Md Naeem to Salman Butt, 1 run
Md Naeem to Kamran, 1 run
Md Naeem to Kamran, no run
Shafiul to Kamran, 1 leg bye
Shafiul to Kamran, FOUR runs
Shafiul to Kamran, no run
Shafiul to Kamran, no run
Shafiul to Kamran, no run
Shafiul to Kamran, no run
Mortaza to Salman Butt, no run
Mortaza to Salman Butt, no run
Mortaza to Salman Butt, FOUR runs
Mortaza to Salman Butt, no run
Mortaza to Kamran, 1 run
Mortaza to Kamran, 2 runs
Shafiul to Kamran, 1 run
Shafiul to Kamran, FOUR runs
Shafiul to Kamran, no run
Shafiul to Salman Butt, 1 run
Shafiul to Salman Butt, no run
Shafiul to Kamran, 1 run
Mortaza to Salman Butt, FOUR runs
Mortaza to Kamran, 1 run
Mortaza to Kamran, 2 runs
Mortaza to Salman Butt, 1 run
Mortaza to Kamran, 1 run
Mortaza to Kamran, no run
Razzak to Kamran, 1 run
Razzak to Kamran, no run
Razzak to Kamran, no run
Razzak to Kamran, FOUR runs
Razzak to Kamran, FOUR runs
Razzak to Kamran, no run
Mortaza to Kamran, 1 leg bye
Mortaza to Kamran, 1 wide
Mortaza to Salman Butt, 1 run
Mortaza to Salman Butt, FOUR runs
Mortaza to Kamran, 1 run
Mortaza to Kamran, 2 runs
Mortaza to Kamran, no run
