Doug Bracewell to Mpofu, OUT
Doug Bracewell to Jarvis, OUT
Doug Bracewell to Price, OUT
Doug Bracewell to Utseya, 2 runs, OUT
Doug Bracewell to Mutizwa, 1 run
Oram to Mutizwa, 1 run
Oram to Utseya, 1 leg bye
Oram to Waller, OUT
Oram to Waller, FOUR runs
Oram to Mutizwa, 1 leg bye
Oram to Mutizwa, FOUR runs
Aldridge to Waller, 2 runs
Aldridge to Waller, FOUR runs
Aldridge to Mutizwa, 1 run
Aldridge to Mutizwa, FOUR runs
Aldridge to Mutizwa, 2 runs
Aldridge to Waller, 1 run
McCullum to Waller, 1 run
McCullum to Chibhabha, OUT
McCullum to Chibhabha, SIX runs
McCullum to Mutizwa, 1 run
McCullum to Chibhabha, 1 run
McCullum to Chibhabha, SIX runs
Aldridge to Chibhabha, 1 run
Aldridge to Chibhabha, FOUR runs
Aldridge to Chibhabha, 2 runs
Aldridge to Mutizwa, 1 run
Aldridge to Chibhabha, 1 run
Aldridge to Chibhabha, no run
McCullum to Mutizwa, no run
McCullum to Chibhabha, 1 run
McCullum to Chibhabha, 2 runs
McCullum to Mutizwa, 1 run
McCullum to Chibhabha, 1 run
McCullum to Mutizwa, 1 run
Nicol to Mutizwa, 1 run
Nicol to Mutizwa, no run
Nicol to Mutizwa, 2 runs
Nicol to Chibhabha, 1 run
Nicol to Chibhabha, SIX runs
Nicol to Mutizwa, 1 run
McCullum to Mutizwa, 1 run
McCullum to Coventry, OUT
McCullum to Coventry, no run
McCullum to Chigumbura, OUT
McCullum to Chibhabha, 1 run
McCullum to Chibhabha, no run
Woodcock to Chigumbura, no run
Woodcock to Chigumbura, no run
Woodcock to Chigumbura, FOUR runs
Woodcock to Chigumbura, 2 runs
Woodcock to Chigumbura, no run
Woodcock to Chigumbura, SIX runs
Oram to Chibhabha, 2 runs
Oram to Chibhabha, no run
Oram to Chigumbura, 1 run
Oram to Chigumbura, 1 wide
Oram to Chibhabha, 1 run
Oram to Chibhabha, no run
Oram to Chigumbura, 1 leg bye
Woodcock to Chibhabha, no run
Woodcock to Chibhabha, no run
Woodcock to Chibhabha, no run
Woodcock to Chibhabha, SIX runs
Woodcock to Chigumbura, 1 run
Woodcock to Chibhabha, 1 run
Oram to Chigumbura, 2 runs
Oram to Chigumbura, 2 runs
Oram to Chigumbura, no run
Oram to Chigumbura, FOUR runs
Oram to Chigumbura, FOUR runs
Oram to Chibhabha, 1 run
Doug Bracewell to Chigumbura, SIX runs
Doug Bracewell to Chigumbura, no run
Doug Bracewell to Chigumbura, FOUR runs
Doug Bracewell to Chigumbura, no run
Doug Bracewell to Chigumbura, no run
Doug Bracewell to Chigumbura, no run
Aldridge to Chibhabha, FOUR runs
Aldridge to Chigumbura, 3 runs
Aldridge to Taylor, OUT
Aldridge to Taylor, no run
Aldridge to Taylor, no run
Aldridge to Chibhabha, 1 run
Doug Bracewell to Taylor, no run
Doug Bracewell to Chibhabha, 1 run
Doug Bracewell to Chibhabha, no run
Doug Bracewell to Taylor, 1 run
Doug Bracewell to Masakadza, OUT
Doug Bracewell to Masakadza, FOUR runs
Aldridge to Chibhabha, no run
Aldridge to Chibhabha, SIX runs
Aldridge to Chibhabha, FOUR runs
Aldridge to Chibhabha, no run
Aldridge to Chibhabha, no run
Aldridge to Chibhabha, FOUR runs
Doug Bracewell to Masakadza, no run
Doug Bracewell to Masakadza, FOUR runs
Doug Bracewell to Chibhabha, 1 run
Doug Bracewell to Chibhabha, no run
Doug Bracewell to Chibhabha, no run
Doug Bracewell to Masakadza, 1 run
