Mpofu to Taylor, 1 run, OUT
Mpofu to Ryder, 1 run
Mpofu to Taylor, 1 run
Mpofu to Ryder, 1 run
Mpofu to Ryder, 2 runs
Mpofu to Ryder, no run
Jarvis to Taylor, 1 run
Jarvis to Taylor, FOUR runs
Jarvis to Ryder, (no ball) 1 run
Jarvis to Taylor, 1 run
Jarvis to Ryder, 1 run
Jarvis to Guptill, OUT
Jarvis to Ryder, 1 run
Mpofu to Guptill, FOUR runs
Mpofu to Guptill, SIX runs
Mpofu to Guptill, 2 runs
Mpofu to Ryder, 1 run
Mpofu to Ryder, FOUR runs
Mpofu to Ryder, no run
Chibhabha to Guptill, FOUR runs
Chibhabha to Guptill, no run
Chibhabha to Ryder, 1 run
Chibhabha to Guptill, 1 run
Chibhabha to Ryder, 1 run
Chibhabha to Ryder, 2 runs
Price to Ryder, 1 run
Price to Guptill, 1 leg bye
Price to Guptill, no run
Price to Ryder, 1 run
Price to Ryder, FOUR runs
Price to Ryder, no run
Utseya to Guptill, FOUR runs
Utseya to Ryder, 1 run
Utseya to Ryder, FOUR runs
Utseya to Ryder, no run
Utseya to Guptill, 1 run
Utseya to Ryder, 1 run
Jarvis to Guptill, 2 runs
Jarvis to Ryder, 1 run
Jarvis to Guptill, 1 run
Jarvis to Guptill, 2 runs
Jarvis to Ryder, 1 run
Jarvis to McCullum, OUT
Price to McCullum, 1 run
Price to McCullum, FOUR runs
Price to Guptill, 1 run
Price to McCullum, 1 run
Price to McCullum, SIX runs
Price to McCullum, 2 runs
Chigumbura to Guptill, 2 runs
Chigumbura to Guptill, no run
Chigumbura to Guptill, FOUR runs
Chigumbura to Guptill, 2 runs
Chigumbura to Guptill, 1 wide
Chigumbura to McCullum, 1 run
Chigumbura to Guptill, 1 run
Utseya to McCullum, SIX runs
Utseya to McCullum, no run
Utseya to McCullum, (no ball) SIX runs
Utseya to Guptill, 3 runs
Utseya to McCullum, 1 run
Utseya to Guptill, 1 run
Utseya to Guptill, SIX runs
Price to Guptill, 1 leg bye
Price to McCullum, 1 run
Price to McCullum, FOUR runs
Price to Guptill, 1 run
Price to Guptill, no run
Price to Guptill, no run
Utseya to Guptill, 1 run
Utseya to McCullum, 1 run
Utseya to McCullum, SIX runs
Utseya to McCullum, 2 runs
Utseya to McCullum, no run
Utseya to McCullum, no run
Chigumbura to McCullum, 1 run
Chigumbura to Guptill, 1 run
Chigumbura to Guptill, no run
Chigumbura to Guptill, no run
Chigumbura to Guptill, no run
Chigumbura to Guptill, FOUR runs
Price to Guptill, 1 run
Price to Guptill, no run
Price to McCullum, 3 runs
Price to Guptill, 1 run
Price to Guptill, no run
Price to Guptill, 1 wide
Price to McCullum, 1 run
Jarvis to McCullum, 1 leg bye
Jarvis to McCullum, no run
Jarvis to Guptill, 1 run
Jarvis to Guptill, FOUR runs
Jarvis to Guptill, FOUR runs
Jarvis to Guptill, (no ball)
Jarvis to McCullum, 1 run
Mpofu to McCullum, 1 run
Mpofu to McCullum, 1 wide
Mpofu to McCullum, no run
Mpofu to McCullum, SIX runs
Mpofu to Guptill, 1 run
Mpofu to Guptill, 1 wide
Mpofu to Guptill, no run
Mpofu to McCullum, 1 leg bye
Jarvis to McCullum, 1 run
Jarvis to McCullum, SIX runs
Jarvis to McCullum, no run
Jarvis to Guptill, 1 run
Jarvis to Guptill, no run
Jarvis to McCullum, 1 leg bye
Mpofu to Guptill, no run
Mpofu to Guptill, 5 wide
Mpofu to McCullum, 1 leg bye
Mpofu to McCullum, no run
Mpofu to McCullum, 2 runs
Mpofu to McCullum, no run
Mpofu to McCullum, no run
