Harmison to McGrath, OUT
Harmison to McGrath, no run
Harmison to McGrath, no run
Flintoff to McGrath, 1 run
Flintoff to McGrath, no run
Flintoff to McGrath, no run
Flintoff to McGrath, no run
Flintoff to McGrath, no run
Flintoff to McGrath, no run
PD Collingwood to McGrath, 1 run
PD Collingwood to Kasprowicz, 1 run
PD Collingwood to McGrath, 3 runs
PD Collingwood to McGrath, no run
PD Collingwood to Kasprowicz, 1 run
PD Collingwood to Lee, OUT
Flintoff to Lee, 1 run
Flintoff to Kasprowicz, 1 run
Flintoff to Kasprowicz, 1 wide
Flintoff to Lee, 1 leg bye
Flintoff to Lee, no run
Flintoff to Lee, no run
Flintoff to Lee, no run
PD Collingwood to Kasprowicz, no run
PD Collingwood to Kasprowicz, no run
PD Collingwood to Lee, 1 run
PD Collingwood to Gillespie, OUT
PD Collingwood to Lee, 1 bye
PD Collingwood to Gillespie, 1 run
Flintoff to Lee, no run
Flintoff to Gillespie, 1 run
Flintoff to Lee, 1 run
Flintoff to Gillespie, 1 run
Flintoff to Gillespie, FOUR runs
Flintoff to Gillespie, FOUR runs
Harmison to Lee, no run
Harmison to Lee, no run
Harmison to Gillespie, 1 run
Harmison to Gillespie, no run
Harmison to Gillespie, no run
Harmison to Gillespie, FOUR runs
Lewis to Gillespie, 3 runs
Lewis to Gillespie, no run
Lewis to Gillespie, FOUR runs
Lewis to Gillespie, no run
Lewis to Lee, 1 run
Lewis to Lee, 2 runs
Harmison to Gillespie, no run
Harmison to Lee, 1 run
Harmison to Lee, FOUR runs
Harmison to Gillespie, 1 run
Harmison to Gillespie, (no ball)
Harmison to Lee, 1 run
Harmison to Lee, no run
Lewis to Gillespie, no run
Lewis to Martyn, OUT
Lewis to Martyn, no run
Lewis to Lee, 3 runs
Lewis to Lee, no run
Lewis to Ponting, OUT
Gough to Martyn, FOUR runs
Gough to Martyn, no run
Gough to Hussey, OUT
Gough to Hussey, no run
Gough to Hussey, no run
Gough to Hussey, no run
Lewis to Ponting, no run
Lewis to Ponting, no run
Lewis to Symonds, OUT
Lewis to Hussey, 1 run
Lewis to Hussey, no run
Lewis to Clarke, OUT
Gough to Symonds, no run
Gough to Hayden, OUT
Gough to Gilchrist, OUT
Gough to Gilchrist, 2 runs
Gough to Gilchrist, (no ball)
Gough to Hayden, 1 run
Gough to Gilchrist, 1 leg bye
Lewis to Gilchrist, 1 run
Lewis to Gilchrist, FOUR runs
Lewis to Gilchrist, no run
Lewis to Gilchrist, no run
Lewis to Hayden, 1 run
Lewis to Hayden, FOUR runs
Gough to Gilchrist, no run
Gough to Gilchrist, FOUR runs
Gough to Gilchrist, no run
Gough to Gilchrist, no run
Gough to Gilchrist, FOUR runs
Gough to Gilchrist, no run
