McGrath to PD Collingwood, OUT
McGrath to PD Collingwood, FOUR runs
McGrath to Solanki, OUT
McGrath to Solanki, 2 runs
McGrath to Solanki, FOUR runs
McGrath to Solanki, 2 runs
Gillespie to PD Collingwood, FOUR runs
Gillespie to PD Collingwood, FOUR runs
Gillespie to PD Collingwood, no run
Gillespie to Solanki, 1 run
Gillespie to Strauss, OUT
Gillespie to PD Collingwood, 1 run
McGrath to PD Collingwood, 1 run
McGrath to Strauss, 1 run
McGrath to Strauss, 2 runs
McGrath to PD Collingwood, 1 run
McGrath to Strauss, 1 run
McGrath to Strauss, 2 runs
Gillespie to PD Collingwood, SIX runs
Gillespie to PD Collingwood, FOUR runs
Gillespie to Strauss, 1 run
Gillespie to Strauss, 1 wide
Gillespie to Strauss, FOUR runs
Gillespie to Strauss, no run
Gillespie to PD Collingwood, 1 run
Symonds to PD Collingwood, 1 run
Symonds to PD Collingwood, FOUR runs
Symonds to Strauss, 1 run
Symonds to Strauss, no run
Symonds to PD Collingwood, 1 run
Symonds to Strauss, 1 run
Clarke to PD Collingwood, SIX runs
Clarke to Strauss, 1 run
Clarke to Strauss, no run
Clarke to PD Collingwood, 1 run
Clarke to PD Collingwood, 2 runs
Clarke to Strauss, 3 runs
Symonds to PD Collingwood, no run
Symonds to Strauss, 1 run
Symonds to Strauss, no run
Symonds to PD Collingwood, 1 run
Symonds to PD Collingwood, no run
Symonds to ME Trescothick, OUT
Clarke to ME Trescothick, 1 run
Clarke to PD Collingwood, 1 run
Clarke to PD Collingwood, no run
Clarke to ME Trescothick, 1 run
Clarke to ME Trescothick, no run
Clarke to PD Collingwood, 1 run
Symonds to PD Collingwood, 1 run
Symonds to ME Trescothick, 1 run
Symonds to PD Collingwood, 1 run
Symonds to PD Collingwood, no run
Symonds to Vaughan, OUT
Symonds to ME Trescothick, 1 run
Clarke to ME Trescothick, 1 run
Clarke to Pietersen, OUT
Clarke to ME Trescothick, 1 run
Clarke to ME Trescothick, FOUR runs
Clarke to Pietersen, 1 run
Clarke to ME Trescothick, 1 run
Kasprowicz to Pietersen, 2 runs
Kasprowicz to ME Trescothick, 1 run
Kasprowicz to Pietersen, 1 run
Kasprowicz to Pietersen, FOUR runs
Kasprowicz to Pietersen, 2 runs
Kasprowicz to ME Trescothick, 1 run
Gillespie to Pietersen, SIX runs
Gillespie to ME Trescothick, 1 run
Gillespie to ME Trescothick, FOUR runs
Gillespie to Pietersen, 1 run
Gillespie to ME Trescothick, 1 run
Gillespie to Pietersen, 1 run
Kasprowicz to Pietersen, 1 run
Kasprowicz to ME Trescothick, 1 run
Kasprowicz to Pietersen, 1 run
Kasprowicz to Pietersen, 2 runs
Kasprowicz to Pietersen, FOUR runs
Kasprowicz to ME Trescothick, 1 run
Gillespie to Pietersen, 2 runs
Gillespie to Pietersen, FOUR runs
Gillespie to Pietersen, no run
Gillespie to ME Trescothick, 1 run
Gillespie to ME Trescothick, no run
Gillespie to Pietersen, 1 run
Kasprowicz to Pietersen, 1 run
Kasprowicz to Flintoff, OUT
Kasprowicz to ME Trescothick, 1 run
Kasprowicz to ME Trescothick, FOUR runs
Kasprowicz to ME Trescothick, no run
Kasprowicz to Flintoff, 1 run
Lee to Flintoff, 3 runs
Lee to ME Trescothick, 1 leg bye
Lee to Flintoff, 1 run
Lee to Flintoff, 1 wide
Lee to ME Trescothick, 1 run
Lee to ME Trescothick, FOUR runs
Lee to Flintoff, (no ball) 1 run
Lee to ME Trescothick, 1 run
McGrath to ME Trescothick, 1 run
McGrath to Jones, OUT
McGrath to Jones, no run
McGrath to Jones, FOUR runs
McGrath to Jones, FOUR runs
McGrath to Jones, no run
Lee to Jones, 1 run
Lee to Jones, FOUR runs
Lee to Jones, FOUR runs
Lee to Jones, no run
Lee to ME Trescothick, 1 run
Lee to ME Trescothick, FOUR runs
McGrath to ME Trescothick, 1 run
McGrath to ME Trescothick, no run
McGrath to ME Trescothick, no run
McGrath to ME Trescothick, no run
McGrath to ME Trescothick, 1 wide
McGrath to ME Trescothick, no run
McGrath to ME Trescothick, no run
Lee to Jones, 2 runs
Lee to Jones, (no ball)
Lee to Jones, no run
Lee to Jones, no run
Lee to Jones, no run
Lee to ME Trescothick, 1 run
Lee to ME Trescothick, no run
