Malinga to Mpofu, OUT
Malinga to Vitori, 7 runs
Malinga to Vitori, no run
Jeevan Mendis to Mpofu, no run
Jeevan Mendis to Cremer, OUT
Jeevan Mendis to Cremer, 2 runs
Jeevan Mendis to Cremer, no run
Jeevan Mendis to Cremer, no run
Jeevan Mendis to Cremer, FOUR runs
Mendis to Vitori, no run
Mendis to Vitori, no run
Mendis to Jarvis, OUT
Mendis to Jarvis, no run
Mendis to Jarvis, no run
Mendis to Utseya, OUT
Jeevan Mendis to Cremer, no run
Jeevan Mendis to Cremer, no run
Jeevan Mendis to Utseya, 2 wide
Jeevan Mendis to Cremer, 1 run
Jeevan Mendis to Cremer, 2 runs
Jeevan Mendis to Utseya, 1 run
Jeevan Mendis to Cremer, 1 run
Mendis to Chigumbura, OUT
Mendis to Chigumbura, FOUR runs
Mendis to Chigumbura, no run
Mendis to Chigumbura, no run
Mendis to Cremer, 1 run
Mendis to Cremer, no run
Jeevan Mendis to Cremer, 1 run
Jeevan Mendis to Cremer, no run
Jeevan Mendis to Cremer, no run
Jeevan Mendis to Chigumbura, 1 run
Jeevan Mendis to Chigumbura, 1 wide
Jeevan Mendis to Chigumbura, no run
Jeevan Mendis to Chigumbura, SIX runs
Perera to Chigumbura, 1 run
Perera to Cremer, 1 run
Perera to Cremer, no run
Perera to Cremer, FOUR runs
Perera to Cremer, no run
Perera to Chigumbura, 1 run
Jeevan Mendis to Cremer, no run
Jeevan Mendis to Cremer, 1 wide
Jeevan Mendis to Waller, OUT
Jeevan Mendis to Waller, no run
Jeevan Mendis to Ervine, OUT
Jeevan Mendis to Ervine, no run
Jeevan Mendis to Chigumbura, 1 run
Perera to Ervine, SIX runs
Perera to Chigumbura, 1 run
Perera to Ervine, 1 run
Perera to Ervine, no run
Perera to Chigumbura, 1 run
Perera to Chigumbura, no run
Angelo Mathews to Chigumbura, 1 leg bye
Angelo Mathews to Ervine, 1 run
Angelo Mathews to Ervine, no run
Angelo Mathews to Ervine, 2 runs
Angelo Mathews to Ervine, no run
Angelo Mathews to Chigumbura, 1 leg bye
Mendis to Ervine, no run
Mendis to Ervine, no run
Mendis to Ervine, no run
Mendis to Ervine, no run
Mendis to Masakadza, OUT
Mendis to Masakadza, no run
Angelo Mathews to Chigumbura, no run
Angelo Mathews to Masakadza, 1 run
Angelo Mathews to Masakadza, 1 wide
Angelo Mathews to Masakadza, no run
Angelo Mathews to Masakadza, no run
Angelo Mathews to Chigumbura, 1 run
Angelo Mathews to Masakadza, 1 run
Mendis to Chigumbura, 2 runs
Mendis to Chigumbura, no run
Mendis to Taylor, OUT
Mendis to Sibanda, OUT
Mendis to Masakadza, 1 run
Mendis to Masakadza, no run
Kulasekara to Sibanda, 2 runs
Kulasekara to Sibanda, no run
Kulasekara to Sibanda, FOUR runs
Kulasekara to Masakadza, 1 leg bye
Kulasekara to Sibanda, 1 run
Kulasekara to Sibanda, no run
Malinga to Masakadza, FOUR runs
Malinga to Masakadza, 2 runs
Malinga to Sibanda, 1 run
Malinga to Sibanda, no run
Malinga to Masakadza, 1 run
Malinga to Masakadza, FOUR runs
Kulasekara to Masakadza, 1 run
Kulasekara to Masakadza, FOUR runs
Kulasekara to Sibanda, 1 run
Kulasekara to Masakadza, 1 run
Kulasekara to Sibanda, 1 leg bye
Kulasekara to Sibanda, no run
Malinga to Masakadza, no run
Malinga to Masakadza, no run
Malinga to Masakadza, 4 leg byes
Malinga to Masakadza, no run
Malinga to Sibanda, 1 run
Malinga to Sibanda, no run
Kulasekara to Masakadza, no run
Kulasekara to Masakadza, no run
Kulasekara to Sibanda, 1 run
Kulasekara to Sibanda, 1 wide
Kulasekara to Sibanda, no run
Kulasekara to Sibanda, no run
Kulasekara to Masakadza, 1 leg bye
