Mpofu to Perera, no run
Mpofu to Perera, SIX runs
Mpofu to Sangakkara, 1 run, OUT
Mpofu to Sangakkara, SIX runs
Mpofu to Jeevan Mendis, 1 run
Mpofu to Sangakkara, 1 run
Jarvis to Sangakkara, 1 run
Jarvis to Jeevan Mendis, 1 run
Jarvis to Jeevan Mendis, 2 runs
Jarvis to Jeevan Mendis, 2 runs
Jarvis to Sangakkara, (no ball) 1 run
Jarvis to Sangakkara, FOUR runs
Jarvis to Jeevan Mendis, 5 leg byes
Vitori to Sangakkara, 2 runs
Vitori to Jeevan Mendis, 1 run
Vitori to Jeevan Mendis, (no ball)
Vitori to Sangakkara, 3 runs
Vitori to Sangakkara, 2 runs
Vitori to Jeevan Mendis, 1 run
Vitori to Sangakkara, 1 run
Jarvis to Sangakkara, 1 run
Jarvis to Jeevan Mendis, 1 run
Jarvis to Jeevan Mendis, 4 byes
Jarvis to Sangakkara, 1 run
Jarvis to Jeevan Mendis, 1 run
Jarvis to Jeevan Mendis, 2 runs
Mpofu to Sangakkara, FOUR runs
Mpofu to Jeevan Mendis, 1 run
Mpofu to Jeevan Mendis, no run
Mpofu to Sangakkara, 1 run
Mpofu to Jeevan Mendis, 1 run
Mpofu to Jeevan Mendis, 2 runs
Chigumbura to Jeevan Mendis, 1 run
Chigumbura to Jeevan Mendis, 1 wide
Chigumbura to Jeevan Mendis, FOUR runs
Chigumbura to Jeevan Mendis, no run
Chigumbura to Jeevan Mendis, no run
Chigumbura to Jeevan Mendis, SIX runs
Chigumbura to Sangakkara, 1 run
Cremer to Jeevan Mendis, FOUR runs
Cremer to Jeevan Mendis, FOUR runs
Cremer to Sangakkara, 1 run
Cremer to Jeevan Mendis, 1 run
Cremer to Jeevan Mendis, no run
Cremer to Sangakkara, 1 run
Mpofu to Jeevan Mendis, FOUR runs
Mpofu to Sangakkara, 3 runs
Mpofu to Jeevan Mendis, 1 run
Mpofu to Sangakkara, 1 run
Mpofu to Jeevan Mendis, 1 run
Mpofu to Jeevan Mendis, no run
Cremer to Jeevan Mendis, 1 run
Cremer to Sangakkara, 1 run
Cremer to Sangakkara, 2 runs
Cremer to Sangakkara, 1 run, OUT
Cremer to Sangakkara, no run
Cremer to Mahela Jayawardene, 1 run
Utseya to Mahela Jayawardene, 1 run
Utseya to Mahela Jayawardene, no run
Utseya to Mahela Jayawardene, no run
Utseya to Mahela Jayawardene, no run
Utseya to Sangakkara, 1 run
Utseya to Sangakkara, 2 runs
Cremer to Sangakkara, 1 run
Cremer to Dilshan, OUT
Cremer to Mahela Jayawardene, 1 run
Cremer to Mahela Jayawardene, no run
Cremer to Mahela Jayawardene, (no ball)
Cremer to Mahela Jayawardene, 2 runs
Cremer to Dilshan, 1 run
Utseya to Dilshan, 1 run
Utseya to Dilshan, 2 runs
Utseya to Dilshan, 2 runs
Utseya to Mahela Jayawardene, 1 run
Utseya to Mahela Jayawardene, FOUR runs
Utseya to Dilshan, 1 run
Cremer to Mahela Jayawardene, no run
Cremer to Mahela Jayawardene, no run
Cremer to Dilshan, 1 run
Cremer to Mahela Jayawardene, 1 run
Cremer to Dilshan, 1 run
Cremer to Mahela Jayawardene, 1 run
Utseya to Mahela Jayawardene, 1 run
Utseya to Mahela Jayawardene, no run
Utseya to Mahela Jayawardene, no run
Utseya to Munaweera, OUT
Utseya to Dilshan, 1 run
Utseya to Dilshan, no run
Mpofu to Munaweera, FOUR runs
Mpofu to Dilshan, 1 run
Mpofu to Dilshan, FOUR runs
Mpofu to Dilshan, FOUR runs
Mpofu to Munaweera, 1 run
Mpofu to Dilshan, 1 run
Utseya to Dilshan, 1 run
Utseya to Munaweera, 1 leg bye
Utseya to Munaweera, no run
Utseya to Munaweera, 1 wide
Utseya to Munaweera, 1 wide
Utseya to Dilshan, 1 run
Utseya to Dilshan, FOUR runs
Utseya to Dilshan, no run
Vitori to Dilshan, 1 run
Vitori to Dilshan, FOUR runs
Vitori to Dilshan, 1 wide
Vitori to Dilshan, no run
Vitori to Dilshan, 2 runs
Vitori to Dilshan, 1 wide
Vitori to Munaweera, 1 run
Vitori to Munaweera, no run
Jarvis to Munaweera, 1 run
Jarvis to Munaweera, 2 runs
Jarvis to Munaweera, no run
Jarvis to Munaweera, FOUR runs
Jarvis to Munaweera, 1 wide
Jarvis to Dilshan, 1 run
Jarvis to Dilshan, no run
Vitori to Munaweera, no run
Vitori to Munaweera, no run
Vitori to Dilshan, 1 run
Vitori to Dilshan, 1 wide
Vitori to Dilshan, FOUR runs
Vitori to Dilshan, no run
Vitori to Dilshan, no run
Jarvis to Munaweera, no run
Jarvis to Munaweera, no run
Jarvis to Munaweera, no run
Jarvis to Munaweera, no run
Jarvis to Munaweera, no run
Jarvis to Munaweera, FOUR runs
