Ajmal to Yuvraj, 1 run
Ajmal to Kohli, 1 run
Ajmal to Kohli, no run
Ajmal to Kohli, no run
Ajmal to Kohli, no run
Ajmal to Yuvraj, 1 run
Umar Gul to Kohli, FOUR runs
Umar Gul to Kohli, (no ball) 2 runs
Umar Gul to Kohli, 2 runs
Umar Gul to Kohli, FOUR runs
Umar Gul to Yuvraj, 1 run
Umar Gul to Kohli, 1 run
Umar Gul to Yuvraj, 1 run
Afridi to Yuvraj, 1 run
Afridi to Yuvraj, 2 runs
Afridi to Yuvraj, FOUR runs
Afridi to Kohli, 1 run
Afridi to Yuvraj, 1 run
Afridi to Kohli, 1 run
Ajmal to Kohli, 1 run
Ajmal to Kohli, no run
Ajmal to Yuvraj, 1 run
Ajmal to Yuvraj, no run
Ajmal to Kohli, 1 run
Ajmal to Kohli, SIX runs
Hafeez to Yuvraj, FOUR runs
Hafeez to Kohli, 1 run
Hafeez to Yuvraj, 1 run
Hafeez to Kohli, 1 run
Hafeez to Kohli, no run
Hafeez to Kohli, no run
Ajmal to Yuvraj, no run
Ajmal to Yuvraj, no run
Ajmal to Kohli, 1 run
Ajmal to Kohli, 2 runs
Ajmal to Kohli, FOUR runs
Ajmal to Kohli, no run
Afridi to Kohli, 1 run
Afridi to Yuvraj, 1 run
Afridi to Yuvraj, no run
Afridi to Sehwag, OUT
Afridi to Sehwag, FOUR runs
Afridi to Kohli, 1 run
Arafat to Kohli, 1 run
Arafat to Kohli, no run
Arafat to Sehwag, 1 run
Arafat to Kohli, 1 run
Arafat to Kohli, FOUR runs
Arafat to Kohli, FOUR runs
Afridi to Kohli, 1 run
Afridi to Sehwag, 1 run
Afridi to Kohli, 1 run
Afridi to Kohli, FOUR runs
Afridi to Kohli, no run
Afridi to Sehwag, 1 run
Raza Hasan to Sehwag, 1 run
Raza Hasan to Kohli, 1 run
Raza Hasan to Sehwag, 1 run
Raza Hasan to Kohli, 1 run
Raza Hasan to Sehwag, 1 run
Raza Hasan to Kohli, 1 run
Afridi to Kohli, 1 run
Afridi to Kohli, no run
Afridi to Kohli, SIX runs
Afridi to Sehwag, 1 run
Afridi to Kohli, 1 run
Afridi to Kohli, no run
Ajmal to Sehwag, no run
Ajmal to Kohli, 1 run
Ajmal to Kohli, FOUR runs
Ajmal to Kohli, no run
Ajmal to Sehwag, 1 run
Ajmal to Sehwag, no run
Raza Hasan to Sehwag, 1 run
Raza Hasan to Sehwag, FOUR runs
Raza Hasan to Kohli, 1 run
Raza Hasan to Kohli, no run
Raza Hasan to Sehwag, 1 run
Raza Hasan to Kohli, 1 run
Umar Gul to Sehwag, FOUR runs
Umar Gul to Sehwag, 1 wide
Umar Gul to Kohli, 1 run
Umar Gul to Sehwag, 1 run
Umar Gul to Sehwag, no run
Umar Gul to Sehwag, no run
Umar Gul to Sehwag, FOUR runs
Raza Hasan to Sehwag, 1 run
Raza Hasan to Kohli, 1 run
Raza Hasan to Kohli, no run
Raza Hasan to Kohli, no run
Raza Hasan to Kohli, no run
Raza Hasan to Kohli, no run
Umar Gul to Sehwag, no run
Umar Gul to Kohli, 1 run
Umar Gul to Sehwag, 1 run
Umar Gul to Sehwag, no run
Umar Gul to Kohli, 1 run
Umar Gul to Kohli, no run
Raza Hasan to Kohli, 1 run
Raza Hasan to Kohli, FOUR runs
Raza Hasan to Kohli, no run
Raza Hasan to Kohli, no run
Raza Hasan to Gambhir, OUT
Raza Hasan to Gambhir, no run
Raza Hasan to Gambhir, 1 wide
