Balaji to Ajmal, OUT
Balaji to Umar Gul, OUT
Balaji to Umar Gul, SIX runs
Balaji to Umar Gul, no run
Khan to Umar Gul, 1 run
Khan to Umar Gul, no run
Khan to Ajmal, 1 run
Khan to Umar Gul, 1 run
Khan to Umar Gul, FOUR runs
Khan to Arafat, OUT
Ashwin to Umar Gul, no run
Ashwin to Umar Gul, no run
Ashwin to Umar Gul, no run
Ashwin to Umar Akmal, OUT
Ashwin to Umar Akmal, no run
Ashwin to Arafat, 1 run
Balaji to Arafat, 1 run
Balaji to Arafat, FOUR runs
Balaji to Arafat, no run
Balaji to Arafat, no run
Balaji to Arafat, no run
Balaji to Arafat, no run
Ashwin to Arafat, 1 run
Ashwin to Arafat, no run
Ashwin to Umar Akmal, 1 run
Ashwin to Arafat, 1 run
Ashwin to Malik, OUT
Ashwin to Umar Akmal, 1 run
Balaji to Malik, no run
Balaji to Malik, FOUR runs
Balaji to Malik, no run
Balaji to Malik, 2 runs
Balaji to Umar Akmal, 1 run
Balaji to Malik, 1 run
Ashwin to Malik, 1 run
Ashwin to Malik, 2 runs
Ashwin to Malik, no run
Ashwin to Malik, no run
Ashwin to Umar Akmal, 1 run
Ashwin to Umar Akmal, no run
Ashwin to Umar Akmal, 1 wide
Pathan to Malik, no run
Pathan to Umar Akmal, 1 run
Pathan to Umar Akmal, SIX runs
Pathan to Umar Akmal, 2 runs
Pathan to Malik, 1 run
Pathan to Malik, 2 runs
Kohli to Umar Akmal, 2 runs
Kohli to Malik, 1 run
Kohli to Malik, FOUR runs
Kohli to Umar Akmal, 1 run
Kohli to Malik, 1 run
Kohli to Malik, FOUR runs
Kohli to Umar Akmal, (no ball) 1 run
Yuvraj to Umar Akmal, 1 run
Yuvraj to Umar Akmal, no run
Yuvraj to Malik, 1 run
Yuvraj to Umar Akmal, 1 run
Yuvraj to Malik, 1 run
Yuvraj to Umar Akmal, 1 run
Kohli to Umar Akmal, 1 run
Kohli to Hafeez, OUT
Kohli to Malik, 1 run
Kohli to Hafeez, 1 leg bye
Kohli to Hafeez, no run
Kohli to Malik, 1 run
Yuvraj to Hafeez, FOUR runs
Yuvraj to Hafeez, 2 runs
Yuvraj to Hafeez, no run
Yuvraj to Malik, 1 run
Yuvraj to Kamran, OUT
Yuvraj to Kamran, 2 runs
Kohli to Kamran, 1 run
Kohli to Kamran, no run
Kohli to Hafeez, 1 run
Kohli to Hafeez, no run
Kohli to Hafeez, no run
Kohli to Kamran, 1 run
Yuvraj to Hafeez, no run
Yuvraj to Kamran, 1 run
Yuvraj to Jamshed, OUT
Yuvraj to Hafeez, 1 run
Yuvraj to Hafeez, no run
Yuvraj to Hafeez, no run
Ashwin to Jamshed, 2 runs
Ashwin to Jamshed, no run
Ashwin to Hafeez, 1 run
Ashwin to Hafeez, 2 runs
Ashwin to Hafeez, no run
Ashwin to Jamshed, 1 run
Balaji to Hafeez, no run
Balaji to Jamshed, 1 run
Balaji to Afridi, OUT
Balaji to Hafeez, 1 run
Balaji to Hafeez, no run
Balaji to Afridi, 1 run
Pathan to Afridi, 1 run
Pathan to Afridi, 2 runs
Pathan to Hafeez, 1 run
Pathan to Afridi, 1 run
Pathan to Afridi, no run
Pathan to Afridi, no run
Khan to Afridi, 1 run
Khan to Hafeez, 1 run
Khan to Hafeez, no run
Khan to Hafeez, no run
Khan to Hafeez, no run
Khan to Hafeez, no run
Pathan to Afridi, FOUR runs
Pathan to Afridi, no run
Pathan to Afridi, 1 wide
Pathan to Afridi, no run
Pathan to Afridi, FOUR runs
Pathan to Imran Nazir, OUT
Pathan to Imran Nazir, FOUR runs
Khan to Hafeez, no run
Khan to Imran Nazir, 2 wide
Khan to Imran Nazir, no run
Khan to Imran Nazir, no run
Khan to Imran Nazir, 5 wide
Khan to Imran Nazir, FOUR runs
Khan to Hafeez, 1 run
Khan to Hafeez, no run
Khan to Hafeez, 1 wide
