Shafiul to Waller, SIX runs
Shafiul to Waller, no run
Shafiul to Waller, FOUR runs
Shafiul to Waller, no run
Shafiul to Mutombodzi, 1 run
Shafiul to Mutombodzi, no run
Razzak to Mutombodzi, 1 run
Razzak to Mutombodzi, 2 runs
Razzak to Mutombodzi, 2 runs
Razzak to Mutombodzi, 2 runs
Razzak to Mutombodzi, FOUR runs
Razzak to Mutombodzi, no run
Shakib to Mutombodzi, 1 leg bye
Shakib to Waller, 1 run
Shakib to Waller, 2 runs
Shakib to Masakadza, OUT
Shakib to Masakadza, no run
Shakib to Waller, 1 leg bye
Razzak to Masakadza, no run
Razzak to Waller, 1 run
Razzak to Waller, FOUR runs
Razzak to Waller, 2 runs
Razzak to Waller, no run
Razzak to Masakadza, 1 run
Mahmudullah to Masakadza, 1 run
Mahmudullah to Masakadza, 1 wide
Mahmudullah to Waller, 1 run
Mahmudullah to Waller, FOUR runs
Mahmudullah to Masakadza, 3 runs
Mahmudullah to Masakadza, 2 runs
Mahmudullah to Waller, 1 run
Shafiul to Raza, OUT
Shafiul to Raza, no run
Shafiul to Raza, no run
Shafiul to Masakadza, 1 run
Shafiul to Masakadza, 2 runs
Shafiul to Raza, 1 run
Mahmudullah to Raza, 1 run
Mahmudullah to Raza, 2 runs
Mahmudullah to Masakadza, 1 run
Mahmudullah to Masakadza, no run
Mahmudullah to Masakadza, 1 wide
Mahmudullah to Raza, 1 run
Mahmudullah to Raza, 2 runs
Sohag Gazi to Raza, 1 run
Sohag Gazi to Raza, no run
Sohag Gazi to Masakadza, 1 run
Sohag Gazi to Raza, 1 run
Sohag Gazi to Masakadza, 1 run
Sohag Gazi to Masakadza, SIX runs
Mahmudullah to Raza, no run
Mahmudullah to Masakadza, 1 run
Mahmudullah to Raza, 1 run
Mahmudullah to Raza, FOUR runs
Mahmudullah to Williams, OUT
Mahmudullah to Williams, no run
Shakib to Williams, 1 run
Shakib to Masakadza, 1 run
Shakib to Williams, 1 run
Shakib to Williams, 2 runs
Shakib to Masakadza, 1 run
Shakib to Masakadza, 2 runs
Mahmudullah to Williams, no run
Mahmudullah to Masakadza, 3 runs
Mahmudullah to Williams, 1 run
Mahmudullah to Masakadza, 1 run
Mahmudullah to Williams, 1 run
Mahmudullah to Masakadza, 1 run
Mahmudullah to Masakadza, 1 wide
Shakib to Masakadza, 1 run
Shakib to Masakadza, no run
Shakib to Masakadza, no run
Shakib to Taylor, OUT
Shakib to Masakadza, 1 run
Shakib to Taylor, 1 run
Sajedul to Taylor, 1 run
Sajedul to Taylor, 1 wide
Sajedul to Taylor, FOUR runs
Sajedul to Masakadza, 1 run
Sajedul to Taylor, 1 run
Sajedul to Taylor, SIX runs
Sajedul to Masakadza, 1 run
Shakib to Taylor, no run
Shakib to Taylor, 4 byes
Shakib to Masakadza, 1 run
Shakib to Masakadza, no run
Shakib to Taylor, 1 run
Shakib to Taylor, FOUR runs
Razzak to Taylor, 1 run
Razzak to Taylor, no run
Razzak to Taylor, FOUR runs
Razzak to Taylor, FOUR runs
Razzak to Taylor, no run
Razzak to Taylor, no run
Sohag Gazi to Masakadza, no run
Sohag Gazi to Masakadza, no run
Sohag Gazi to Masakadza, FOUR runs
Sohag Gazi to Taylor, 1 run
Sohag Gazi to Masakadza, 1 run
Sohag Gazi to Taylor, 1 run
Razzak to Masakadza, FOUR runs
Razzak to Masakadza, no run
Razzak to Taylor, 1 run
Razzak to Masakadza, 1 run
Razzak to Masakadza, no run
Razzak to Taylor, 1 run
Sohag Gazi to Masakadza, no run
Sohag Gazi to Masakadza, no run
Sohag Gazi to Masakadza, 2 runs
Sohag Gazi to Taylor, 1 run
Sohag Gazi to Masakadza, 1 run
Sohag Gazi to Masakadza, 2 runs
Shafiul to Taylor, FOUR runs
Shafiul to Masakadza, 1 run
Shafiul to Masakadza, no run
Shafiul to Masakadza, FOUR runs
Shafiul to Masakadza, FOUR runs
Shafiul to Masakadza, no run
Shafiul to Masakadza, 1 wide
Sohag Gazi to Taylor, no run
Sohag Gazi to Taylor, FOUR runs
Sohag Gazi to Taylor, no run
Sohag Gazi to Sibanda, OUT
Sohag Gazi to Sibanda, no run
Sohag Gazi to Masakadza, 1 run
