Panyangara to Razzak, OUT
Panyangara to Razzak, no run
Panyangara to Razzak, 2 runs
Panyangara to Razzak, no run
Panyangara to Sohag Gazi, 1 leg bye
Panyangara to Mushfiqur, OUT
Vitori to Mushfiqur, 1 run
Vitori to Sohag Gazi, 1 run
Vitori to Sohag Gazi, no run
Vitori to Mushfiqur, 1 run
Vitori to Mushfiqur, SIX runs
Vitori to Sohag Gazi, 1 run
Panyangara to Mushfiqur, FOUR runs
Panyangara to Mushfiqur, 2 runs
Panyangara to Ziaur, OUT
Panyangara to Mushfiqur, 1 run
Panyangara to Ziaur, 1 run
Panyangara to Ziaur, no run
Chatara to Mushfiqur, SIX runs
Chatara to Ziaur, 1 run
Chatara to Ziaur, no run
Chatara to Ziaur, no run
Chatara to Ziaur, no run
Chatara to Ziaur, 1 wide
Chatara to Mushfiqur, 3 runs
Mutombodzi to Mushfiqur, OUT
Mutombodzi to Mahmudullah, 1 run
Mutombodzi to Mushfiqur, 1 run
Mutombodzi to Mahmudullah, 1 run
Mutombodzi to Mushfiqur, 1 run
Mutombodzi to Mushfiqur, 1 run, OUT
Utseya to Mushfiqur, 1 run
Utseya to Rahman, OUT
Utseya to Rahman, FOUR runs
Utseya to Shakib, OUT
Utseya to Shakib, 2 runs
Utseya to Rahman, 1 run
Mutombodzi to Shakib, SIX runs
Mutombodzi to Rahman, 1 run
Mutombodzi to Shakib, 1 run
Mutombodzi to Shakib, SIX runs
Mutombodzi to Shakib, no run
Mutombodzi to Shakib, 2 runs
Vitori to Rahman, no run
Vitori to Rahman, no run
Vitori to Rahman, no run
Vitori to Rahman, no run
Vitori to Shakib, 1 run
Vitori to Rahman, 1 run
Panyangara to Shakib, no run
Panyangara to Shakib, FOUR runs
Panyangara to Rahman, 1 run
Panyangara to Rahman, FOUR runs
Panyangara to Shakib, 1 run
Panyangara to Shakib, no run
Masakadza to Rahman, no run
Masakadza to Rahman, FOUR runs
Masakadza to Rahman, no run
Masakadza to Shakib, 1 run
Masakadza to Rahman, 1 run
Masakadza to Shakib, 1 run
Mutombodzi to Rahman, no run
Mutombodzi to Shakib, 1 run
Mutombodzi to Rahman, 1 run
Mutombodzi to Rahman, FOUR runs
Mutombodzi to Rahman, no run
Mutombodzi to Rahman, no run
Utseya to Rahman, 1 run
Utseya to Rahman, FOUR runs
Utseya to Rahman, FOUR runs
Utseya to Rahman, 2 runs
Utseya to Rahman, SIX runs
Utseya to Shakib, 1 run
Mutombodzi to Shakib, 1 run
Mutombodzi to Rahman, 1 run
Mutombodzi to Shakib, 1 run
Mutombodzi to Rahman, 1 run
Mutombodzi to Shakib, 1 run
Mutombodzi to Rahman, 1 run
Utseya to Rahman, 1 run
Utseya to Rahman, no run
Utseya to Rahman, no run
Utseya to Shakib, 1 run
Utseya to Shakib, no run
Utseya to Rahman, 1 run
Panyangara to Shakib, 2 runs
Panyangara to Shakib, no run
Panyangara to Shakib, no run
Panyangara to Shakib, FOUR runs
Panyangara to Shakib, FOUR runs
Panyangara to Shakib, no run
Panyangara to Rahman, (no ball) 1 run
Utseya to Shakib, 2 runs
Utseya to Rahman, 1 run
Utseya to Shakib, 2 wide
Utseya to Rahman, 1 bye
Utseya to Rahman, no run
Utseya to Rahman, no run
Utseya to Rahman, no run
Chatara to Shakib, FOUR runs
Chatara to Shakib, FOUR runs
Chatara to Shakib, no run
Chatara to Shakib, no run
Chatara to Rahman, 1 run
Chatara to Rahman, no run
Vitori to Shakib, FOUR runs
Vitori to Rahman, 1 run
Vitori to Rahman, FOUR runs
Vitori to Rahman, no run
Vitori to Rahman, no run
Vitori to Rahman, no run
Chatara to Shakib, no run
Chatara to Shakib, no run
Chatara to Rahman, 1 run
Chatara to Shakib, 1 run
Chatara to Shakib, FOUR runs
Chatara to Shakib, FOUR runs
Vitori to Rahman, no run
Vitori to Rahman, no run
Vitori to Shakib, 1 run
Vitori to Shakib, no run
Vitori to Tamim, OUT
Vitori to Tamim, 2 runs
