Perera to Ajmal, OUT
Perera to Ajmal, no run
Perera to Ajmal, FOUR runs
Perera to Sami, 1 run
Malinga to Sami, 1 run
Malinga to Ajmal, 1 run
Malinga to Sami, 1 run
Malinga to Sami, no run
Malinga to Umar Gul, OUT
Malinga to Umar Gul, no run
Senanayake to Umar Gul, 1 run
Senanayake to Sami, 1 run
Senanayake to Sami, no run
Senanayake to Sami, no run
Senanayake to Shehzad, OUT
Senanayake to Shehzad, SIX runs
Perera to Umar Gul, 2 runs
Perera to Umar Gul, no run
Perera to Umar Gul, 2 runs
Perera to Umar Gul, no run
Perera to Umar Gul, no run
Perera to Shehzad, 1 run
Senanayake to Umar Gul, no run
Senanayake to Shehzad, 1 run
Senanayake to Umar Gul, 2 wide
Senanayake to Umar Gul, no run
Senanayake to Shehzad, OUT
Senanayake to Tanvir, 1 run
Senanayake to Afridi, OUT
Malinga to Afridi, 1 run
Malinga to Shehzad, 1 run
Malinga to Shehzad, no run
Malinga to Shehzad, no run
Malinga to Umar Akmal, OUT
Malinga to Shehzad, 1 run
Senanayake to Shehzad, 1 run
Senanayake to Umar Akmal, 1 run
Senanayake to Shehzad, 1 run
Senanayake to Shehzad, no run
Senanayake to Umar Akmal, 1 run
Senanayake to Umar Akmal, FOUR runs
Lokuar. to Shehzad, no run
Lokuar. to Umar Akmal, 1 run
Lokuar. to Umar Akmal, no run
Lokuar. to Shehzad, 1 run
Lokuar. to Umar Akmal, 1 run
Lokuar. to Shehzad, 4 wide
Lokuar. to Shehzad, 1 wide
Lokuar. to Shehzad, no run
Angelo Mathews to Umar Akmal, no run
Angelo Mathews to Umar Akmal, FOUR runs
Angelo Mathews to Umar Akmal, no run
Angelo Mathews to Shehzad, 1 run
Angelo Mathews to Malik, OUT
Angelo Mathews to Malik, no run
Lokuar. to Shehzad, FOUR runs
Lokuar. to Malik, 3 runs
Lokuar. to Shehzad, 1 run
Lokuar. to Shehzad, no run
Lokuar. to Malik, 1 run
Lokuar. to Malik, no run
Angelo Mathews to Shehzad, no run
Angelo Mathews to Shehzad, no run
Angelo Mathews to Shehzad, no run
Angelo Mathews to Malik, 1 run
Angelo Mathews to Malik, no run
Angelo Mathews to Malik, no run
Perera to Malik, 1 run
Perera to Shehzad, 1 run
Perera to Shehzad, 2 runs
Perera to Shehzad, 2 runs
Perera to Malik, 1 run
Perera to Malik, 5 wide
Perera to Shehzad, 1 run
Angelo Mathews to Malik, 2 runs
Angelo Mathews to Malik, no run
Angelo Mathews to Malik, no run
Angelo Mathews to Malik, no run
Angelo Mathews to Malik, no run
Angelo Mathews to Malik, no run
Kulasekara to Shehzad, FOUR runs
Kulasekara to Shehzad, no run
Kulasekara to Shehzad, no run
Kulasekara to Shehzad, no run
Kulasekara to Shehzad, no run
Kulasekara to Shehzad, 5 wide
Kulasekara to Shehzad, no run
Angelo Mathews to Khalid Latif, OUT
Angelo Mathews to Khalid Latif, 2 leg byes
Angelo Mathews to Khalid Latif, no run
Angelo Mathews to Khalid Latif, no run
Angelo Mathews to Khalid Latif, no run
Angelo Mathews to Khalid Latif, no run
Kulasekara to Shehzad, no run
Kulasekara to Shehzad, no run
Kulasekara to Shehzad, 1 run
Kulasekara to Shehzad, no run
Kulasekara to Khalid Latif, 1 run
Kulasekara to Khalid Latif, no run
Malinga to Shehzad, no run
Malinga to Shehzad, 2 runs
Malinga to Shehzad, no run
Malinga to Shehzad, no run
Malinga to Shehzad, no run
Malinga to Shehzad, FOUR runs
Kulasekara to Khalid Latif, 2 runs
Kulasekara to Khalid Latif, no run
Kulasekara to Khalid Latif, no run
Kulasekara to Khalid Latif, no run
Kulasekara to Ansar, OUT
Kulasekara to Hafeez, OUT
