Umar Gul to Perera, 2 runs
Umar Gul to Perera, SIX runs
Umar Gul to Kulasekara, 2 wide
Umar Gul to Perera, 1 bye
Umar Gul to Kulasekara, 1 run
Umar Gul to Kulasekara, FOUR runs
Umar Gul to Kulasekara, no run
Ajmal to Perera, FOUR runs
Ajmal to Kulasekara, 1 leg bye
Ajmal to Perera, 1 run
Ajmal to Kulasekara, 1 leg bye
Ajmal to Perera, 1 run
Ajmal to Perera, 2 runs
Umar Gul to Perera, 1 run
Umar Gul to Perera, SIX runs
Umar Gul to Perera, FOUR runs
Umar Gul to Perera, no run
Umar Gul to Perera, 2 runs
Umar Gul to Perera, 2 runs
Ajmal to Perera, 1 run
Ajmal to Perera, no run
Ajmal to Perera, no run
Ajmal to Kulasekara, 1 run
Ajmal to Thirimanne, OUT
Ajmal to Lokuar., OUT
Hafeez to Lokuar., 1 run
Hafeez to Thirimanne, 1 run
Hafeez to Thirimanne, FOUR runs
Hafeez to Lokuar., 1 run
Hafeez to Lokuar., FOUR runs
Hafeez to Thirimanne, 1 run
Ajmal to Thirimanne, 1 run
Ajmal to Lokuar., 1 run
Ajmal to Thirimanne, 1 run
Ajmal to Thirimanne, FOUR runs
Ajmal to Thirimanne, no run
Ajmal to Lokuar., 1 run
Hafeez to Lokuar., 1 run
Hafeez to Thirimanne, 1 run
Hafeez to Thirimanne, no run
Hafeez to Thirimanne, no run
Hafeez to Lokuar., 1 run
Hafeez to Lokuar., no run
Ajmal to Lokuar., 1 run
Ajmal to Angelo Mathews, OUT
Ajmal to Angelo Mathews, no run
Ajmal to Angelo Mathews, no run
Ajmal to Angelo Mathews, no run
Ajmal to Thirimanne, 1 run
Hafeez to Angelo Mathews, no run
Hafeez to Thirimanne, 1 run
Hafeez to Angelo Mathews, 1 run
Hafeez to Thirimanne, 1 run
Hafeez to Thirimanne, no run
Hafeez to Angelo Mathews, 1 run
Afridi to Angelo Mathews, 1 run
Afridi to Thirimanne, 1 run
Afridi to Thirimanne, FOUR runs
Afridi to Angelo Mathews, 1 run
Afridi to Angelo Mathews, no run
Afridi to Angelo Mathews, no run
Hafeez to Angelo Mathews, 1 run
Hafeez to Angelo Mathews, no run
Hafeez to Angelo Mathews, no run
Hafeez to Thirimanne, 1 run
Hafeez to Angelo Mathews, 1 run
Hafeez to Angelo Mathews, no run
Afridi to Thirimanne, no run
Afridi to Thirimanne, no run
Afridi to Thirimanne, no run
Afridi to Angelo Mathews, 1 leg bye
Afridi to Angelo Mathews, 2 runs
Afridi to Angelo Mathews, no run
Sami to Thirimanne, no run
Sami to Thirimanne, FOUR runs
Sami to Thirimanne, no run
Sami to Thirimanne, FOUR runs
Sami to Chandimal, OUT
Sami to Chandimal, no run
Tanvir to Angelo Mathews, no run
Tanvir to Chandimal, 1 run
Tanvir to Chandimal, no run
Tanvir to Chandimal, no run
Tanvir to Chandimal, no run
Tanvir to Chandimal, 2 runs
Umar Gul to Angelo Mathews, no run
Umar Gul to Angelo Mathews, no run
Umar Gul to Chandimal, 3 runs
Umar Gul to Angelo Mathews, 1 run
Umar Gul to Chandimal, 1 run
Umar Gul to Chandimal, no run
Tanvir to Angelo Mathews, no run
Tanvir to Angelo Mathews, no run
Tanvir to Sangakkara, OUT
Tanvir to Sangakkara, 1 wide
Tanvir to Sangakkara, no run
Tanvir to Chandimal, 1 run
Tanvir to Sangakkara, 3 runs
Sami to Sangakkara, 1 run
Sami to Sangakkara, no run
Sami to Sangakkara, FOUR runs
Sami to Sangakkara, FOUR runs
Sami to Sangakkara, FOUR runs
Sami to Chandimal, 1 run
Tanvir to Chandimal, 1 run
Tanvir to Chandimal, no run
Tanvir to Chandimal, no run
Tanvir to Dilshan, OUT
Tanvir to Dilshan, no run
Tanvir to Dilshan, no run
Umar Gul to Sangakkara, 2 runs
Umar Gul to Sangakkara, no run
Umar Gul to Dilshan, 1 run
Umar Gul to Dilshan, 1 wide
Umar Gul to Sangakkara, 1 run
Umar Gul to Sangakkara, no run
Umar Gul to Dilshan, 3 runs
Tanvir to Dilshan, 1 run
Tanvir to Dilshan, no run
Tanvir to Dilshan, no run
Tanvir to Mahela Jayawardene, OUT
Tanvir to Mahela Jayawardene, no run
Tanvir to Mahela Jayawardene, 2 runs
