Kulasekara to Warner, 1 run
Kulasekara to Warner, 2 runs
Kulasekara to Voges, 1 run
Kulasekara to Voges, 2 runs
Kulasekara to Warner, 1 run
Kulasekara to Voges, 1 run
Malinga to Voges, 1 run
Malinga to Warner, 1 run
Malinga to Voges, 1 run
Malinga to Warner, 1 run
Malinga to Voges, 1 run
Malinga to Warner, 1 run
Perera to Warner, 1 run
Perera to Voges, 1 run
Perera to Voges, no run
Perera to Warner, 1 run
Perera to Warner, 2 runs
Perera to Warner, SIX runs
Malinga to Voges, no run
Malinga to Warner, 1 run
Malinga to Voges, 1 run
Malinga to Warner, 1 run
Malinga to Voges, 1 run
Malinga to Voges, 2 runs
Mendis to Voges, 1 run
Mendis to Warner, 1 run
Mendis to Voges, 1 run
Mendis to Warner, 1 run
Mendis to Warner, no run
Mendis to Voges, 1 run
Angelo Mathews to Warner, no run
Angelo Mathews to Voges, 1 run
Angelo Mathews to Warner, 1 run
Angelo Mathews to Warner, 2 runs
Angelo Mathews to Warner, 1 wide
Angelo Mathews to Warner, SIX runs
Angelo Mathews to Warner, FOUR runs
Mendis to Voges, 2 runs
Mendis to Warner, 1 run
Mendis to Voges, 1 bye
Mendis to Warner, 1 run
Mendis to Voges, 1 run
Mendis to Warner, 1 run
Kulasekara to Warner, 1 run
Kulasekara to Voges, 1 run
Kulasekara to Warner, 1 run
Kulasekara to Warner, FOUR runs
Kulasekara to Voges, 1 run
Kulasekara to Warner, 1 run
Perera to Warner, 1 run
Perera to Warner, 2 runs
Perera to Voges, 1 run
Perera to Warner, 1 run
Perera to Voges, 1 run
Perera to Voges, no run
Angelo Mathews to Warner, FOUR runs
Angelo Mathews to Warner, no run
Angelo Mathews to Warner, no run
Angelo Mathews to Voges, 1 run
Angelo Mathews to Voges, no run
Angelo Mathews to Warner, 1 run
Mendis to Voges, no run
Mendis to Voges, no run
Mendis to Warner, 1 run
Mendis to Warner, 2 runs
Mendis to Voges, 1 run
Mendis to Warner, 1 run
Perera to Bailey, OUT
Perera to Bailey, no run
Perera to Bailey, SIX runs
Perera to Bailey, no run
Perera to Bailey, no run
Perera to Bailey, 2 runs
Mendis to Bailey, 1 run
Mendis to Warner, 1 run
Mendis to Bailey, 1 run
Mendis to Warner, 1 run
Mendis to Warner, SIX runs
Mendis to Warner, no run
Perera to Warner, 1 run
Perera to Warner, 2 runs
Perera to Bailey, 1 run
Perera to Marsh, OUT
Perera to Marsh, no run
Perera to Marsh, no run
Malinga to Warner, no run
Malinga to Marsh, 1 run
Malinga to Marsh, no run
Malinga to Marsh, no run
Malinga to Warner, 1 run
Malinga to Marsh, 1 run
Kulasekara to Marsh, 1 run
Kulasekara to Marsh, no run
Kulasekara to Marsh, no run
Kulasekara to Marsh, no run
Kulasekara to Warner, 1 run
Kulasekara to Marsh, 1 run
Malinga to Warner, no run
Malinga to Marsh, 1 run
Malinga to Marsh, no run
Malinga to Warner, 1 run
Malinga to Warner, 2 runs
Malinga to Marsh, 1 leg bye
Angelo Mathews to Warner, no run
Angelo Mathews to Warner, FOUR runs
Angelo Mathews to Warner, no run
Angelo Mathews to Warner, FOUR runs
Angelo Mathews to Marsh, 1 run
Angelo Mathews to Warner, 3 runs
Kulasekara to Marsh, no run
Kulasekara to Finch, OUT
Kulasekara to Warner, 1 run
Kulasekara to Warner, no run
Kulasekara to Warner, no run
Kulasekara to Warner, no run
Angelo Mathews to Finch, no run
Angelo Mathews to Warner, 3 runs
Angelo Mathews to Finch, 1 run
Angelo Mathews to Warner, 1 leg bye
Angelo Mathews to Warner, 2 runs
Angelo Mathews to Warner, no run
