Laughlin to Perera, SIX runs
Laughlin to Perera, SIX runs
Laughlin to Angelo Mathews, 1 run
Laughlin to Angelo Mathews, FOUR runs
Laughlin to Angelo Mathews, 2 runs
Starc to Perera, no run
Starc to Perera, 2 runs
Starc to Perera, no run
Starc to Perera, no run
Starc to Angelo Mathews, 1 run
Starc to Perera, 1 run
Laughlin to Perera, 1 run
Laughlin to Perera, 2 runs
Laughlin to Angelo Mathews, 1 run
Laughlin to Angelo Mathews, no run
Laughlin to Angelo Mathews, SIX runs
Laughlin to Angelo Mathews, no run
Starc to Perera, no run
Starc to Perera, no run
Starc to Angelo Mathews, 1 run
Starc to Perera, 1 run
Starc to Thirimanne, OUT
Starc to Thirimanne, no run
Finch to Angelo Mathews, no run
Finch to Angelo Mathews, no run
Finch to Angelo Mathews, FOUR runs
Finch to Angelo Mathews, FOUR runs
Finch to Angelo Mathews, no run
Finch to Thirimanne, 1 run
Cutting to Angelo Mathews, no run
Cutting to Thirimanne, 1 run
Cutting to Angelo Mathews, 1 run
Cutting to Angelo Mathews, 2 runs
Cutting to Thirimanne, 1 run
Cutting to Thirimanne, 2 runs
Laughlin to Thirimanne, 1 run
Laughlin to Angelo Mathews, 1 run
Laughlin to Thirimanne, 1 run
Laughlin to Thirimanne, FOUR runs
Laughlin to Thirimanne, FOUR runs
Laughlin to Angelo Mathews, 1 run
Maxwell to Angelo Mathews, 1 run
Maxwell to Thirimanne, 1 run
Maxwell to Angelo Mathews, 1 run
Maxwell to Thirimanne, 1 run
Maxwell to Thirimanne, no run
Maxwell to Thirimanne, 2 runs
Doherty to Thirimanne, 1 run
Doherty to Mahela Jayawardene, OUT
Doherty to Angelo Mathews, 1 run
Doherty to Angelo Mathews, 2 runs
Doherty to Angelo Mathews, no run
Doherty to Angelo Mathews, no run
Maxwell to Mahela Jayawardene, no run
Maxwell to Mahela Jayawardene, FOUR runs
Maxwell to Mahela Jayawardene, no run
Maxwell to Angelo Mathews, 1 run
Maxwell to Angelo Mathews, no run
Maxwell to Chandimal, OUT
Doherty to Chandimal, 1 run
Doherty to Mahela Jayawardene, 1 run
Doherty to Chandimal, 1 run
Doherty to Mahela Jayawardene, 1 run
Doherty to Mahela Jayawardene, no run
Doherty to Chandimal, 1 run
Maxwell to Chandimal, 1 run
Maxwell to Mahela Jayawardene, 1 run
Maxwell to Chandimal, 1 run
Maxwell to Perera, OUT
Maxwell to Mahela Jayawardene, 1 run
Maxwell to Mahela Jayawardene, no run
Doherty to Perera, 2 runs
Doherty to Perera, 2 runs
Doherty to Perera, 2 runs
Doherty to Perera, no run
Doherty to Dilshan, OUT
Doherty to Perera, 1 leg bye
Cutting to Dilshan, no run
Cutting to Perera, 3 runs
Cutting to Dilshan, 1 run
Cutting to Perera, 1 run
Cutting to Perera, FOUR runs
Cutting to Perera, no run
Starc to Perera, 1 leg bye
Starc to Dilshan, 1 run
Starc to Dilshan, no run
Starc to Dilshan, 1 wide
Starc to Dilshan, no run
Starc to Dilshan, no run
Starc to Perera, 1 run
Laughlin to Dilshan, no run
Laughlin to Dilshan, no run
Laughlin to Dilshan, no run
Laughlin to Perera, 1 run
Laughlin to Perera, no run
Laughlin to Perera, FOUR runs
Cutting to Perera, 1 run
Cutting to Perera, no run
Cutting to Perera, 2 runs
Cutting to Perera, SIX runs
Cutting to Dilshan, 1 run
Cutting to Perera, 1 run
Starc to Dilshan, no run
Starc to Dilshan, SIX runs
Starc to Dilshan, no run
Starc to Dilshan, 2 runs
Starc to Dilshan, no run
Starc to Dilshan, 2 runs
Doherty to Perera, 2 runs
Doherty to Dilshan, 1 run
Doherty to Dilshan, 2 runs
Doherty to Dilshan, no run
Doherty to Dilshan, no run
Doherty to Perera, 1 run
