Lee to Dhoni, SIX runs
Hilfenhaus to Dhoni, 1 run
Hilfenhaus to Yuvraj, 1 leg bye
Hilfenhaus to Yuvraj, no run
Hilfenhaus to Yuvraj, no run
Hilfenhaus to Dhoni, 1 run
Hilfenhaus to Yuvraj, 1 leg bye
Clark to Yuvraj, 1 run
Clark to Yuvraj, no run
Clark to Yuvraj, SIX runs
Clark to Yuvraj, SIX runs
Clark to Dhoni, 1 run
Clark to Dhoni, no run
Hilfenhaus to Yuvraj, no run
Hilfenhaus to Yuvraj, no run
Hilfenhaus to Gambhir, OUT
Hilfenhaus to Gambhir, no run
Hilfenhaus to Yuvraj, 1 run
Hilfenhaus to Yuvraj, no run
Clark to Gambhir, no run
Clark to Yuvraj, 1 run
Clark to Gambhir, 1 run
Clark to Gambhir, 1 wide
Clark to Gambhir, no run
Clark to Yuvraj, 1 run
Clark to Yuvraj, 4 leg byes
Bracken to Yuvraj, 1 run
Bracken to Gambhir, 5 runs
Bracken to Gambhir, no run
Bracken to Gambhir, no run
Bracken to Gambhir, 1 wide
Bracken to Gambhir, FOUR runs
Bracken to Gambhir, no run
Clarke to Yuvraj, no run
Clarke to Gambhir, 1 run
Clarke to Gambhir, 2 runs
Clarke to Yuvraj, 1 run
Clarke to Yuvraj, SIX runs
Clarke to Gambhir, 1 run
Clarke to Gambhir, 1 wide
Symonds to Gambhir, 1 run
Symonds to Yuvraj, 1 run
Symonds to Yuvraj, no run
Symonds to Gambhir, 1 run
Symonds to Yuvraj, 1 run
Symonds to Yuvraj, FOUR runs
Clarke to Gambhir, no run
Clarke to Yuvraj, 1 run
Clarke to Yuvraj, no run
Clarke to Uthappa, OUT
Clarke to Uthappa, no run
Clarke to Gambhir, 1 run
Symonds to Uthappa, FOUR runs
Symonds to Gambhir, 1 run
Symonds to Uthappa, 1 run
Symonds to Uthappa, FOUR runs
Symonds to Gambhir, 1 run
Symonds to Uthappa, 1 run
Clark to Uthappa, 1 run
Clark to Gambhir, 1 run
Clark to Gambhir, 5 wide
Clark to Gambhir, no run
Clark to Gambhir, no run
Clark to Uthappa, 1 run
Clark to Gambhir, 1 run
Symonds to Gambhir, 1 run
Symonds to Uthappa, 1 run
Symonds to Uthappa, no run
Symonds to Gambhir, 1 run
Symonds to Gambhir, 2 runs
Symonds to Uthappa, 1 run
Clark to Gambhir, no run
Clark to Gambhir, no run
Clark to Gambhir, no run
Clark to Gambhir, FOUR runs
Clark to Uthappa, 1 run
Clark to Gambhir, 1 run
Hilfenhaus to Gambhir, 1 run
Hilfenhaus to Gambhir, SIX runs
Hilfenhaus to Uthappa, (no ball) 1 run
Hilfenhaus to Uthappa, FOUR runs
Hilfenhaus to Gambhir, 1 run
Hilfenhaus to Gambhir, FOUR runs
Hilfenhaus to Gambhir, no run
Lee to Gambhir, 1 run
Lee to Uthappa, 1 run
Lee to Uthappa, no run
Lee to Uthappa, FOUR runs
Lee to Uthappa, (no ball) FOUR runs
Lee to Gambhir, 5 runs
Lee to Gambhir, FOUR runs
Hilfenhaus to Uthappa, no run
Hilfenhaus to Uthappa, no run
Hilfenhaus to Gambhir, 1 leg bye
Hilfenhaus to Uthappa, 1 run
Hilfenhaus to Uthappa, FOUR runs
Hilfenhaus to Uthappa, no run
Hilfenhaus to Gambhir, (no ball) 1 run
Lee to Uthappa, no run
Lee to Gambhir, 1 run
Lee to Uthappa, 1 run
Lee to Uthappa, no run
Lee to Sehwag, OUT
Lee to Sehwag, FOUR runs
Bracken to Gambhir, no run
Bracken to Gambhir, FOUR runs
Bracken to Gambhir, no run
Bracken to Gambhir, no run
Bracken to Gambhir, 4 leg byes
Bracken to Gambhir, FOUR runs
Lee to Gambhir, 1 leg bye
Lee to Sehwag, 1 run
Lee to Sehwag, no run
Lee to Gambhir, 1 run
Lee to Gambhir, no run
Lee to Gambhir, 1 wide
Lee to Gambhir, no run
