Singh to Clarke, 1 run
Singh to Haddin, 1 run
Singh to Haddin, 2 runs
Singh to Haddin, 2 runs
Singh to Haddin, 1 wide
Singh to Haddin, no run
Singh to Clarke, 1 run
Pathan to Ponting, OUT
Pathan to Ponting, 2 runs
Pathan to Clarke, 1 run
Pathan to Ponting, 1 run
Pathan to Clarke, 1 run
Pathan to Clarke, FOUR runs
Sreesanth to Ponting, FOUR runs
Sreesanth to Ponting, 5 wide
Sreesanth to Clarke, 3 runs
Sreesanth to Ponting, 1 run
Sreesanth to Ponting, FOUR runs
Sreesanth to Clarke, 1 run
Sreesanth to Clarke, FOUR runs
Harbhajan to Clarke, 1 run
Harbhajan to Clarke, 2 runs
Harbhajan to Clarke, 2 runs
Harbhajan to Ponting, 1 run
Harbhajan to Clarke, 1 run
Harbhajan to Clarke, no run
Kartik to Ponting, no run
Kartik to Ponting, no run
Kartik to Ponting, no run
Kartik to Clarke, 1 run
Kartik to Clarke, 2 runs
Kartik to Ponting, 1 run
Pathan to Hodge, OUT
Pathan to Ponting, 1 run
Pathan to Ponting, no run
Pathan to Hodge, 1 run
Pathan to Hodge, no run
Pathan to Ponting, 1 run
Harbhajan to Hodge, no run
Harbhajan to Hodge, no run
Harbhajan to Ponting, 1 run
Harbhajan to Hodge, 1 run
Harbhajan to Ponting, 1 run
Harbhajan to Ponting, OUT
Sreesanth to Ponting, 1 run
Sreesanth to Ponting, FOUR runs
Sreesanth to Ponting, FOUR runs
Sreesanth to Ponting, FOUR runs
Sreesanth to Symonds, 1 run
Sreesanth to Symonds, no run
Kartik to Ponting, no run
Kartik to Symonds, 1 run
Kartik to Symonds, 2 runs
Kartik to Symonds, FOUR runs
Kartik to Ponting, 1 leg bye
Kartik to Symonds, 1 leg bye
Pathan to Symonds, 1 run
Pathan to Ponting, 1 run
Pathan to Symonds, 1 run
Pathan to Ponting, 1 run
Pathan to Symonds, 1 run
Pathan to Ponting, 1 run
Kartik to Symonds, 2 runs
Kartik to Symonds, 2 runs
Kartik to Symonds, no run
Kartik to Ponting, 1 run
Kartik to Symonds, 1 run
Kartik to Ponting, 1 run
Harbhajan to Ponting, 1 run
Harbhajan to Symonds, 1 run
Harbhajan to Ponting, 1 run
Harbhajan to Symonds, 1 run
Harbhajan to Symonds, no run
Harbhajan to Ponting, 1 run
Kartik to Ponting, 1 run
Kartik to Ponting, FOUR runs
Kartik to Symonds, 1 run
Kartik to Ponting, 1 run
Kartik to Symonds, 1 run
Kartik to Ponting, 1 run
Harbhajan to Hayden, OUT
Harbhajan to Hayden, no run
Harbhajan to Ponting, 1 run
Harbhajan to Ponting, no run
Harbhajan to Hayden, 1 run
Harbhajan to Hayden, no run
Pathan to Ponting, FOUR runs
Pathan to Ponting, no run
Pathan to Ponting, FOUR runs
Pathan to Ponting, no run
Pathan to Ponting, FOUR runs
Pathan to Ponting, FOUR runs
Singh to Hayden, no run
Singh to Hayden, SIX runs
Singh to Hayden, no run
Singh to Ponting, 1 run
Singh to Ponting, no run
Singh to Ponting, no run
Sreesanth to Hayden, no run
Sreesanth to Hayden, SIX runs
Sreesanth to Hayden, no run
Sreesanth to Hayden, no run
Sreesanth to Hayden, FOUR runs
Sreesanth to Hayden, no run
Singh to Ponting, FOUR runs
Singh to Ponting, FOUR runs
Singh to Ponting, no run
Singh to Ponting, no run
Singh to Ponting, no run
Singh to Ponting, FOUR runs
Sreesanth to Hayden, no run
Sreesanth to Hayden, no run
Sreesanth to Hayden, 1 wide
Sreesanth to Hayden, no run
Sreesanth to Hayden, no run
Sreesanth to Hayden, no run
Sreesanth to Hayden, no run
Singh to Ponting, no run
Singh to Gilchrist, OUT
Singh to Gilchrist, FOUR runs
Singh to Gilchrist, FOUR runs
Singh to Gilchrist, FOUR runs
Singh to Gilchrist, no run
