Watson to Miller, 1 run
Watson to Sammy, 1 run
Watson to Miller, 1 run
Watson to Sammy, 1 run
Watson to Sammy, no run
Watson to Miller, 1 run
Tait to Miller, 1 run
Tait to Miller, 2 runs
Tait to Miller, FOUR runs
Tait to Miller, no run
Tait to Sammy, 1 run
Tait to Sammy, 1 wide
Tait to Miller, 1 run
Nannes to Morton, OUT
Nannes to Ramdin, OUT
Nannes to Morton, 1 run
Nannes to Ramdin, 1 run
Nannes to Ramdin, FOUR runs
Nannes to Morton, 1 run
Watson to Morton, 1 run
Watson to Ramdin, 1 run
Watson to Ramdin, FOUR runs
Watson to Morton, 1 run
Watson to Ramdin, 1 run
Watson to Morton, 1 run
Johnson to Morton, 1 run
Johnson to Morton, FOUR runs
Johnson to Morton, no run
Johnson to Ramdin, 1 run
Johnson to Ramdin, FOUR runs
Johnson to Morton, 1 run
Clarke to Morton, 1 run
Clarke to Morton, no run
Clarke to Ramdin, 1 run
Clarke to Ramdin, FOUR runs
Clarke to Ramdin, FOUR runs
Clarke to Morton, 3 runs
Tait to Ramdin, no run
Tait to Morton, 1 run
Tait to Ramdin, 1 run
Tait to Ramdin, FOUR runs
Tait to Ramdin, no run
Tait to Ramdin, no run
Smith to Ramdin, 1 run
Smith to Morton, 1 run
Smith to Morton, FOUR runs
Smith to Ramdin, 1 run
Smith to Ramdin, 2 runs
Smith to Morton, 1 run
Clarke to Morton, 1 leg bye
Clarke to Ramdin, 1 run
Clarke to Ramdin, no run
Clarke to Morton, 1 run
Clarke to Ramdin, 3 runs
Clarke to Morton, 1 run
Smith to Ramdin, FOUR runs
Smith to Morton, 1 run
Smith to Morton, 2 runs
Smith to Morton, no run
Smith to Morton, no run
Smith to Ramdin, 1 run
Johnson to Ramdin, 1 run
Johnson to Ramdin, no run
Johnson to Morton, 1 run
Johnson to Smith, OUT
Johnson to Morton, 1 run
Johnson to Smith, 1 run
Smith to Smith, 1 run
Smith to Morton, 1 run
Smith to Smith, 1 run
Smith to Smith, no run
Smith to Morton, 1 run
Smith to Smith, 1 run
Johnson to Morton, no run
Johnson to Morton, no run
Johnson to Morton, no run
Johnson to Hinds, OUT
Johnson to Hinds, no run
Johnson to Hinds, 2 runs
Hussey to Hinds, 1 run
Hussey to Morton, 1 run
Hussey to Morton, no run
Hussey to Hinds, 1 run
Hussey to Hinds, no run
Hussey to Morton, 1 run
Johnson to Morton, 1 run
Johnson to Hinds, 1 run
Johnson to Hinds, FOUR runs
Johnson to Hinds, no run
Johnson to Morton, 1 run
Johnson to Morton, FOUR runs
Nannes to Hinds, no run
Nannes to Morton, 1 run
Nannes to Morton, 1 wide
Nannes to Morton, no run
Nannes to Morton, no run
Nannes to Morton, no run
Nannes to Hinds, 1 run
Tait to Pollard, OUT
Tait to Pollard, 1 wide
Tait to Pollard, FOUR runs
Tait to Hinds, 1 run
Tait to Hinds, no run
Tait to Pollard, 1 run
Tait to Pollard, no run
Nannes to Hinds, no run
Nannes to Pollard, 1 run
Nannes to Pollard, FOUR runs
Nannes to Pollard, no run
Nannes to Simmons, OUT
Nannes to Simmons, no run
Tait to Pollard, 2 runs
Tait to Pollard, no run
Tait to Deonarine, OUT
Tait to Gayle, OUT
Tait to Gayle, 1 wide
Tait to Gayle, no run
Tait to Gayle, FOUR runs
Nannes to Simmons, no run
Nannes to Simmons, no run
Nannes to Gayle, 1 leg bye
Nannes to Simmons, 1 run
Nannes to Simmons, FOUR runs
Nannes to Gayle, 1 run
