Smith to Smith, OUT
Smith to Smith, FOUR runs
Smith to Smith, 2 runs
Smith to Haddin, 1 run
Smith to Haddin, SIX runs
Smith to Smith, 1 run
Sammy to Haddin, SIX runs
Sammy to Haddin, FOUR runs
Sammy to Smith, 1 run
Sammy to Haddin, 1 run
Sammy to Haddin, 2 runs
Sammy to Johnson, OUT
Roach to Haddin, 2 runs
Roach to Haddin, FOUR runs
Roach to Haddin, 1 wide
Roach to Haddin, 2 runs
Roach to Haddin, (no ball)
Roach to Johnson, 1 run
Roach to Haddin, 3 runs
Roach to Haddin, 2 runs
Pollard to Johnson, no run
Pollard to Haddin, 1 run
Pollard to Johnson, 1 run
Pollard to Johnson, no run
Pollard to Haddin, 1 run
Pollard to Johnson, 1 run
Miller to Johnson, 1 run
Miller to Haddin, 1 run
Miller to White, OUT
Miller to Haddin, 1 run
Miller to Birt, OUT
Miller to White, 1 run
Pollard to White, 1 run
Pollard to Birt, 1 run
Pollard to Birt, FOUR runs
Pollard to Birt, FOUR runs
Pollard to White, 1 run
Pollard to White, no run
Miller to Birt, 2 runs
Miller to White, 1 run
Miller to Birt, 1 run
Miller to White, 1 run
Miller to White, no run
Miller to White, 2 runs
Pollard to White, 1 run
Pollard to Birt, 1 run
Pollard to Birt, no run
Pollard to Birt, no run
Pollard to Birt, no run
Pollard to Birt, 1 wide
Pollard to Clarke, OUT
Miller to White, no run
Miller to Clarke, 1 run
Miller to White, 1 run
Miller to Clarke, 1 run
Miller to White, 1 run
Miller to White, no run
Pollard to White, 1 run
Pollard to White, no run
Pollard to Clarke, 1 run
Pollard to White, 1 run
Pollard to White, no run
Pollard to White, 2 runs
Gayle to White, 1 run
Gayle to Clarke, 1 run
Gayle to Hussey, OUT
Gayle to Hussey, no run
Gayle to Clarke, 1 run
Gayle to Clarke, 2 runs
Smith to Clarke, 1 run
Smith to Clarke, FOUR runs
Smith to Hussey, 1 run
Smith to Warner, OUT
Smith to Warner, 2 runs
Smith to Warner, no run
Gayle to Warner, 1 run
Gayle to Watson, OUT
Gayle to Watson, SIX runs
Gayle to Warner, 1 run
Gayle to Watson, 1 run
Gayle to Warner, 1 run
Smith to Watson, SIX runs
Smith to Warner, 1 run
Smith to Watson, 1 run
Smith to Watson, SIX runs
Smith to Warner, 1 run
Smith to Watson, 1 run
Roach to Warner, 2 runs
Roach to Warner, FOUR runs
Roach to Watson, 1 run
Roach to Warner, 1 run
Roach to Warner, SIX runs
Roach to Warner, no run
Sammy to Watson, FOUR runs
Sammy to Watson, SIX runs
Sammy to Warner, 1 run
Sammy to Watson, 1 run
Sammy to Warner, 1 run
Sammy to Warner, no run
Deonarine to Warner, 1 run
Deonarine to Warner, FOUR runs
Deonarine to Warner, no run
Deonarine to Warner, SIX runs
Deonarine to Warner, FOUR runs
Deonarine to Watson, 1 run
Sammy to Warner, FOUR runs
Sammy to Warner, no run
Sammy to Warner, FOUR runs
Sammy to Warner, no run
Sammy to Watson, 1 run
Sammy to Watson, no run
Miller to Warner, no run
Miller to Warner, FOUR runs
Miller to Watson, 1 run
Miller to Watson, no run
Miller to Watson, no run
Miller to Watson, no run
Deonarine to Warner, no run
Deonarine to Warner, no run
Deonarine to Warner, no run
Deonarine to Warner, no run
Deonarine to Warner, no run
Deonarine to Watson, 1 run
