Rubel to Angelo Mathews, 2 runs
Rubel to Angelo Mathews, 2 runs
Rubel to Perera, 1 run
Rubel to Angelo Mathews, 1 run
Rubel to Perera, 1 run
Rubel to Angelo Mathews, 1 run
Shahadat to Perera, SIX runs
Shahadat to Perera, 1 wide
Shahadat to Perera, FOUR runs
Shahadat to Perera, SIX runs
Shahadat to Perera, FOUR runs
Shahadat to Angelo Mathews, 1 run
Shahadat to Angelo Mathews, 2 runs
Rubel to Perera, no run
Rubel to Jeevan Mendis, OUT
Rubel to Angelo Mathews, 1 run
Rubel to Jeevan Mendis, 1 run
Rubel to Jeevan Mendis, FOUR runs
Rubel to Jeevan Mendis, SIX runs
Razzak to Angelo Mathews, no run
Razzak to Jeevan Mendis, 1 run
Razzak to Jeevan Mendis, 5 wide
Razzak to Angelo Mathews, 1 leg bye
Razzak to Jeevan Mendis, 1 run
Razzak to Jeevan Mendis, SIX runs
Razzak to Jeevan Mendis, SIX runs
Sohag Gazi to Jeevan Mendis, 1 run
Sohag Gazi to Angelo Mathews, 1 run
Sohag Gazi to Angelo Mathews, no run
Sohag Gazi to Angelo Mathews, 2 runs
Sohag Gazi to Angelo Mathews, FOUR runs
Sohag Gazi to Jeevan Mendis, 2 wide
Sohag Gazi to Angelo Mathews, 1 run
Razzak to Angelo Mathews, 1 run
Razzak to Jeevan Mendis, 1 run
Razzak to Jeevan Mendis, 1 wide
Razzak to Jeevan Mendis, 2 runs
Razzak to Angelo Mathews, 1 run
Razzak to Jeevan Mendis, 1 leg bye
Razzak to Angelo Mathews, 1 run
Mahmudullah to Jeevan Mendis, 2 runs
Mahmudullah to Angelo Mathews, 1 run
Mahmudullah to Angelo Mathews, 1 wide
Mahmudullah to Angelo Mathews, 2 runs
Mahmudullah to Jeevan Mendis, 1 run
Mahmudullah to Jeevan Mendis, no run
Mahmudullah to Angelo Mathews, 1 run
Shahadat to Angelo Mathews, 1 run
Shahadat to Jeevan Mendis, 1 run
Shahadat to Jeevan Mendis, FOUR runs
Shahadat to Angelo Mathews, 1 run
Shahadat to Angelo Mathews, no run
Shahadat to Angelo Mathews, no run
Mahmudullah to Perera, OUT
Mahmudullah to Perera, no run
Mahmudullah to Perera, no run
Mahmudullah to Perera, 2 runs
Mahmudullah to Perera, SIX runs
Mahmudullah to Perera, 1 wide
Mahmudullah to Angelo Mathews, 1 run
Sohag Gazi to Perera, no run
Sohag Gazi to Perera, no run
Sohag Gazi to Angelo Mathews, 1 run
Sohag Gazi to Perera, 1 run
Sohag Gazi to Angelo Mathews, 1 run
Sohag Gazi to Perera, 1 run
Mahmudullah to Thirimanne, OUT
Mahmudullah to Thirimanne, no run
Mahmudullah to Thirimanne, 2 runs
Mahmudullah to Perera, 1 leg bye
Mahmudullah to Perera, 2 runs
Mahmudullah to Thirimanne, 1 run
Razzak to Perera, no run
Razzak to Thirimanne, 1 run
Razzak to Thirimanne, no run
Razzak to Perera, 1 run
Razzak to Thirimanne, 1 run
Razzak to Chandimal, OUT
Mahmudullah to Chandimal, 1 leg bye
Mahmudullah to Perera, 1 run
Mahmudullah to Perera, 2 runs
Mahmudullah to Chandimal, 1 run
Mahmudullah to Perera, 1 run
Mahmudullah to Perera, no run
Shahadat to Chandimal, 2 runs
Shahadat to Perera, 1 run
Shahadat to Perera, no run
Shahadat to Perera, 2 runs
Shahadat to Perera, FOUR runs
Shahadat to Perera, no run
Razzak to Perera, 1 run
Razzak to Perera, 2 runs
Razzak to Perera, no run
Razzak to Perera, SIX runs
Razzak to Perera, no run
Razzak to Chandimal, 1 run
Sohag Gazi to Perera, no run
Sohag Gazi to Perera, FOUR runs
Sohag Gazi to Chandimal, 1 run
Sohag Gazi to Chandimal, no run
Sohag Gazi to Perera, 1 leg bye
Sohag Gazi to Chandimal, 1 run
Rubel to Perera, FOUR runs
Rubel to Chandimal, 1 run
Rubel to Perera, 1 run
Rubel to Chandimal, 1 run
Rubel to Chandimal, no run
Rubel to Chandimal, 3 wide
Rubel to Chandimal, no run
Sohag Gazi to Perera, 2 runs
Sohag Gazi to Chandimal, 1 run
Sohag Gazi to Munaweera, OUT
Sohag Gazi to Perera, 1 leg bye
Sohag Gazi to Perera, no run
Sohag Gazi to Perera, SIX runs
Rubel to Munaweera, FOUR runs
Rubel to Perera, 1 leg bye
Rubel to Perera, no run
Rubel to Munaweera, 1 run
Rubel to Munaweera, 5 wide
Rubel to Munaweera, no run
Rubel to Munaweera, no run
Shahadat to Perera, FOUR runs
Shahadat to Perera, SIX runs
Shahadat to Perera, no run
Shahadat to Perera, no run
Shahadat to Perera, FOUR runs
Shahadat to Perera, no run
