Malinga to Razzak, 1 run
Malinga to Mominul, 3 runs
Malinga to Mominul, no run
Malinga to Mominul, no run
Malinga to Mominul, 2 runs
Malinga to Razzak, 1 run
Eranga to Mominul, SIX runs
Eranga to Mominul, 1 wide
Eranga to Mominul, 1 wide
Eranga to Razzak, 1 run
Eranga to Mominul, 1 run
Eranga to Razzak, 1 run
Eranga to Mominul, 1 run
Eranga to Razzak, 1 run
Malinga to Mominul, FOUR runs
Malinga to Razzak, 1 run
Malinga to Razzak, no run
Malinga to Razzak, no run
Malinga to Sohag Gazi, OUT
Malinga to Mominul, 1 run
Senanayake to Sohag Gazi, 2 runs
Senanayake to Mominul, 1 run
Senanayake to Sohag Gazi, 1 run
Senanayake to Mominul, 1 run
Senanayake to Sohag Gazi, 1 run
Senanayake to Mominul, 1 leg bye
Angelo Mathews to Sohag Gazi, FOUR runs
Angelo Mathews to Mominul, 1 run
Angelo Mathews to Mominul, no run
Angelo Mathews to Mominul, FOUR runs
Angelo Mathews to Sohag Gazi, 1 run
Angelo Mathews to Mominul, 1 run
Senanayake to Sohag Gazi, no run
Senanayake to Mahmudullah, 2 runs, OUT
Senanayake to Mushfiqur, OUT
Senanayake to Mahmudullah, 1 run
Senanayake to Mushfiqur, 1 run
Senanayake to Mahmudullah, 1 run
Malinga to Mahmudullah, 1 run
Malinga to Mahmudullah, 2 runs
Malinga to Mahmudullah, no run
Malinga to Mahmudullah, 2 runs
Malinga to Mahmudullah, FOUR runs
Malinga to Mushfiqur, 1 run
Angelo Perera to Mahmudullah, FOUR runs
Angelo Perera to Mahmudullah, SIX runs
Angelo Perera to Mushfiqur, 1 run
Angelo Perera to Mushfiqur, 2 runs
Angelo Perera to Mushfiqur, FOUR runs
Angelo Perera to Mushfiqur, no run
Eranga to Mushfiqur, 1 run
Eranga to Mahmudullah, 1 run
Eranga to Mahmudullah, 2 runs
Eranga to Mahmudullah, no run
Eranga to Mushfiqur, 1 run
Eranga to Mushfiqur, SIX runs
Jeevan Mendis to Mushfiqur, 1 run
Jeevan Mendis to Mahmudullah, 1 run
Jeevan Mendis to Mahmudullah, no run
Jeevan Mendis to Mahmudullah, FOUR runs
Jeevan Mendis to Mahmudullah, no run
Jeevan Mendis to Mahmudullah, no run
Perera to Mushfiqur, 2 runs
Perera to Mushfiqur, 1 wide
Perera to Nasir, OUT
Perera to Mushfiqur, 1 run
Perera to Mushfiqur, no run
Perera to Nasir, 1 run
Perera to Nasir, 1 wide
Perera to Mushfiqur, 1 run
Senanayake to Nasir, 2 runs
Senanayake to Nasir, FOUR runs
Senanayake to Mushfiqur, 1 run
Senanayake to Mushfiqur, FOUR runs
Senanayake to Nasir, 1 run
Senanayake to Mushfiqur, 1 run
Perera to Ashraful, OUT
Perera to Ashraful, 1 wide
Perera to Ashraful, FOUR runs
Perera to Ashraful, SIX runs
Perera to Ashraful, SIX runs
Perera to Ashraful, no run
Perera to Mushfiqur, 1 run
Senanayake to Ashraful, no run
Senanayake to Mushfiqur, 1 run
Senanayake to Ashraful, 1 run
Senanayake to Mushfiqur, 1 run
Senanayake to Ashraful, 1 run
Senanayake to Mushfiqur, 1 run
Malinga to Ashraful, 2 runs
Malinga to Ashraful, no run
Malinga to Ashraful, no run
Malinga to Mushfiqur, 1 run
Malinga to Mushfiqur, no run
Malinga to Ashraful, 1 run
Angelo Mathews to Mushfiqur, no run
Angelo Mathews to Ashraful, 1 run
Angelo Mathews to Mushfiqur, 1 run
Angelo Mathews to Mushfiqur, no run
Angelo Mathews to Mushfiqur, FOUR runs
Angelo Mathews to Ashraful, 1 run
Eranga to Ashraful, 1 run
Eranga to Ashraful, no run
Eranga to Mushfiqur, 1 run
Eranga to Ashraful, 1 run
Eranga to Ashraful, no run
Eranga to Ashraful, FOUR runs
Angelo Mathews to Jahurul, OUT
Angelo Mathews to Jahurul, 2 leg byes
Angelo Mathews to Ashraful, 1 run
Angelo Mathews to Jahurul, 1 run
Angelo Mathews to Jahurul, FOUR runs
Angelo Mathews to Jahurul, FOUR runs
Eranga to Jahurul, 1 run
Eranga to Ashraful, 3 runs
Eranga to Jahurul, 1 run
Eranga to Jahurul, no run
Eranga to Jahurul, no run
Eranga to Ashraful, 1 run
Angelo Mathews to Rahman, OUT
Angelo Mathews to Ashraful, 1 run
Angelo Mathews to Ashraful, FOUR runs
Angelo Mathews to Ashraful, FOUR runs
Angelo Mathews to Ashraful, no run
Angelo Mathews to Ashraful, no run
