Sammy to Bailey, FOUR runs
Narine to Hussey, FOUR runs
Narine to Bailey, 1 run
Narine to Hussey, 1 run
Narine to Bailey, 1 run
Narine to Bailey, no run
Narine to Hussey, 1 run
Smith to Bailey, 2 runs
Smith to Bailey, FOUR runs
Smith to Hussey, 1 run
Smith to Hussey, no run
Smith to Hussey, FOUR runs
Smith to Bailey, 1 run
Dwayne Bravo to Bailey, 1 run
Dwayne Bravo to Hussey, 1 run
Dwayne Bravo to Bailey, 1 run
Dwayne Bravo to Hussey, 1 run
Dwayne Bravo to Hussey, no run
Dwayne Bravo to Hussey, SIX runs
Mathurin to Hussey, 1 run
Mathurin to Bailey, 1 run
Mathurin to Hussey, 1 run
Mathurin to Bailey, 1 run
Mathurin to Hussey, 1 run
Mathurin to Bailey, 1 run
Dwayne Bravo to Bailey, 1 run
Dwayne Bravo to Bailey, no run
Dwayne Bravo to Bailey, no run
Dwayne Bravo to Hussey, 1 run
Dwayne Bravo to Hussey, no run
Dwayne Bravo to Bailey, 1 run
Mathurin to Bailey, 1 run
Mathurin to Hussey, 1 run
Mathurin to Watson, OUT
Mathurin to Watson, SIX runs
Mathurin to Hussey, 1 run
Mathurin to Hussey, 2 runs
Pollard to Watson, SIX runs
Pollard to Watson, no run
Pollard to Watson, FOUR runs
Pollard to Watson, FOUR runs
Pollard to Hussey, 1 run
Pollard to Watson, 1 run
Dwayne Bravo to Watson, 1 run
Dwayne Bravo to Hussey, 1 run
Dwayne Bravo to Watson, 1 run
Dwayne Bravo to Hussey, 1 run
Dwayne Bravo to Hussey, 2 runs
Dwayne Bravo to Hussey, 2 runs
Narine to Watson, no run
Narine to Watson, no run
Narine to Hussey, 1 run
Narine to Hussey, no run
Narine to Watson, 1 run
Narine to Hussey, 1 run
Sammy to Watson, no run
Sammy to Hussey, 1 run
Sammy to Hussey, no run
Sammy to Hussey, FOUR runs
Sammy to Hussey, SIX runs
Sammy to Watson, 1 run
Narine to Watson, 1 run
Narine to Watson, no run
Narine to Watson, no run
Narine to Watson, no run
Narine to Hussey, 1 run
Narine to Hussey, no run
Sammy to Watson, no run
Sammy to Watson, FOUR runs
Sammy to Hussey, 1 run
Sammy to Watson, 1 run
Sammy to Watson, no run
Sammy to Watson, no run
Santokie to Hussey, FOUR runs
Santokie to Hussey, no run
Santokie to Watson, 1 run
Santokie to Watson, SIX runs
Santokie to Watson, no run
Santokie to Watson, SIX runs
Mathurin to Hussey, no run
Mathurin to Hussey, 1 wide
Mathurin to Watson, 1 run
Mathurin to Watson, no run
Mathurin to Hussey, 1 run
Mathurin to Watson, 1 leg bye
Mathurin to Watson, SIX runs
Mathurin to Watson, (no ball)
Narine to Hussey, no run
Narine to Watson, 1 run
Narine to Watson, no run
Narine to Watson, FOUR runs
Narine to Hussey, 3 runs
Narine to Hussey, no run
Santokie to Watson, SIX runs
Santokie to Watson, no run
Santokie to Watson, 2 runs
Santokie to Hussey, 1 run
Santokie to Hussey, no run
Santokie to Hussey, no run
Mathurin to Hussey, 1 run
Mathurin to Watson, 1 run
Mathurin to Watson, no run
Mathurin to Watson, FOUR runs
Mathurin to Watson, no run
Mathurin to Watson, no run
Santokie to Hussey, no run
Santokie to Hussey, 1 wide
Santokie to Warner, OUT
Santokie to Warner, no run
Santokie to Warner, no run
Santokie to Warner, no run
Santokie to Warner, no run
