Watson to Mathurin, 1 run
Watson to Pollard, 1 run
Watson to Pollard, 1 run, OUT
Watson to Pollard, no run
Watson to Baugh, 1 run
Watson to Pollard, 1 run
Lee to Pollard, 1 run
Lee to Sammy, OUT
Lee to Pollard, 1 leg bye
Lee to Sammy, 1 run
Lee to Sammy, FOUR runs
Lee to Sammy, no run
Watson to Sammy, 1 run
Watson to Sammy, no run
Watson to Pollard, 1 run
Watson to Sammy, 1 run
Watson to Sammy, no run
Watson to Pollard, 1 run
Christian to Dwayne Bravo, OUT
Christian to Pollard, 1 run
Christian to Pollard, no run
Christian to Pollard, SIX runs
Christian to Pollard, SIX runs
Christian to Dwayne Bravo, 1 run
Doherty to Pollard, FOUR runs
Doherty to Dwayne Bravo, 1 run
Doherty to Pollard, 1 run
Doherty to Pollard, SIX runs
Doherty to Pollard, SIX runs
Doherty to Pollard, FOUR runs
McKay to Pollard, 1 run
McKay to Dwayne Bravo, 1 run
McKay to Pollard, 1 run
McKay to Pollard, 2 runs
McKay to Dwayne Bravo, 1 run
McKay to Pollard, 1 run
Pattinson to Dwayne Bravo, 2 runs
Pattinson to Pollard, 1 run
Pattinson to Dwayne Bravo, 1 run
Pattinson to Dwayne Bravo, FOUR runs
Pattinson to Pollard, 1 run
Pattinson to Dwayne Bravo, 1 run
Christian to Pollard, SIX runs
Christian to Pollard, no run
Christian to Dwayne Bravo, 1 run
Christian to Pollard, 1 run
Christian to Dwayne Bravo, 1 run
Christian to Bonner, OUT
Doherty to Bonner, 1 run
Doherty to Bonner, no run
Doherty to Bonner, no run
Doherty to Bonner, 2 runs
Doherty to Bonner, 2 runs
Doherty to Bonner, no run
Christian to Bonner, 1 run
Christian to Darren Bravo, OUT
Christian to Darren Bravo, no run
Christian to Bonner, 1 run
Christian to Darren Bravo, 1 run
Christian to Bonner, 1 run
Doherty to Darren Bravo, FOUR runs
Doherty to Bonner, 1 run
Doherty to Darren Bravo, 1 run
Doherty to Darren Bravo, no run
Doherty to Darren Bravo, no run
Doherty to Bonner, 1 run
Watson to Bonner, 1 run
Watson to Bonner, no run
Watson to Bonner, no run
Watson to Darren Bravo, 1 run
Watson to Darren Bravo, no run
Watson to Bonner, 1 run
McKay to Bonner, 1 run
McKay to Bonner, FOUR runs
McKay to Bonner, no run
McKay to Darren Bravo, 1 run
McKay to Bonner, 1 run
McKay to Bonner, FOUR runs
Watson to Darren Bravo, no run
Watson to Darren Bravo, no run
Watson to Darren Bravo, no run
Watson to Darren Bravo, FOUR runs
Watson to Charles, OUT
Watson to Charles, no run
McKay to Bonner, no run
McKay to Bonner, no run
McKay to Bonner, no run
McKay to Charles, 1 run
McKay to Bonner, 1 run
McKay to Charles, 1 run
Lee to Bonner, no run
Lee to Bonner, no run
Lee to Charles, 1 run
Lee to Charles, FOUR runs
Lee to Charles, FOUR runs
Lee to Charles, FOUR runs
Pattinson to Bonner, no run
Pattinson to Charles, 1 run
Pattinson to Bonner, 1 run
Pattinson to Bonner, no run
Pattinson to Charles, 1 run
Pattinson to Charles, no run
Lee to Bonner, no run
Lee to Bonner, no run
Lee to Bonner, no run
Lee to Smith, OUT
Lee to Smith, no run
Lee to Smith, FOUR runs
Pattinson to Charles, FOUR runs
Pattinson to Charles, 2 runs
Pattinson to Smith, 1 run
Pattinson to Smith, no run
Pattinson to Smith, no run
Pattinson to Smith, no run
Pattinson to Smith, 1 wide
Lee to Smith, 1 run
Lee to Smith, no run
Lee to Smith, FOUR runs
Lee to Charles, 1 run
Lee to Charles, no run
Lee to Charles, no run
Lee to Charles, 1 wide
