Duminy to Hafeez, 1 run
Tahir to Hafeez, 1 run
Tahir to Umar Akmal, 1 run
Tahir to Umar Akmal, FOUR runs
Tahir to Umar Akmal, no run
Tahir to Hafeez, 1 run
Tahir to Umar Akmal, 1 run
Duminy to Hafeez, no run
Duminy to Umar Akmal, 1 run
Duminy to Umar Akmal, no run
Duminy to Jamshed, OUT
Duminy to Jamshed, no run
Duminy to Hafeez, 1 run
Tsotsobe to Jamshed, 4 leg byes
Tsotsobe to Jamshed, no run
Tsotsobe to Jamshed, no run
Tsotsobe to Jamshed, no run
Tsotsobe to Jamshed, FOUR runs
Tsotsobe to Hafeez, 1 run
Morkel to Jamshed, FOUR runs
Morkel to Jamshed, no run
Morkel to Jamshed, FOUR runs
Morkel to Hafeez, 1 run
Morkel to Jamshed, 1 run
Morkel to Jamshed, no run
Tsotsobe to Jamshed, 1 run
Tsotsobe to Jamshed, no run
Tsotsobe to Hafeez, 1 run
Tsotsobe to Hafeez, no run
Tsotsobe to Jamshed, 1 run
Tsotsobe to Jamshed, no run
Steyn to Hafeez, FOUR runs
Steyn to Jamshed, 3 leg byes
Steyn to Jamshed, no run
Steyn to Jamshed, no run
Steyn to Hafeez, 1 run
Steyn to Hafeez, no run
Tsotsobe to Hafeez, 1 run
Tsotsobe to Hafeez, no run
Tsotsobe to Hafeez, no run
Tsotsobe to Shehzad, OUT
Tsotsobe to Jamshed, 1 run
Tsotsobe to Jamshed, no run
Steyn to Shehzad, FOUR runs
Steyn to Shehzad, no run
Steyn to Shehzad, no run
Steyn to Shehzad, no run
Steyn to Shehzad, no run
Steyn to Shehzad, FOUR runs
Tsotsobe to Jamshed, 2 runs
Tsotsobe to Jamshed, no run
Tsotsobe to Jamshed, no run
Tsotsobe to Jamshed, no run
Tsotsobe to Shehzad, 1 run
Tsotsobe to Shehzad, no run
Tsotsobe to Shehzad, 1 wide
Tsotsobe to Shehzad, 5 wide
