Tanvir to Morkel, 4 byes
Tanvir to Morkel, no run
Tanvir to Morkel, FOUR runs
Tanvir to Morkel, FOUR runs
Tanvir to Morkel, no run
Tanvir to Miller, 1 run
Junaid to Steyn, OUT
Junaid to Steyn, no run
Junaid to Miller, 1 run
Junaid to Miller, no run
Junaid to Miller, FOUR runs
Junaid to Steyn, 1 run
Bhatti to Parnell, 2 runs, OUT
Bhatti to Parnell, (no ball) 2 runs
Bhatti to Miller, 1 run
Bhatti to Miller, FOUR runs
Bhatti to Miller, SIX runs
Bhatti to Miller, no run
Bhatti to Parnell, 1 run
Junaid to Parnell, 1 run
Junaid to Parnell, no run
Junaid to Parnell, no run
Junaid to du Plessis, OUT
Junaid to du Plessis, FOUR runs
Junaid to Miller, 1 run
Bhatti to Miller, 1 run
Bhatti to Miller, no run
Bhatti to Duminy, OUT
Bhatti to du Plessis, 1 run
Bhatti to Duminy, 1 run
Bhatti to du Plessis, 1 run
Afridi to Duminy, no run
Afridi to Duminy, no run
Afridi to Duminy, no run
Afridi to Duminy, no run
Afridi to du Plessis, 1 run
Afridi to du Plessis, no run
Hafeez to du Plessis, 1 run
Hafeez to du Plessis, 2 runs
Hafeez to du Plessis, 2 runs
Hafeez to Duminy, 1 run
Hafeez to du Plessis, 1 run
Hafeez to Duminy, 1 run
Afridi to Duminy, 1 run
Afridi to du Plessis, 1 run
Afridi to Duminy, 1 run
Afridi to du Plessis, 1 run
Afridi to Duminy, 1 run
Afridi to Duminy, no run
Bhatti to Duminy, 1 run
Bhatti to Duminy, FOUR runs
Bhatti to Duminy, no run
Bhatti to Duminy, no run
Bhatti to du Plessis, 1 run
Bhatti to du Plessis, no run
Afridi to Davids, OUT
Afridi to du Plessis, 1 run
Afridi to Davids, 1 run
Afridi to du Plessis, 1 run
Afridi to Davids, 1 run
Afridi to Davids, no run
Hafeez to Davids, 1 run
Hafeez to du Plessis, 1 run
Hafeez to de Kock, OUT
Hafeez to de Kock, FOUR runs
Hafeez to de Kock, no run
Hafeez to de Kock, no run
Afridi to du Plessis, no run
Afridi to de Kock, 1 run
Afridi to du Plessis, 1 run
Afridi to du Plessis, no run
Afridi to de Kock, 1 run
Afridi to du Plessis, 1 run
Hafeez to du Plessis, 1 run
Hafeez to Amla, OUT
Hafeez to de Kock, 1 run
Hafeez to Amla, 1 run
Hafeez to de Kock, 1 run
Hafeez to de Kock, no run
Bhatti to de Kock, 1 run
Bhatti to de Kock, 1 wide
Bhatti to Amla, 1 run
Bhatti to Amla, no run
Bhatti to de Kock, 1 run
Bhatti to de Kock, FOUR runs
Bhatti to Amla, 1 leg bye
Hafeez to de Kock, no run
Hafeez to Amla, 1 run
Hafeez to Amla, FOUR runs
Hafeez to de Kock, 1 run
Hafeez to de Kock, no run
Hafeez to Amla, 1 run
Junaid to de Kock, no run
Junaid to de Kock, FOUR runs
Junaid to de Kock, no run
Junaid to de Kock, FOUR runs
Junaid to de Kock, FOUR runs
Junaid to de Kock, no run
Tanvir to de Kock, 1 leg bye
Tanvir to de Kock, no run
Tanvir to de Kock, FOUR runs
Tanvir to de Kock, 1 wide
Tanvir to Amla, 1 run
Tanvir to Amla, FOUR runs
Tanvir to Amla, FOUR runs
Anwar Ali to de Kock, FOUR runs
Anwar Ali to Amla, 1 run
Anwar Ali to Amla, FOUR runs
Anwar Ali to Amla, no run
Anwar Ali to Amla, FOUR runs
Anwar Ali to Amla, no run
Tanvir to de Kock, no run
Tanvir to de Kock, no run
Tanvir to Amla, 1 run
Tanvir to de Kock, 1 run
Tanvir to de Kock, 2 runs
Tanvir to de Kock, no run
Anwar Ali to Amla, no run
Anwar Ali to Amla, FOUR runs
Anwar Ali to Amla, no run
Anwar Ali to de Kock, 1 run
Anwar Ali to de Kock, FOUR runs
Anwar Ali to de Kock, no run
