Kallis to Price, FOUR runs
Kallis to Jarvis, 1 run
Kallis to Jarvis, no run
Kallis to Jarvis, no run
Kallis to Jarvis, 2 runs
Kallis to Jarvis, no run
Morkel to Price, no run
Morkel to Price, 2 runs
Morkel to Jarvis, 1 run
Morkel to Jarvis, 2 runs
Morkel to Jarvis, no run
Morkel to Jarvis, 1 wide
Morkel to Jarvis, no run
Kallis to Jarvis, 1 run
Kallis to Jarvis, 2 runs
Kallis to Ervine, OUT
Kallis to Price, 1 run
Kallis to Price, no run
Kallis to Ervine, 1 run
Steyn to Price, no run
Steyn to Utseya, OUT
Steyn to Ervine, 1 run
Steyn to Ervine, FOUR runs
Steyn to Ervine, no run
Steyn to Utseya, 1 run
Botha to Utseya, 1 run
Botha to Utseya, no run
Botha to Ervine, 1 run
Botha to Utseya, 1 run
Botha to Utseya, no run
Botha to Ervine, 1 run
Morkel to Ervine, 1 run
Morkel to Ervine, no run
Morkel to Ervine, 1 wide
Morkel to Ervine, no run
Morkel to Ervine, no run
Morkel to Utseya, 1 run
Morkel to Utseya, no run
Morkel to Utseya, 1 wide
Kallis to Ervine, no run
Kallis to Utseya, 1 run
Kallis to Cremer, OUT
Kallis to Cremer, no run
Kallis to Cremer, 2 runs
Kallis to Cremer, no run
Steyn to Ervine, no run
Steyn to Ervine, no run
Steyn to Ervine, no run
Steyn to Cremer, 1 run
Steyn to Cremer, no run
Steyn to Cremer, no run
Morkel to Ervine, 2 runs
Morkel to Ervine, no run
Morkel to Cremer, 1 run
Morkel to Cremer, no run
Morkel to Cremer, 2 runs
Morkel to Ervine, 1 run
Kallis to Cremer, no run
Kallis to Chigumbura, OUT
Kallis to Stuart, OUT
Kallis to Stuart, no run
Kallis to Stuart, no run
Kallis to Stuart, no run
Morkel to Stuart, 1 run
Morkel to Ervine, 1 run
Morkel to Ervine, 2 runs
Morkel to Ervine, 1 wide
Morkel to Ervine, 1 wide
Morkel to Stuart, 1 run
Morkel to Ervine, 1 run
Morkel to Ervine, no run
Botha to Stuart, 2 runs
Botha to Ervine, 1 leg bye
Botha to Ervine, no run
Botha to Stuart, 1 leg bye
Botha to Ervine, 1 run
Botha to Ervine, FOUR runs
Peterson to Stuart, no run
Peterson to Stuart, 2 runs
Peterson to Ervine, 1 run
Peterson to Ervine, FOUR runs
Peterson to Ervine, no run
Peterson to Stuart, 1 run
Botha to Stuart, 1 run
Botha to Ervine, 1 run
Botha to Ervine, 2 runs
Botha to Ervine, no run
Botha to Stuart, 1 run
Botha to Stuart, no run
Morkel to Stuart, 1 run
Morkel to Ervine, 1 run
Morkel to Stuart, 1 run
Morkel to Stuart, no run
Morkel to Ervine, 1 leg bye
Morkel to Ervine, no run
Morkel to Stuart, no run
Morkel to Ervine, 1 run
Morkel to Masakadza, OUT
Morkel to Masakadza, no run
Morkel to Ervine, 1 run
Morkel to Ervine, FOUR runs
Morkel to Masakadza, no run
Morkel to Masakadza, FOUR runs
Morkel to Ervine, 1 run
Morkel to Ervine, no run
Morkel to Taylor, OUT
Morkel to Taylor, 2 runs
Steyn to Masakadza, no run
Steyn to Masakadza, no run
Steyn to Masakadza, no run
Steyn to Masakadza, no run
Steyn to Masakadza, no run
Steyn to Taylor, 1 run
Morkel to Masakadza, no run
Morkel to Taylor, 1 run
Morkel to Sibanda, OUT
Morkel to Sibanda, no run
Morkel to Masakadza, 1 run
Morkel to Masakadza, no run
Steyn to Sibanda, no run
Steyn to Masakadza, 1 run
Steyn to Masakadza, no run
Steyn to Masakadza, no run
Steyn to Masakadza, no run
Steyn to Masakadza, no run
