Stuart to Amla, 1 run
Stuart to Amla, no run
Stuart to Levi, 1 run
Stuart to Amla, 1 run
Jarvis to Levi, no run
Jarvis to Levi, no run
Jarvis to Levi, no run
Jarvis to Levi, 2 runs
Jarvis to Levi, no run
Jarvis to Amla, 1 run
Price to Amla, 1 run
Price to Amla, 2 runs
Price to Levi, 1 run
Price to Levi, 1 wide
Price to Levi, FOUR runs
Price to Levi, no run
Price to Levi, no run
Cremer to Levi, 1 run
Cremer to Levi, 2 runs
Cremer to Amla, 1 run
Cremer to Levi, 1 run
Cremer to Levi, no run
Cremer to Amla, 1 run
Utseya to Levi, 2 runs
Utseya to Amla, 1 run
Utseya to Amla, no run
Utseya to Levi, 1 run
Utseya to Levi, FOUR runs
Utseya to Amla, 1 run
Cremer to Amla, 1 run
Cremer to Levi, 1 run
Cremer to Levi, no run
Cremer to Levi, no run
Cremer to Amla, 1 run
Cremer to Levi, 1 run
Utseya to Amla, no run
Utseya to Levi, 1 run
Utseya to Amla, 1 run
Utseya to Amla, no run
Utseya to Levi, 1 run
Utseya to Amla, 1 run
Vitori to Levi, FOUR runs
Vitori to Levi, 2 runs
Vitori to Levi, no run
Vitori to Levi, FOUR runs
Vitori to Amla, 1 run
Vitori to Levi, 1 run
Price to Amla, FOUR runs
Price to Amla, no run
Price to Levi, 1 run
Price to Levi, no run
Price to Amla, 1 run
Price to Amla, no run
