Morkel to Thirimanne, 1 run
Morkel to Thirimanne, 2 runs
Morkel to Thirimanne, 2 runs
Morkel to Jeevan Mendis, 1 run
Morkel to Munaweera, OUT
Morkel to Jeevan Mendis, 1 run
Morkel to Jeevan Mendis, 1 wide
Steyn to Jeevan Mendis, 1 run
Steyn to Jeevan Mendis, FOUR runs
Steyn to Jeevan Mendis, no run
Steyn to Munaweera, 1 run
Steyn to Perera, OUT
Steyn to Perera, no run
Steyn to Perera, 1 wide
Kallis to Perera, 1 run
Kallis to Sangakkara, OUT
Kallis to Munaweera, 1 run
Kallis to Munaweera, FOUR runs
Kallis to Sangakkara, 1 run
Kallis to Sangakkara, 2 runs
Botha to Sangakkara, 1 run
Botha to Sangakkara, 2 runs
Botha to Sangakkara, FOUR runs
Botha to Munaweera, 1 run
Botha to Sangakkara, 1 run
Botha to Sangakkara, no run
Morkel to Sangakkara, 1 run
Morkel to Munaweera, 1 run
Morkel to Munaweera, no run
Morkel to Sangakkara, 1 leg bye
Morkel to Munaweera, 1 run
Morkel to Sangakkara, 1 run
Steyn to Mahela Jayawardene, OUT
Steyn to Mahela Jayawardene, no run
Steyn to Munaweera, 1 run
Steyn to Munaweera, no run
Steyn to Munaweera, no run
Steyn to Munaweera, 2 runs
Morkel to Munaweera, 1 run
Morkel to Munaweera, no run
Morkel to Mahela Jayawardene, OUT
Morkel to Mahela Jayawardene, FOUR runs
Morkel to Mahela Jayawardene, no run
Morkel to Mahela Jayawardene, no run
