Perera to Duminy, SIX runs
Perera to Duminy, FOUR runs
Perera to du Plessis, OUT
Perera to Duminy, 1 leg bye
Perera to Duminy, no run
Perera to Duminy, 2 runs
Malinga to de Villiers, OUT
Malinga to de Villiers, 2 runs
Malinga to de Villiers, 2 runs
Malinga to de Villiers, 2 runs
Malinga to de Villiers, 2 runs
Malinga to de Villiers, SIX runs
Malinga to de Villiers, 1 wide
Herath to du Plessis, 2 runs
Herath to de Villiers, 1 run
Herath to de Villiers, SIX runs
Herath to du Plessis, 1 run
Herath to de Villiers, 1 run
Herath to de Villiers, FOUR runs
Angelo Mathews to de Villiers, 1 run
Angelo Mathews to du Plessis, 3 runs
Angelo Mathews to du Plessis, no run
Angelo Mathews to de Villiers, 1 run
Angelo Mathews to de Villiers, 2 runs
Angelo Mathews to du Plessis, 1 run
Herath to Amla, OUT
Herath to du Plessis, 1 run
Herath to du Plessis, 2 runs
Herath to du Plessis, no run
Herath to du Plessis, 2 runs
Herath to Amla, 1 run
Malinga to Amla, 1 run
Malinga to Amla, no run
Malinga to Amla, 1 wide
Malinga to Amla, FOUR runs
Malinga to du Plessis, 1 run
Malinga to Amla, 1 run
Malinga to Amla, FOUR runs
Kulasekara to Amla, 1 run
Kulasekara to Amla, FOUR runs
Kulasekara to Levi, OUT
Kulasekara to Levi, 2 runs
Kulasekara to Levi, no run
Kulasekara to Levi, 2 runs
