Umar Gul to Cummins, 1 run
Umar Gul to Christian, OUT
Umar Gul to Christian, 2 runs
Umar Gul to Wade, 1 run
Umar Gul to Wade, 2 runs
Umar Gul to Wade, 2 runs
Ajmal to Wade, 1 run
Ajmal to Wade, no run
Ajmal to Wade, no run
Ajmal to Hussey, OUT
Ajmal to Hussey, no run
Ajmal to Christian, 1 run
Umar Gul to Hussey, 2 runs
Umar Gul to Hussey, FOUR runs
Umar Gul to Hussey, no run
Umar Gul to White, OUT
Umar Gul to White, no run
Umar Gul to Hussey, 1 run
Ajmal to White, no run
Ajmal to Hussey, 1 run
Ajmal to Hussey, no run
Ajmal to Hussey, 4 byes
Ajmal to White, 1 leg bye
Ajmal to Bailey, OUT
Hafeez to Hussey, no run
Hafeez to Bailey, 1 run
Hafeez to Bailey, no run
Hafeez to Bailey, no run
Hafeez to Bailey, 2 runs
Hafeez to Hussey, 1 run
Raza Hasan to Bailey, no run
Raza Hasan to Hussey, 1 run
Raza Hasan to Maxwell, OUT
Raza Hasan to Maxwell, no run
Raza Hasan to Maxwell, FOUR runs
Raza Hasan to Maxwell, 2 runs
Hafeez to Maxwell, 1 run
Hafeez to Hussey, 1 run
Hafeez to Maxwell, 1 run
Hafeez to Maxwell, SIX runs
Hafeez to Hussey, 1 run
Hafeez to Maxwell, 1 run
Arafat to Maxwell, 1 run
Arafat to Maxwell, no run
Arafat to Maxwell, FOUR runs
Arafat to Maxwell, FOUR runs
Arafat to Maxwell, no run
Arafat to Warner, OUT
Hafeez to Maxwell, 2 runs
Hafeez to Maxwell, no run
Hafeez to Maxwell, no run
Hafeez to Maxwell, no run
Hafeez to Maxwell, no run
Hafeez to Maxwell, no run
Arafat to Warner, no run
Arafat to Maxwell, 1 run
Arafat to Watson, OUT
Arafat to Watson, no run
Arafat to Warner, 1 run
Arafat to Warner, SIX runs
Ajmal to Warner, 1 run
Ajmal to Watson, 1 run
Ajmal to Watson, no run
Ajmal to Watson, SIX runs
Ajmal to Warner, 1 run
Ajmal to Warner, SIX runs
Raza Hasan to Warner, 1 run
Raza Hasan to Warner, SIX runs
Raza Hasan to Warner, SIX runs
Raza Hasan to Warner, no run
Raza Hasan to Warner, no run
Raza Hasan to Warner, SIX runs
Malik to Watson, SIX runs
Malik to Watson, no run
Malik to Watson, SIX runs
Malik to Warner, 1 run
Malik to Watson, 1 run
Malik to Watson, SIX runs
Raza Hasan to Watson, 1 run
Raza Hasan to Warner, 1 run
Raza Hasan to Warner, 1 wide
Raza Hasan to Warner, no run
Raza Hasan to Warner, no run
Raza Hasan to Warner, 3 wide
Raza Hasan to Warner, 2 runs
Raza Hasan to Warner, no run
Ajmal to Watson, no run
Ajmal to Watson, no run
Ajmal to Watson, no run
Ajmal to Watson, no run
Ajmal to Warner, 1 run
Ajmal to Warner, no run
Arafat to Warner, 3 runs
Arafat to Watson, 1 leg bye
Arafat to Watson, no run
Arafat to Watson, SIX runs
Arafat to Watson, 2 runs
Arafat to Watson, 2 runs
Umar Gul to Watson, 1 run
Umar Gul to Warner, 1 run
Umar Gul to Watson, 1 run
Umar Gul to Warner, 1 run
Umar Gul to Warner, SIX runs
Umar Gul to Watson, 1 run
Abdul Razzaq to Watson, 1 run
Abdul Razzaq to Watson, no run
Abdul Razzaq to Watson, no run
Abdul Razzaq to Watson, FOUR runs
Abdul Razzaq to Watson, no run
Abdul Razzaq to Warner, 1 run
Umar Gul to Warner, 1 run
Umar Gul to Watson, 1 run
Umar Gul to Warner, 1 run
Umar Gul to Watson, 1 run
Umar Gul to Watson, no run
Umar Gul to Watson, no run
Abdul Razzaq to Warner, 2 runs
Abdul Razzaq to Warner, no run
Abdul Razzaq to Warner, no run
Abdul Razzaq to Warner, FOUR runs
Abdul Razzaq to Warner, no run
Abdul Razzaq to Warner, no run
