Starc to Ajmal, OUT
Cummins to Raza Hasan, no run
Cummins to Raza Hasan, no run
Cummins to Raza Hasan, no run
Cummins to Raza Hasan, FOUR runs
Cummins to Raza Hasan, no run
Cummins to Raza Hasan, no run
Maxwell to Raza Hasan, 1 run
Maxwell to Raza Hasan, no run
Maxwell to Raza Hasan, 4 byes
Maxwell to Ajmal, 1 run
Maxwell to Ajmal, no run
Maxwell to Ajmal, no run
Cummins to Raza Hasan, no run
Cummins to Raza Hasan, no run
Cummins to Raza Hasan, no run
Cummins to Abdul Razzaq, OUT
Cummins to Abdul Razzaq, no run
Cummins to Abdul Razzaq, FOUR runs
Maxwell to Ajmal, no run
Maxwell to Abdul Razzaq, OUT
Maxwell to Umar Gul, 1 run
Maxwell to Abdul Razzaq, 1 run
Maxwell to Umar Gul, 1 run
Maxwell to Umar Gul, no run
Hogg to Abdul Razzaq, no run
Hogg to Abdul Razzaq, no run
Hogg to Umar Gul, 1 run
Hogg to Umar Gul, no run
Hogg to Umar Gul, no run
Hogg to Arafat, OUT
Watson to Arafat, 1 run
Watson to Abdul Razzaq, 1 run
Watson to Arafat, 1 run
Watson to Abdul Razzaq, 1 run
Watson to Arafat, 1 run
Watson to Arafat, no run
Starc to Arafat, 1 run
Starc to Abdul Razzaq, 1 run
Starc to Abdul Razzaq, no run
Starc to Abdul Razzaq, no run
Starc to Abdul Razzaq, no run
Starc to Arafat, 3 runs
Christian to Arafat, 1 run
Christian to Arafat, SIX runs
Christian to Arafat, no run
Christian to Arafat, no run
Christian to Arafat, no run
Christian to Abdul Razzaq, 1 run
Hogg to Arafat, no run
Hogg to Arafat, no run
Hogg to Arafat, no run
Hogg to Arafat, no run
Hogg to Arafat, no run
Hogg to Arafat, no run
Maxwell to Abdul Razzaq, no run
Maxwell to Abdul Razzaq, no run
Maxwell to Abdul Razzaq, 1 wide
Maxwell to Abdul Razzaq, no run
Maxwell to Arafat, 1 run
Maxwell to Jamshed, OUT
Maxwell to Jamshed, 2 runs
Hogg to Abdul Razzaq, no run
Hogg to Abdul Razzaq, no run
Hogg to Abdul Razzaq, no run
Hogg to Abdul Razzaq, no run
Hogg to Jamshed, 1 run
Hogg to Jamshed, FOUR runs
Maxwell to Abdul Razzaq, 2 runs
Maxwell to Abdul Razzaq, no run
Maxwell to Jamshed, 1 run
Maxwell to Jamshed, no run
Maxwell to Jamshed, no run
Maxwell to Jamshed, no run
Hogg to Jamshed, 1 run
Hogg to Jamshed, no run
Hogg to Abdul Razzaq, 1 run
Hogg to Jamshed, 1 run
Hogg to Jamshed, no run
Hogg to Abdul Razzaq, 2 wide
Hogg to Abdul Razzaq, no run
Watson to Jamshed, no run
Watson to Jamshed, no run
Watson to Abdul Razzaq, 1 run
Watson to Abdul Razzaq, no run
Watson to Jamshed, 1 run
Watson to Umar Akmal, OUT
Cummins to Umar Akmal, 1 run
Cummins to Umar Akmal, no run
Cummins to Umar Akmal, no run
Cummins to Umar Akmal, no run
Cummins to Jamshed, 1 run
Cummins to Umar Akmal, 1 run
Starc to Jamshed, no run
Starc to Jamshed, no run
Starc to Kamran, OUT
Starc to Kamran, no run
Starc to Kamran, no run
Starc to Jamshed, 1 run
Cummins to Kamran, no run
Cummins to Malik, OUT
Cummins to Malik, no run
Cummins to Malik, no run
Cummins to Hafeez, OUT
Cummins to Hafeez, FOUR runs
Starc to Jamshed, no run
Starc to Jamshed, no run
Starc to Jamshed, FOUR runs
Starc to Jamshed, no run
Starc to Imran Nazir, OUT
Starc to Imran Nazir, 1 wide
Starc to Imran Nazir, no run
Watson to Imran Nazir, 1 run
Watson to Imran Nazir, no run
Watson to Imran Nazir, no run
Watson to Hafeez, 3 runs
Watson to Hafeez, no run
Watson to Hafeez, 2 runs
