Tanvir to Davids, OUT
Tanvir to Davids, no run
Tanvir to du Plessis, 1 run
Tanvir to du Plessis, no run
Tanvir to du Plessis, 2 runs
Tanvir to du Plessis, no run
Ajmal to Miller, OUT
Ajmal to Miller, 2 runs
Ajmal to du Plessis, 1 run
Ajmal to du Plessis, 2 runs
Ajmal to Miller, 1 run
Ajmal to du Plessis, 1 run
Tanvir to du Plessis, 1 run
Tanvir to Miller, 1 run
Tanvir to du Plessis, 1 run
Tanvir to du Plessis, no run
Tanvir to de Villiers, OUT
Tanvir to de Villiers, FOUR runs
Afridi to du Plessis, 2 runs
Afridi to du Plessis, 2 runs
Afridi to du Plessis, SIX runs
Afridi to du Plessis, 1 wide
Afridi to du Plessis, 2 runs
Afridi to du Plessis, no run
Afridi to du Plessis, no run
Hafeez to de Villiers, no run
Hafeez to du Plessis, 1 run
Hafeez to de Villiers, 1 run
Hafeez to de Villiers, no run
Hafeez to du Plessis, 1 run
Hafeez to de Villiers, 1 leg bye
Hafeez to de Villiers, 1 wide
Ajmal to du Plessis, no run
Ajmal to du Plessis, no run
Ajmal to Amla, OUT
Ajmal to Amla, 2 runs
Ajmal to du Plessis, 1 run
Ajmal to du Plessis, no run
Malik to du Plessis, 1 run
Malik to Amla, 1 run
Malik to du Plessis, 1 run
Malik to Amla, 1 run
Malik to Amla, SIX runs
Malik to du Plessis, 1 run
Ajmal to du Plessis, 1 run
Ajmal to du Plessis, SIX runs
Ajmal to Amla, 1 run
Ajmal to du Plessis, 1 run
Ajmal to du Plessis, no run
Ajmal to Amla, 1 run
Afridi to du Plessis, SIX runs
Afridi to Amla, 1 run
Afridi to du Plessis, 1 run
Afridi to du Plessis, FOUR runs
Afridi to du Plessis, no run
Afridi to du Plessis, 2 runs
Hafeez to Amla, SIX runs
Hafeez to Amla, no run
Hafeez to Amla, 2 runs
Hafeez to du Plessis, 1 run
Hafeez to du Plessis, no run
Hafeez to Amla, 1 run
Afridi to Amla, 1 run
Afridi to du Plessis, 1 run
Afridi to Amla, 1 run
Afridi to Amla, 2 runs
Afridi to Amla, no run
Afridi to Amla, no run
Hafeez to Amla, 1 run
Hafeez to Amla, no run
Hafeez to Amla, no run
Hafeez to du Plessis, 1 run
Hafeez to du Plessis, no run
Hafeez to du Plessis, no run
Afridi to du Plessis, 1 run
Afridi to Amla, 1 run
Afridi to Amla, FOUR runs
Afridi to Amla, no run
Afridi to Amla, FOUR runs
Afridi to du Plessis, 1 run
Hafeez to du Plessis, 1 run
Hafeez to Amla, 1 run
Hafeez to du Plessis, 1 run
Hafeez to du Plessis, no run
Hafeez to Amla, 1 run
Hafeez to du Plessis, 1 run
Tanvir to Amla, no run
Tanvir to Amla, no run
Tanvir to du Plessis, 1 run
Tanvir to Amla, 1 run
Tanvir to Amla, FOUR runs
Tanvir to du Plessis, 1 run
Ajmal to Amla, no run
Ajmal to Amla, no run
Ajmal to de Kock, OUT
Ajmal to de Kock, FOUR runs
Ajmal to Amla, 1 run
Ajmal to Amla, no run
Tanvir to Amla, 1 run
Tanvir to Amla, no run
Tanvir to de Kock, 1 run
Tanvir to de Kock, no run
Tanvir to de Kock, no run
Tanvir to de Kock, 2 runs
Malik to Amla, no run
Malik to de Kock, 1 run
Irfan to de Kock, FOUR runs
Irfan to Amla, 1 run
Irfan to de Kock, 1 run
Irfan to Amla, 1 run
Abdul Razzaq to Amla, 1 run
Abdul Razzaq to de Kock, 1 leg bye
Abdul Razzaq to de Kock, FOUR runs
Abdul Razzaq to de Kock, no run
Abdul Razzaq to de Kock, FOUR runs
Abdul Razzaq to de Kock, FOUR runs
Abdul Razzaq to de Kock, 1 wide
Irfan to Amla, no run
Irfan to de Kock, 1 run
Irfan to de Kock, no run
Irfan to de Kock, FOUR runs
Irfan to de Kock, no run
Irfan to de Kock, no run
