Parnell to Irfan, no run
Parnell to Ajmal, 1 run
Parnell to Ajmal, no run
Parnell to Irfan, 1 run
Parnell to Irfan, no run
Parnell to Ajmal, 1 run
Steyn to Ajmal, 1 run
Steyn to Irfan, 1 run
Steyn to Afridi, OUT
Steyn to Ajmal, 1 run
Steyn to Ajmal, no run
Steyn to Afridi, 1 run
McLaren to Afridi, 1 run
McLaren to Afridi, SIX runs
McLaren to Ajmal, 1 run
McLaren to Afridi, 1 run
McLaren to Afridi, 2 runs
McLaren to Ajmal, 1 leg bye
Steyn to Ajmal, 1 run
Steyn to Afridi, 1 leg bye
Steyn to Ajmal, 1 run
Steyn to Ajmal, 1 wide
Steyn to Tanvir, OUT
Steyn to Tanvir, FOUR runs
Steyn to Afridi, 1 run
Parnell to Afridi, 1 run
Parnell to Tanvir, 1 run
Parnell to Tanvir, no run
Parnell to Afridi, 1 run
Parnell to Tanvir, 1 run
Parnell to Maqsood, OUT
Tahir to Abdul Razzaq, OUT
Tahir to Malik, OUT
Tahir to Maqsood, 1 run
Tahir to Malik, 1 run
Tahir to Maqsood, 1 run
Tahir to Maqsood, 1 wide
Tahir to Maqsood, 1 wide
Tahir to Maqsood, 2 runs
McLaren to Maqsood, 1 run
McLaren to Maqsood, 2 runs
McLaren to Malik, 1 run
McLaren to Umar Akmal, OUT
McLaren to Umar Akmal, FOUR runs
McLaren to Maqsood, 1 run
Tahir to Umar Akmal, 2 byes
Tahir to Maqsood, 1 run
Tahir to Maqsood, no run
Tahir to Umar Akmal, 1 run
Tahir to Maqsood, 1 run
Tahir to Umar Akmal, 1 run
McLaren to Maqsood, FOUR runs
McLaren to Maqsood, 2 runs
McLaren to Umar Akmal, 1 run
McLaren to Umar Akmal, no run
McLaren to Umar Akmal, no run
McLaren to Umar Akmal, 2 runs
Tahir to Umar Akmal, 1 run
Tahir to Umar Akmal, no run
Tahir to Maqsood, 3 runs
Tahir to Maqsood, no run
Tahir to Umar Akmal, 1 run
Tahir to Maqsood, 1 run
Parnell to Malik, no run
Parnell to Malik, FOUR runs
Parnell to Maqsood, 1 run
Parnell to Malik, 1 run
Parnell to Maqsood, 1 run
Parnell to Maqsood, SIX runs
Tahir to Maqsood, 1 run
Tahir to Malik, 1 run
Tahir to Maqsood, 1 run
Tahir to Maqsood, no run
Tahir to Malik, 1 run
Tahir to Malik, no run
Tsotsobe to Malik, 1 run
Tsotsobe to Maqsood, 1 run
Tsotsobe to Malik, 1 run
Tsotsobe to Maqsood, 1 run
Tsotsobe to Maqsood, FOUR runs
Tsotsobe to Maqsood, no run
Davids to Malik, no run
Davids to Malik, no run
Davids to Maqsood, 1 run
Davids to Maqsood, 3 wide
Davids to Jamshed, OUT
Davids to Malik, 1 run
Davids to Jamshed, 1 run
Parnell to Jamshed, 1 run
Parnell to Malik, (no ball) 1 run
Parnell to Malik, 2 runs
Parnell to Malik, no run
Parnell to Malik, no run
Parnell to Hafeez, OUT
Parnell to Shehzad, OUT
McLaren to Shehzad, 1 run
McLaren to Shehzad, FOUR runs
McLaren to Shehzad, 2 runs
McLaren to Jamshed, 1 run
McLaren to Jamshed, no run
McLaren to Jamshed, 1 wide
McLaren to Jamshed, no run
Tsotsobe to Shehzad, FOUR runs
Tsotsobe to Shehzad, FOUR runs
Tsotsobe to Shehzad, no run
Tsotsobe to Shehzad, 2 runs
Tsotsobe to Shehzad, 2 runs
Tsotsobe to Shehzad, no run
Steyn to Jamshed, FOUR runs
Steyn to Jamshed, no run
Steyn to Shehzad, 1 run
Steyn to Shehzad, no run
Steyn to Jamshed, 1 run
Steyn to Jamshed, 2 runs
Tsotsobe to Shehzad, no run
Tsotsobe to Jamshed, 1 run
Tsotsobe to Jamshed, no run
Tsotsobe to Jamshed, FOUR runs
Tsotsobe to Jamshed, FOUR runs
Tsotsobe to Shehzad, 1 run
Steyn to Jamshed, no run
Steyn to Jamshed, no run
Steyn to Jamshed, no run
Steyn to Jamshed, no run
Steyn to Jamshed, no run
Steyn to Jamshed, no run
