Bracken to Mushfiqur, 1 run
Bracken to Mushfiqur, 2 runs
Bracken to Farhad, OUT
Bracken to Aftab, OUT
Bracken to Farhad, 1 run
Bracken to Farhad, no run
Lee to Farhad, 1 run
Lee to Farhad, no run
Lee to Farhad, no run
Lee to Aftab, 1 run
Lee to Farhad, (no ball) 1 run
Lee to Aftab, 1 run
Lee to Aftab, no run
Clark to Farhad, no run
Clark to Farhad, no run
Clark to Aftab, 1 run
Clark to Farhad, 1 leg bye
Clark to Farhad, no run
Clark to Farhad, no run
Lee to Aftab, 2 runs
Lee to Farhad, (no ball) 1 run
Lee to Kapali, OUT
Lee to Mortaza, OUT
Lee to Shakib, OUT
Lee to Aftab, 1 run
Lee to Aftab, FOUR runs
Clarke to Shakib, no run
Clarke to Shakib, no run
Clarke to Shakib, FOUR runs
Clarke to Aftab, 1 run
Clarke to Shakib, 1 run
Clarke to Shakib, SIX runs
Johnson to Aftab, 2 runs
Johnson to Aftab, no run
Johnson to Aftab, no run
Johnson to Shakib, 1 run
Johnson to Shakib, no run
Johnson to Shakib, 2 runs
Clark to Shakib, 1 run
Clark to Aftab, 1 run
Clark to Shakib, 1 run
Clark to Aftab, 1 run
Clark to Aftab, no run
Clark to Ashraful, OUT
Johnson to Ashraful, 1 run
Johnson to Aftab, 1 run
Johnson to Ashraful, 1 run
Johnson to Ashraful, no run
Johnson to Ashraful, FOUR runs
Johnson to Aftab, 1 run
Johnson to Aftab, 1 wide
Bracken to Aftab, 1 run
Bracken to Aftab, no run
Bracken to Aftab, no run
Bracken to Aftab, FOUR runs
Bracken to Ashraful, 1 run
Bracken to Aftab, 1 run
Clarke to Aftab, 1 run
Clarke to Tamim, OUT
Clarke to Aftab, 1 run
Clarke to Aftab, no run
Clarke to Tamim, 1 run
Clarke to Tamim, no run
Symonds to Aftab, no run
Symonds to Tamim, 1 run
Symonds to Tamim, 2 runs
Symonds to Aftab, 1 run
Symonds to Tamim, 1 run
Symonds to Aftab, 1 run
Clarke to Tamim, no run
Clarke to Tamim, 2 runs
Clarke to Tamim, 3 wide
Clarke to Aftab, 1 run
Clarke to Tamim, 1 run
Clarke to Tamim, 5 wide
Clarke to Aftab, 1 run
Clarke to Aftab, no run
Symonds to Aftab, 1 run
Symonds to Aftab, no run
Symonds to Tamim, 1 run
Symonds to Aftab, 1 run
Symonds to Tamim, 1 run
Symonds to Tamim, no run
Johnson to Nazimuddin, OUT
Johnson to Tamim, 1 bye
Johnson to Tamim, (no ball)
Johnson to Tamim, (no ball)
Johnson to Nazimuddin, 1 leg bye
Johnson to Nazimuddin, no run
Johnson to Tamim, 1 run
Johnson to Tamim, FOUR runs
Clark to Nazimuddin, no run
Clark to Nazimuddin, FOUR runs
Clark to Nazimuddin, 1 wide
Clark to Tamim, 1 run
Clark to Tamim, no run
Clark to Tamim, no run
Clark to Tamim, no run
Johnson to Nazimuddin, no run
Johnson to Tamim, 1 run
Johnson to Tamim, FOUR runs
Johnson to Tamim, 2 runs
Johnson to Tamim, no run
Johnson to Tamim, no run
Clark to Tamim, 1 run
Clark to Tamim, no run
Clark to Tamim, no run
Clark to Nazimuddin, 1 run
Clark to Nazimuddin, no run
Clark to Nazimuddin, no run
Lee to Tamim, FOUR runs
Lee to Nazimuddin, 1 run
Lee to Nazimuddin, (no ball)
Lee to Nazimuddin, no run
Lee to Nazimuddin, FOUR runs
Lee to Nazimuddin, no run
Lee to Tamim, 1 run
Bracken to Nazimuddin, no run
Bracken to Tamim, 1 run
Bracken to Nazimuddin, 1 run
Bracken to Nazimuddin, no run
Bracken to Tamim, 1 run
Bracken to Tamim, no run
Lee to Tamim, 1 run
Lee to Tamim, no run
Lee to Tamim, no run
Lee to Tamim, 1 wide
Lee to Tamim, no run
Lee to Tamim, no run
Lee to Tamim, no run
