Mortaza to Ponting, 2 runs
Mortaza to Ponting, no run
Mortaza to Ponting, no run
Mortaza to Ponting, no run
Mortaza to Hayden, 1 run
Kapali to Hayden, 1 run
Kapali to Ponting, 1 run
Kapali to Hayden, 1 run
Kapali to Hayden, FOUR runs
Kapali to Hayden, SIX runs
Kapali to Ponting, 1 run
Razzak to Ponting, 1 run
Razzak to Hayden, 1 run
Razzak to Ponting, 1 run
Razzak to Gilchrist, 1 run, OUT
Razzak to Gilchrist, SIX runs
Razzak to Gilchrist, no run
Kapali to Hayden, no run
Kapali to Hayden, FOUR runs
Kapali to Hayden, 2 runs
Kapali to Hayden, no run
Kapali to Hayden, 2 runs
Kapali to Gilchrist, 1 run
Razzak to Hayden, no run
Razzak to Hayden, no run
Razzak to Hayden, no run
Razzak to Hayden, no run
Razzak to Hayden, no run
Razzak to Hayden, 2 runs
Shakib to Hayden, 1 run
Shakib to Gilchrist, 1 run
Shakib to Gilchrist, SIX runs
Shakib to Gilchrist, no run
Shakib to Gilchrist, 2 runs
Shakib to Hayden, 1 run
Razzak to Hayden, 1 run
Razzak to Gilchrist, 1 run
Razzak to Gilchrist, SIX runs
Razzak to Hayden, 1 run
Razzak to Hayden, no run
Razzak to Hayden, no run
Shakib to Gilchrist, no run
Shakib to Hayden, 1 run
Shakib to Gilchrist, 1 run
Shakib to Hayden, 1 run
Shakib to Gilchrist, 1 run
Shakib to Gilchrist, no run
Razzak to Gilchrist, 1 run
Razzak to Gilchrist, SIX runs
Razzak to Gilchrist, (no ball)
Razzak to Hayden, 1 run
Razzak to Hayden, no run
Razzak to Hayden, FOUR runs
Razzak to Hayden, no run
Mortaza to Hayden, 1 run
Mortaza to Hayden, FOUR runs
Mortaza to Hayden, no run
Mortaza to Hayden, no run
Mortaza to Gilchrist, 1 run
Mortaza to Gilchrist, FOUR runs
Syed Rasel to Hayden, FOUR runs
Syed Rasel to Hayden, no run
Syed Rasel to Hayden, SIX runs
Syed Rasel to Hayden, no run
Syed Rasel to Gilchrist, 1 run
Syed Rasel to Gilchrist, no run
Mortaza to Hayden, FOUR runs
Mortaza to Hayden, no run
Mortaza to Hayden, no run
Mortaza to Hayden, FOUR runs
Mortaza to Hayden, FOUR runs
Mortaza to Gilchrist, 1 run
Syed Rasel to Hayden, SIX runs
Syed Rasel to Hayden, no run
Syed Rasel to Hayden, FOUR runs
Syed Rasel to Hayden, 1 wide
Syed Rasel to Gilchrist, 1 run
Syed Rasel to Hayden, 1 run
Syed Rasel to Gilchrist, 1 run
Mortaza to Hayden, no run
Mortaza to Hayden, no run
Mortaza to Gilchrist, 1 run
Mortaza to Gilchrist, no run
Mortaza to Gilchrist, no run
Mortaza to Gilchrist, no run
