Tanvir to Best, 1 run
Tanvir to Best, no run
Tanvir to Best, no run
Tanvir to Best, SIX runs
Tanvir to Best, 2 runs
Tanvir to Best, no run
Tanvir to Badree, (no ball) 1 run
Ajmal to Best, 2 runs
Ajmal to Best, no run
Ajmal to Best, SIX runs
Ajmal to Sammy, OUT
Ajmal to Sammy, no run
Ajmal to Sammy, no run
Afridi to Barnwell, 1 run, OUT
Afridi to Barnwell, no run
Afridi to Sammy, 1 run
Afridi to Barnwell, 1 run
Afridi to Barnwell, FOUR runs
Afridi to Barnwell, FOUR runs
Babar to Dwayne Bravo, OUT
Babar to Pollard, OUT
Babar to Pollard, FOUR runs
Babar to Pollard, SIX runs
Babar to Pollard, FOUR runs
Babar to Pollard, SIX runs
Ajmal to Dwayne Bravo, 2 runs
Ajmal to Dwayne Bravo, no run
Ajmal to Pollard, 1 run
Ajmal to Dwayne Bravo, 1 run
Ajmal to Dwayne Bravo, no run
Ajmal to Pollard, 1 run
Babar to Dwayne Bravo, no run
Babar to Pollard, 1 run
Babar to Dwayne Bravo, 1 run
Babar to Pollard, 1 leg bye
Babar to Dwayne Bravo, 1 run
Babar to Dwayne Bravo, no run
Ajmal to Pollard, no run
Ajmal to Dwayne Bravo, 1 run
Ajmal to Dwayne Bravo, no run
Ajmal to Narine, OUT
Ajmal to Narine, no run
Ajmal to Narine, FOUR runs
Babar to Narine, 1 run
Babar to Narine, 2 runs
Babar to Narine, no run
Babar to Narine, FOUR runs
Babar to Narine, FOUR runs
Babar to Dwayne Bravo, 1 run
Asad Ali to Narine, no run
Asad Ali to Dwayne Bravo, 1 run
Asad Ali to Dwayne Bravo, no run
Asad Ali to Dwayne Bravo, FOUR runs
Asad Ali to Dwayne Bravo, 2 runs
Asad Ali to Dwayne Bravo, no run
Ajmal to Dwayne Bravo, 1 run
Ajmal to Narine, 1 run
Ajmal to Narine, no run
Ajmal to Dwayne Bravo, 1 run
Ajmal to Dwayne Bravo, no run
Ajmal to Dwayne Bravo, no run
Afridi to Narine, SIX runs
Afridi to Narine, 2 runs
Afridi to Dwayne Bravo, 1 run
Afridi to Dwayne Bravo, no run
Afridi to Dwayne Bravo, SIX runs
Afridi to Narine, 1 run
Hafeez to Dwayne Bravo, no run
Hafeez to Dwayne Bravo, 1 wide
Hafeez to Dwayne Bravo, no run
Hafeez to Dwayne Bravo, no run
Hafeez to Narine, 1 run
Hafeez to Narine, 2 runs
Hafeez to Dwayne Bravo, 1 run
Afridi to Simmons, OUT
Afridi to Simmons, no run
Afridi to Simmons, no run
Afridi to Dwayne Bravo, 1 run
Afridi to Dwayne Bravo, no run
Afridi to Simmons, 1 run
Babar to Dwayne Bravo, no run
Babar to Simmons, 1 run
Babar to Dwayne Bravo, 1 run
Babar to Dwayne Bravo, no run
Babar to Dwayne Bravo, no run
Babar to Dwayne Bravo, no run
Tanvir to Dwayne Bravo, 1 run
Tanvir to Dwayne Bravo, FOUR runs
Tanvir to Dwayne Bravo, 2 runs
Tanvir to Dwayne Bravo, no run
Tanvir to Dwayne Bravo, no run
Tanvir to Dwayne Bravo, no run
Hafeez to Simmons, no run
Hafeez to Simmons, no run
Hafeez to Simmons, no run
Hafeez to Simmons, no run
Hafeez to Dwayne Bravo, 1 run
Hafeez to Dwayne Bravo, no run
Tanvir to Simmons, no run
Tanvir to Simmons, no run
Tanvir to Simmons, no run
Tanvir to Simmons, no run
Tanvir to Dwayne Bravo, 1 run
Tanvir to Samuels, OUT
Hafeez to Simmons, no run
Hafeez to Samuels, 1 run
Hafeez to Simmons, 1 run
Hafeez to Simmons, no run
Hafeez to Gayle, OUT
Hafeez to Gayle, no run
Tanvir to Samuels, no run
Tanvir to Samuels, no run
Tanvir to Charles, OUT
Tanvir to Charles, no run
Tanvir to Charles, no run
Tanvir to Gayle, 1 run
Hafeez to Charles, no run
Hafeez to Charles, no run
Hafeez to Charles, no run
Hafeez to Charles, no run
Hafeez to Charles, no run
Hafeez to Charles, 1 wide
Hafeez to Charles, no run
