Narine to Babar, 2 runs
Narine to Umar Akmal, 1 run
Narine to Babar, 1 run
Narine to Umar Akmal, 1 run
Narine to Babar, 1 run
Narine to Babar, no run
Dwayne Bravo to Umar Akmal, 2 runs
Dwayne Bravo to Umar Akmal, SIX runs
Dwayne Bravo to Umar Akmal, no run
Dwayne Bravo to Umar Akmal, FOUR runs
Dwayne Bravo to Babar, 3 runs
Dwayne Bravo to Umar Akmal, 1 run
Narine to Babar, FOUR runs
Narine to Tanvir, OUT
Narine to Tanvir, no run
Narine to Tanvir, no run
Narine to Hammad, OUT
Narine to Umar Akmal, 1 run
Dwayne Bravo to Umar Akmal, 1 run
Dwayne Bravo to Umar Akmal, 2 runs
Dwayne Bravo to Umar Akmal, FOUR runs
Dwayne Bravo to Umar Akmal, 2 runs
Dwayne Bravo to Hammad, 1 run
Dwayne Bravo to Umar Akmal, 1 bye
Narine to Umar Akmal, 1 run
Narine to Afridi, OUT
Narine to Afridi, no run
Narine to Afridi, 1 wide
Narine to Afridi, no run
Narine to Afridi, 2 runs
Narine to Umar Akmal, 1 run
Pollard to Umar Akmal, 1 run
Pollard to Afridi, 1 run
Pollard to Afridi, no run
Pollard to Afridi, no run
Pollard to Umar Akmal, 1 bye
Pollard to Umar Akmal, 1 wide
Pollard to Umar Akmal, FOUR runs
Dwayne Bravo to Umar Akmal, 1 run
Dwayne Bravo to Afridi, 1 run
Dwayne Bravo to Umar Akmal, 1 run
Dwayne Bravo to Afridi, 1 run
Dwayne Bravo to Umar Akmal, 1 run
Dwayne Bravo to Afridi, 1 run
Pollard to Umar Akmal, no run
Pollard to Shehzad, OUT
Pollard to Shehzad, SIX runs
Pollard to Umar Akmal, 1 run
Pollard to Umar Akmal, 2 runs
Pollard to Umar Akmal, no run
Dwayne Bravo to Umar Akmal, 1 run
Dwayne Bravo to Umar Akmal, no run
Dwayne Bravo to Umar Akmal, no run
Dwayne Bravo to Shehzad, 1 run
Dwayne Bravo to Shehzad, no run
Dwayne Bravo to Umar Akmal, 1 run
Best to Shehzad, no run
Best to Shehzad, FOUR runs
Best to Shehzad, 1 wide
Best to Shehzad, no run
Best to Shehzad, SIX runs
Best to Shehzad, no run
Best to Shehzad, no run
Badree to Shehzad, 1 run
Badree to Shehzad, no run
Badree to Umar Akmal, 1 run
Badree to Shehzad, 1 run
Badree to Umar Akmal, 1 run
Badree to Umar Akmal, no run
Best to Umar Akmal, 1 run
Best to Umar Akmal, no run
Best to Shehzad, 1 run
Best to Shehzad, 4 leg byes
Best to Umar Akmal, 1 run
Best to Umar Akmal, 2 runs
Badree to Haris Sohail, OUT
Badree to Shehzad, 1 run
Badree to Shehzad, no run
Badree to Shehzad, no run
Badree to Shehzad, no run
Badree to Shehzad, no run
Sammy to Haris Sohail, no run
Sammy to Haris Sohail, no run
Sammy to Shehzad, 1 run
Sammy to Shehzad, no run
Sammy to Haris Sohail, 1 run
Sammy to Umar Amin, OUT
Narine to Shehzad, FOUR runs
Narine to Shehzad, 2 runs
Narine to Umar Amin, 3 runs
Narine to Umar Amin, no run
Narine to Shehzad, 1 run
Narine to Shehzad, no run
Sammy to Umar Amin, no run
Sammy to Umar Amin, no run
Sammy to Umar Amin, FOUR runs
Sammy to Shehzad, 1 run
Sammy to Shehzad, no run
Sammy to Shehzad, no run
Badree to Hafeez, OUT
Badree to Hafeez, FOUR runs
Badree to Shehzad, 1 run
Badree to Shehzad, no run
Badree to Hafeez, 1 run
Badree to Shehzad, 1 run
Sammy to Shehzad, 1 run
Sammy to Shehzad, FOUR runs
Sammy to Shehzad, no run
Sammy to Shehzad, no run
Sammy to Hafeez, 1 run
Sammy to Shehzad, 1 run
Badree to Shehzad, 1 run
Badree to Shehzad, no run
Badree to Shehzad, no run
Badree to Shehzad, no run
Badree to Hafeez, 3 runs
Badree to Hafeez, no run
Sammy to Shehzad, no run
Sammy to Hafeez, 1 run
Sammy to Shehzad, 1 run
Sammy to Shehzad, no run
Sammy to Shehzad, FOUR runs
Sammy to Shehzad, no run
