Gillespie to Broad, 2 runs
Gillespie to Schofield, 1 run
Gillespie to Schofield, 2 runs
Gillespie to Schofield, 2 runs
Gillespie to Broad, 1 run
Gillespie to Schofield, 1 run
Gillespie to Schofield, 1 wide
Bond to Schofield, 1 run
Bond to Wright, OUT
Bond to Schofield, 1 run
Bond to Wright, 1 run
Bond to AD Mascarenhas, OUT
Bond to Shah, 1 run, OUT
Gillespie to Wright, 2 runs
Gillespie to Shah, 1 run
Gillespie to Shah, 2 runs
Gillespie to Wright, 1 run
Gillespie to Shah, 1 run
Gillespie to Wright, 1 run
Oram to Shah, no run
Oram to Wright, 1 run
Oram to Wright, 2 runs
Oram to Shah, 1 run
Oram to Shah, SIX runs
Oram to Wright, 1 run
Vettori to Shah, 2 runs
Vettori to Wright, 1 run
Vettori to Wright, no run
Vettori to Shah, 1 run
Vettori to Shah, 2 runs
Vettori to Wright, 1 run
Styris to Wright, 1 run
Styris to Wright, SIX runs
Styris to Wright, no run
Styris to Wright, FOUR runs
Styris to Shah, 1 run
Styris to Wright, 1 run
Vettori to Wright, 1 run
Vettori to Shah, 1 run
Vettori to Shah, OUT
Vettori to Flintoff, 1 run
Vettori to Pietersen, OUT
Vettori to Shah, 1 run
Martin to Pietersen, SIX runs
Martin to Pietersen, FOUR runs
Martin to Pietersen, FOUR runs
Martin to Shah, 1 run
Martin to Shah, no run
Martin to PD Collingwood, OUT
Styris to PD Collingwood, 1 run
Styris to Pietersen, 1 run
Styris to PD Collingwood, 1 run
Styris to Pietersen, 1 run
Styris to PD Collingwood, 1 run
Styris to Pietersen, 1 run
Martin to PD Collingwood, no run
Martin to Pietersen, 1 run
Martin to Pietersen, OUT
Martin to Maddy, 1 run
Martin to Maddy, SIX runs
Martin to Pietersen, 1 run
Vettori to Pietersen, 1 run
Vettori to Maddy, 1 run
Vettori to Pietersen, 1 run
Vettori to Pietersen, 2 runs
Vettori to Maddy, 1 run
Vettori to Maddy, no run
Martin to Maddy, 1 run
Martin to Maddy, 2 runs
Martin to Maddy, no run
Martin to Pietersen, 1 run
Martin to Pietersen, no run
Martin to Pietersen, no run
Vettori to Maddy, no run
Vettori to Solanki, OUT
Vettori to Maddy, 1 run
Vettori to Solanki, 1 run
Vettori to Solanki, no run
Vettori to Maddy, 1 run
Martin to Maddy, 1 run
Martin to Solanki, 1 run
Martin to Solanki, no run
Martin to Maddy, 1 run
Martin to Maddy, 2 runs
Martin to Maddy, FOUR runs
Oram to Maddy, 1 run
Oram to Maddy, FOUR runs
Oram to Maddy, FOUR runs
Oram to Solanki, 1 run
Oram to Solanki, FOUR runs
Oram to Maddy, 1 run
Bond to Solanki, no run
Bond to Solanki, no run
Bond to Solanki, no run
Bond to Solanki, no run
Bond to Maddy, 1 run
Bond to Maddy, SIX runs
Gillespie to Solanki, FOUR runs
Gillespie to Maddy, 1 run
Gillespie to Maddy, no run
Gillespie to Maddy, FOUR runs
Gillespie to Maddy, no run
Gillespie to Maddy, 2 runs
Bond to Maddy, 1 run
Bond to Maddy, no run
Bond to Solanki, 1 run
Bond to Solanki, no run
Bond to Solanki, no run
Bond to Maddy, 1 run
Gillespie to Solanki, FOUR runs
Gillespie to Solanki, no run
Gillespie to Solanki, 2 runs
Gillespie to Maddy, 1 run
Gillespie to Solanki, 1 run
Gillespie to Solanki, no run
Bond to Solanki, 1 run
Bond to Solanki, no run
Bond to Solanki, no run
Bond to Solanki, no run
Bond to Solanki, FOUR runs
Bond to Maddy, 1 run
