Broad to Gillespie, 1 run, OUT
Broad to Vettori, 1 run
Broad to Vettori, FOUR runs
Broad to Vettori, FOUR runs
Broad to Gillespie, 1 run
Broad to Vettori, 1 run
Flintoff to Gillespie, no run
Flintoff to Gillespie, 2 runs
Flintoff to Vettori, 1 run
Flintoff to Gillespie, 1 run
Flintoff to Vettori, 1 run
Flintoff to Gillespie, 1 run
PD Collingwood to Gillespie, 1 run
PD Collingwood to Gillespie, no run
PD Collingwood to Bond, OUT
PD Collingwood to Vettori, 1 run
PD Collingwood to Bond, 1 run
PD Collingwood to Vettori, 3 runs
Maddy to Vettori, 1 run
Maddy to Bond, 1 run
Maddy to Oram, OUT
Maddy to Oram, FOUR runs
Maddy to McMillan, OUT
Maddy to McMillan, no run
PD Collingwood to McMillan, 1 run
PD Collingwood to McMillan, SIX runs
PD Collingwood to McMillan, SIX runs
PD Collingwood to McMillan, FOUR runs
PD Collingwood to McMillan, 2 runs
PD Collingwood to Oram, 1 run
AD Mascarenhas to McMillan, no run
AD Mascarenhas to Oram, 1 run
AD Mascarenhas to McMillan, 1 run
AD Mascarenhas to McMillan, FOUR runs
AD Mascarenhas to McMillan, 2 runs
AD Mascarenhas to McMillan, SIX runs
Anderson to McMillan, 1 run
Anderson to Oram, 1 run
Anderson to McMillan, 1 run
Anderson to Oram, 1 run
Anderson to Oram, 1 wide
Anderson to McMillan, 1 run
Anderson to McMillan, 2 runs
AD Mascarenhas to McMillan, 1 run
AD Mascarenhas to McMillan, 1 run, OUT
AD Mascarenhas to Styris, 1 run
AD Mascarenhas to Styris, FOUR runs
AD Mascarenhas to Styris, no run
AD Mascarenhas to McMillan, 1 run
Broad to McMillan, 1 run
Broad to McMillan, no run
Broad to McMillan, FOUR runs
Broad to McMillan, no run
Broad to Styris, 1 run
Broad to Styris, SIX runs
Schofield to Styris, 1 run
Schofield to McMillan, 1 run
Schofield to McMillan, SIX runs
Schofield to McMillan, 2 runs
Schofield to Styris, 1 run
Schofield to McMillan, 1 run
AD Mascarenhas to McMillan, 1 run
AD Mascarenhas to Styris, 1 run
AD Mascarenhas to Styris, no run
AD Mascarenhas to Styris, SIX runs
AD Mascarenhas to Styris, SIX runs
AD Mascarenhas to Styris, SIX runs
PD Collingwood to Styris, 1 run
PD Collingwood to Styris, no run
PD Collingwood to McMillan, 1 run
PD Collingwood to Styris, 1 run
PD Collingwood to McMillan, 1 leg bye
PD Collingwood to Styris, 1 run
AD Mascarenhas to Styris, 1 run
AD Mascarenhas to Styris, no run
AD Mascarenhas to Styris, no run
AD Mascarenhas to Styris, no run
AD Mascarenhas to Styris, no run
AD Mascarenhas to Styris, no run
Anderson to Styris, 1 run
Anderson to Styris, no run
Anderson to Styris, no run
Anderson to Styris, no run
Anderson to Styris, 2 runs
Anderson to Styris, no run
Broad to McMillan, no run
Broad to Vincent, OUT
Broad to Styris, 1 run
Broad to Styris, no run
Broad to Vincent, 1 run
Broad to Vincent, no run
Flintoff to Vincent, 1 run
Flintoff to Vincent, no run
Flintoff to Styris, 1 run
Flintoff to Vincent, 1 run
Flintoff to Vincent, no run
Flintoff to Vincent, no run
Anderson to Vincent, 1 run
Anderson to Taylor, OUT
Anderson to Taylor, no run
Anderson to Taylor, no run
Anderson to Taylor, SIX runs
Anderson to Taylor, no run
Flintoff to Taylor, 1 run
Flintoff to Vincent, 1 run
Flintoff to Taylor, 1 leg bye
Flintoff to Taylor, no run
Flintoff to Fulton, OUT
Flintoff to Fulton, no run
Broad to Vincent, no run
Broad to Vincent, 1 wide
Broad to Vincent, FOUR runs
Broad to Vincent, 2 runs
Broad to Vincent, 2 runs
Broad to Vincent, no run
Broad to Vincent, no run
Anderson to McCullum, OUT
Anderson to McCullum, no run
Anderson to McCullum, no run
Anderson to McCullum, no run
Anderson to McCullum, FOUR runs
Anderson to Vincent, 1 leg bye
Anderson to Vincent, 1 wide
Anderson to Vincent, 1 wide
