Patel to Malik, SIX runs
Patel to Malik, 2 runs
Patel to Misbah, 1 run
Patel to Misbah, SIX runs
Patel to Misbah, no run
Vettori to Misbah, 1 run
Vettori to Malik, 1 run
Vettori to Misbah, 1 run
Vettori to Misbah, no run
Vettori to Misbah, 2 runs
Vettori to Misbah, no run
Patel to Misbah, 1 run
Patel to Misbah, no run
Patel to Malik, 1 run
Patel to Malik, FOUR runs
Patel to Misbah, 1 run
Patel to Malik, 1 run
Styris to Malik, 1 run
Styris to Misbah, 1 run
Styris to Misbah, no run
Styris to Misbah, no run
Styris to Malik, 1 run
Styris to Misbah, 1 run
Bond to Malik, 2 runs
Bond to Malik, 1 wide
Bond to Misbah, 1 run
Bond to Misbah, no run
Bond to Afridi, OUT
Bond to Afridi, FOUR runs
Bond to Malik, 1 run
Vettori to Afridi, no run
Vettori to Afridi, no run
Vettori to Afridi, 2 runs
Vettori to Younis, OUT
Vettori to Malik, 1 run
Vettori to Younis, 1 run
Patel to Malik, 2 runs
Patel to Malik, 2 runs
Patel to Younis, 1 run
Patel to Malik, 1 run
Patel to Imran Nazir, OUT
Patel to Younis, 1 leg bye
Oram to Imran Nazir, no run
Oram to Imran Nazir, SIX runs
Oram to Imran Nazir, SIX runs
Oram to Imran Nazir, 2 runs
Oram to Younis, 1 leg bye
Oram to Imran Nazir, 1 run
Patel to Younis, no run
Patel to Younis, no run
Patel to Younis, no run
Patel to Imran Nazir, 1 run
Patel to Younis, 1 run
Patel to Younis, no run
Styris to Imran Nazir, no run
Styris to Imran Nazir, no run
Styris to Imran Nazir, no run
Styris to Imran Nazir, 2 runs
Styris to Imran Nazir, no run
Styris to Imran Nazir, SIX runs
Vettori to Younis, no run
Vettori to Imran Nazir, 1 run
Vettori to Imran Nazir, SIX runs
Vettori to Imran Nazir, no run
Vettori to Imran Nazir, no run
Vettori to Imran Nazir, no run
Styris to Younis, no run
Styris to Imran Nazir, 1 run
Styris to Younis, 1 run
Styris to Younis, no run
Styris to Younis, no run
Styris to Hafeez, OUT
Vettori to Imran Nazir, no run
Vettori to Imran Nazir, no run
Vettori to Imran Nazir, no run
Vettori to Imran Nazir, no run
Vettori to Imran Nazir, SIX runs
Vettori to Imran Nazir, no run
Gillespie to Hafeez, no run
Gillespie to Hafeez, SIX runs
Gillespie to Hafeez, no run
Gillespie to Imran Nazir, 1 run
Gillespie to Hafeez, 1 run
Gillespie to Imran Nazir, 3 runs
Gillespie to Imran Nazir, 1 wide
Bond to Hafeez, 2 runs
Bond to Hafeez, SIX runs
Bond to Hafeez, no run
Bond to Imran Nazir, 1 run
Bond to Imran Nazir, no run
Bond to Imran Nazir, no run
Gillespie to Imran Nazir, 1 run
Gillespie to Imran Nazir, no run
Gillespie to Hafeez, 1 run
Gillespie to Imran Nazir, 1 run
Gillespie to Hafeez, 1 run
Gillespie to Hafeez, no run
Bond to Imran Nazir, no run
Bond to Imran Nazir, no run
Bond to Hafeez, 1 run
Bond to Hafeez, no run
Bond to Hafeez, FOUR runs
Bond to Hafeez, FOUR runs
Gillespie to Imran Nazir, no run
Gillespie to Imran Nazir, FOUR runs
Gillespie to Imran Nazir, 2 runs
Gillespie to Imran Nazir, FOUR runs
Gillespie to Imran Nazir, FOUR runs
Gillespie to Imran Nazir, no run
Bond to Hafeez, 2 runs
Bond to Hafeez, no run
Bond to Hafeez, no run
Bond to Hafeez, no run
Bond to Hafeez, no run
Bond to Hafeez, FOUR runs
