Mohammad Asif to Taylor, 1 run
Mohammad Asif to Taylor, 2 runs
Mohammad Asif to Taylor, no run
Mohammad Asif to Taylor, FOUR runs
Mohammad Asif to Taylor, SIX runs
Mohammad Asif to Taylor, FOUR runs
Tanvir to Bond, 1 run, OUT
Tanvir to Bond, no run
Tanvir to Taylor, 1 run
Tanvir to Bond, 1 run
Tanvir to Taylor, (no ball) 1 run
Tanvir to Taylor, no run
Tanvir to Bond, 1 run
Umar Gul to Bond, 1 run
Umar Gul to Taylor, 1 run
Umar Gul to Taylor, no run
Umar Gul to Bond, 1 run
Umar Gul to Taylor, 1 run
Umar Gul to Taylor, no run
Hafeez to Bond, no run
Hafeez to Taylor, 1 run
Hafeez to Taylor, SIX runs
Hafeez to Taylor, 2 runs
Hafeez to Taylor, 1 run, OUT
Hafeez to Taylor, no run
Umar Gul to Oram, OUT
Umar Gul to Oram, no run
Umar Gul to Oram, no run
Umar Gul to Taylor, 1 run
Umar Gul to Taylor, no run
Umar Gul to Oram, 1 run
Fawad Alam to McMillan, OUT
Fawad Alam to McMillan, 2 runs
Fawad Alam to McMillan, SIX runs
Fawad Alam to Taylor, 1 run
Fawad Alam to Taylor, 2 runs
Fawad Alam to Taylor, 2 runs
Umar Gul to McMillan, no run
Umar Gul to McMillan, FOUR runs
Umar Gul to McMillan, no run
Umar Gul to Fulton, OUT
Umar Gul to Fulton, 2 runs
Umar Gul to Styris, OUT
Afridi to Styris, 1 run
Afridi to Fulton, 1 run
Afridi to Fulton, 2 runs
Afridi to Fulton, no run
Afridi to Styris, 1 leg bye
Afridi to Styris, 1 wide
Afridi to Fulton, 1 run
Umar Gul to Fulton, 1 run
Umar Gul to Fulton, no run
Umar Gul to Fulton, 2 runs
Umar Gul to Fulton, no run
Umar Gul to Fulton, no run
Umar Gul to Fulton, no run
Afridi to Fulton, 1 run
Afridi to Fulton, no run
Afridi to Fulton, no run
Afridi to McCullum, OUT
Afridi to Styris, 1 run
Afridi to McCullum, 1 run
Fawad Alam to Styris, no run
Fawad Alam to Styris, SIX runs
Fawad Alam to McCullum, 1 run
Fawad Alam to Styris, 1 run
Fawad Alam to McCullum, 1 run
Fawad Alam to McCullum, 2 runs
Afridi to McCullum, 1 run
Afridi to Styris, 1 run
Afridi to Styris, FOUR runs
Afridi to Styris, 2 runs
Afridi to McCullum, 1 run
Afridi to Styris, 1 run
Fawad Alam to Styris, 1 run
Fawad Alam to Vincent, OUT
Fawad Alam to Vincent, 2 runs
Fawad Alam to McCullum, 1 run
Fawad Alam to McCullum, no run
Fawad Alam to Vincent, 1 run
Afridi to McCullum, no run
Afridi to McCullum, no run
Afridi to McCullum, no run
Afridi to McCullum, 2 runs
Afridi to Vincent, 1 run
Afridi to McCullum, 1 run
Afridi to McCullum, 1 wide
Tanvir to McCullum, 1 run
Tanvir to Vincent, 1 run
Tanvir to Vincent, 2 runs
Tanvir to Vincent, no run
Tanvir to Vincent, no run
Tanvir to Vincent, 1 wide
Tanvir to Vincent, (no ball)
Tanvir to Vincent, 2 runs
Mohammad Asif to Vincent, 1 run
Mohammad Asif to McCullum, 1 run
Mohammad Asif to McCullum, no run
Mohammad Asif to Vincent, 1 run
Mohammad Asif to McCullum, 1 run
Mohammad Asif to McCullum, no run
Tanvir to Vincent, FOUR runs
Tanvir to Vincent, SIX runs
Tanvir to Vincent, 2 runs
Tanvir to McCullum, 1 run
Tanvir to Vincent, 1 run
Tanvir to Vincent, no run
Mohammad Asif to McCullum, FOUR runs
Mohammad Asif to McCullum, FOUR runs
Mohammad Asif to Vincent, 1 run
Mohammad Asif to McCullum, 1 run
Mohammad Asif to McCullum, no run
Mohammad Asif to Vincent, 1 run
Tanvir to Vincent, 1 run
Tanvir to Vincent, no run
Tanvir to Vincent, no run
Tanvir to Vincent, no run
Tanvir to Vincent, no run
Tanvir to McCullum, 1 run
Mohammad Asif to Vincent, no run
Mohammad Asif to McCullum, 1 run
Mohammad Asif to McCullum, no run
Mohammad Asif to Vincent, 1 run
Mohammad Asif to Vincent, no run
Mohammad Asif to Vincent, no run
