Vettori to Price, OUT
Styris to Price, 1 bye
Styris to Lamb, 1 run
Styris to Price, 1 run
Styris to Lamb, 1 run
Styris to Lamb, no run
Styris to Lamb, no run
Bond to Lamb, 1 run
Bond to Price, 1 run
Bond to Lamb, 1 run
Bond to Lamb, 2 runs
Bond to Lamb, no run
Bond to Lamb, 1 wide
Bond to Lamb, no run
Styris to Utseya, OUT
Styris to Cremer, OUT
Styris to Lamb, 1 run
Styris to Maruma, OUT
Styris to Lamb, 1 run
Styris to Lamb, no run
Vettori to Maruma, no run
Vettori to Maruma, no run
Vettori to Lamb, 1 run
Vettori to Maruma, 1 run
Vettori to Lamb, 1 run
Vettori to Maruma, 1 run
McCullum to Lamb, no run
McCullum to Maruma, 1 run
McCullum to Maruma, no run
McCullum to Maruma, no run
McCullum to Maruma, no run
McCullum to Lamb, 1 run
Vettori to Lamb, 1 run
Vettori to Lamb, no run
Vettori to Lamb, no run
Vettori to Maruma, 1 run
Vettori to Maruma, no run
Vettori to Lamb, 1 run
McCullum to Ervine, OUT
McCullum to Ervine, no run
McCullum to Lamb, 1 run
McCullum to Coventry, OUT
McCullum to Coventry, no run
McCullum to Chigumbura, OUT
Vettori to Ervine, no run
Vettori to Chigumbura, 1 run
Vettori to Ervine, 1 run
Vettori to Ervine, no run
Vettori to Blignaut, OUT
Vettori to Chigumbura, 1 run
McCullum to Blignaut, no run
McCullum to Chigumbura, 1 run
McCullum to Masakadza, 1 run, OUT
McCullum to Blignaut, 1 run
McCullum to Blignaut, no run
McCullum to Blignaut, 1 wide
McCullum to Masakadza, 1 run
Oram to Masakadza, 1 run
Oram to Masakadza, 5 wide
Oram to Blignaut, 1 run
Oram to Blignaut, FOUR runs
Oram to Masakadza, 1 run
Oram to Masakadza, no run
Oram to Blignaut, 1 run
Southee to Masakadza, FOUR runs
Southee to Blignaut, 1 run
Southee to Taibu, OUT
Southee to Taibu, 2 runs
Southee to Taibu, 2 runs
Southee to Taibu, FOUR runs
Bond to Masakadza, no run
Bond to Taibu, 1 run
Bond to Taibu, no run
Bond to Taibu, 2 runs
Bond to Taibu, FOUR runs
Bond to Masakadza, 1 run
Southee to Masakadza, 1 run
Southee to Masakadza, no run
Southee to Taibu, 1 run
Southee to Masakadza, 1 run
Southee to Masakadza, 1 wide
Southee to Taibu, 1 leg bye
Southee to Masakadza, 1 run
Bond to Taibu, FOUR runs
Bond to Taibu, no run
Bond to Taibu, 1 wide
Bond to Masakadza, 1 run
Bond to Masakadza, no run
Bond to Masakadza, no run
Bond to Masakadza, no run
McCullum to Taibu, no run
McCullum to Masakadza, 1 run
McCullum to Masakadza, no run
McCullum to Masakadza, FOUR runs
McCullum to Masakadza, 2 runs
McCullum to Taibu, 1 run
