Lamb to McCullum, 1 run
Price to Guptill, no run
Price to Guptill, no run
Price to Guptill, 1 wide
Price to McCullum, 1 run
Price to McCullum, no run
Price to McCullum, no run
Price to McCullum, no run
Price to McCullum, 1 wide
Utseya to McCullum, 1 run
Utseya to Guptill, 1 run
Utseya to McCullum, 1 run
Utseya to Guptill, 1 run
Utseya to McCullum, 1 run
Utseya to Guptill, 1 run
Price to McCullum, no run
Price to McCullum, no run
Price to McCullum, no run
Price to Guptill, 1 run
Price to McCullum, 3 runs
Price to McCullum, no run
Price to McCullum, 3 wide
Utseya to McCullum, 1 run
Utseya to McCullum, no run
Utseya to Guptill, 1 run
Utseya to McCullum, 3 runs
Utseya to McCullum, no run
Utseya to McCullum, FOUR runs
Price to Guptill, no run
Price to Guptill, no run
Price to Guptill, no run
Price to McCullum, 1 run
Price to Guptill, 1 run
Price to Guptill, 1 wide
Price to Guptill, no run
Utseya to McCullum, no run
Utseya to Ryder, OUT
Utseya to Ryder, no run
Utseya to Ryder, no run
Utseya to Ryder, no run
Utseya to Ryder, no run
Price to McCullum, no run
Price to Ryder, 1 run
Price to Ryder, no run
Price to Ryder, no run
Price to Ryder, no run
Price to Ryder, no run
Utseya to McCullum, no run
Utseya to McCullum, no run
Utseya to Ryder, 1 run
Utseya to McCullum, 1 run
Utseya to McCullum, FOUR runs
Utseya to McCullum, no run
