Junaid to Bairstow, 2 runs
Junaid to Bairstow, 2 runs
Junaid to Swann, 1 run
Junaid to Bairstow, 1 run
Junaid to Bairstow, 2 runs
Junaid to Swann, 1 bye
Ajmal to Swann, 1 leg bye
Ajmal to Swann, no run
Ajmal to Swann, no run
Ajmal to Bairstow, 1 run
Ajmal to Bairstow, 2 runs
Ajmal to Bairstow, no run
Umar Gul to Bairstow, 1 run
Umar Gul to Swann, 1 run
Umar Gul to Swann, no run
Umar Gul to Patel, OUT
Umar Gul to Buttler, OUT
Umar Gul to Bairstow, 1 run
Ajmal to Bairstow, 1 run
Ajmal to Bairstow, no run
Ajmal to Buttler, 1 run
Ajmal to Bairstow, 1 run
Ajmal to Bairstow, 2 runs
Ajmal to Buttler, 1 run
Umar Gul to Buttler, 1 run
Umar Gul to Bopara, OUT
Umar Gul to Bairstow, 1 run
Umar Gul to Bairstow, no run
Umar Gul to Bairstow, no run
Umar Gul to Bairstow, 2 runs
Ajmal to Bairstow, 1 run
Ajmal to Bopara, 1 run
Ajmal to Bopara, 2 runs
Ajmal to Bopara, FOUR runs
Ajmal to Bopara, no run
Ajmal to Bopara, 1 wide
Ajmal to Bairstow, 1 run
Junaid to Bopara, 2 runs
Junaid to Bopara, 2 runs
Junaid to Bopara, SIX runs
Junaid to Bopara, 2 runs
Junaid to Bopara, 2 runs
Junaid to Bopara, no run
Hafeez to Bairstow, no run
Hafeez to Bopara, 1 run
Hafeez to Bopara, FOUR runs
Hafeez to Bairstow, 1 run
Hafeez to Morgan, OUT
Hafeez to Morgan, no run
Afridi to Morgan, 1 run
Afridi to Morgan, FOUR runs
Afridi to Morgan, 2 runs
Afridi to Bopara, 1 run
Afridi to Morgan, 1 leg bye
Afridi to Morgan, 2 runs
Hafeez to Morgan, 1 run
Hafeez to Bopara, 1 run
Hafeez to Morgan, 1 run
Hafeez to Bopara, 1 run
Hafeez to Bopara, no run
Hafeez to Bopara, no run
Afridi to Bopara, 1 run
Afridi to Bopara, 2 runs
Afridi to Bopara, no run
Afridi to Bopara, 2 runs
Afridi to Morgan, 1 run
Afridi to Morgan, no run
Hafeez to Bopara, no run
Hafeez to Bopara, no run
Hafeez to Bopara, 2 runs
Hafeez to Morgan, 1 run
Hafeez to Bopara, 1 run
Hafeez to Bopara, no run
Hafeez to Morgan, 2 wide
Afridi to Bopara, no run
Afridi to Morgan, 1 run
Afridi to Morgan, no run
Afridi to Morgan, no run
Afridi to Morgan, no run
Afridi to Bopara, 1 run
Hafeez to Kieswetter, OUT
Hafeez to Bopara, 1 run
Hafeez to Bopara, no run
Hafeez to Kieswetter, 1 run
Hafeez to Kieswetter, no run
Hafeez to Kieswetter, no run
Afridi to Bopara, no run
Afridi to Kieswetter, 1 run
Afridi to Pietersen, OUT
Afridi to Pietersen, SIX runs
Afridi to Kieswetter, 1 run
Afridi to Pietersen, 1 run
Ajmal to Kieswetter, no run
Ajmal to Pietersen, 1 run
Ajmal to Pietersen, 1 wide
Ajmal to Pietersen, no run
Ajmal to Pietersen, FOUR runs
Ajmal to Kieswetter, 1 leg bye
Ajmal to Pietersen, 1 run
Umar Gul to Kieswetter, FOUR runs
Umar Gul to Kieswetter, no run
Umar Gul to Pietersen, 1 run
Umar Gul to Kieswetter, 1 run
Umar Gul to Pietersen, 1 run
Umar Gul to Pietersen, FOUR runs
Junaid to Kieswetter, FOUR runs
Junaid to Kieswetter, no run
Junaid to Kieswetter, 2 runs
Junaid to Kieswetter, no run
Junaid to Kieswetter, no run
Junaid to Pietersen, 1 run
Umar Gul to Kieswetter, no run
Umar Gul to Pietersen, 1 leg bye
Umar Gul to Pietersen, no run
Umar Gul to Pietersen, no run
Umar Gul to Pietersen, no run
Umar Gul to Pietersen, no run
Junaid to Kieswetter, no run
Junaid to Pietersen, 1 run
Junaid to Pietersen, 2 runs
Junaid to Pietersen, FOUR runs
Junaid to Pietersen, FOUR runs
Junaid to Pietersen, 2 runs
