Dernbach to Malik, OUT
Dernbach to Malik, FOUR runs
Dernbach to Malik, no run
Dernbach to Misbah, 1 run
Dernbach to Misbah, FOUR runs
Dernbach to Misbah, no run
Finn to Malik, 2 runs
Finn to Malik, FOUR runs
Finn to Malik, no run
Finn to Misbah, 1 run
Finn to Malik, 1 run
Finn to Malik, FOUR runs
Dernbach to Malik, 1 run
Dernbach to Misbah, 1 run
Dernbach to Malik, 1 run
Dernbach to Malik, no run
Dernbach to Misbah, 1 run
Dernbach to Malik, 1 run
Broad to Misbah, no run
Broad to Malik, 1 run
Broad to Malik, 2 leg byes
Broad to Malik, 2 runs
Broad to Malik, no run
Broad to Malik, FOUR runs
Patel to Malik, 1 run
Patel to Misbah, 1 run
Patel to Misbah, SIX runs
Patel to Malik, 1 run
Patel to Malik, no run
Patel to Misbah, 1 run
Finn to Misbah, 1 run
Finn to Malik, 1 run
Finn to Misbah, 1 run
Finn to Misbah, 4 leg byes
Finn to Malik, 1 run
Finn to Misbah, 1 leg bye
Patel to Malik, SIX runs
Patel to Misbah, 1 run
Patel to Malik, 1 run
Patel to Malik, no run
Patel to Misbah, 1 run
Patel to Malik, 1 run
Swann to Malik, 1 run
Swann to Malik, no run
Swann to Malik, no run
Swann to Misbah, 1 run
Swann to Malik, 1 run
Swann to Misbah, 1 run
Patel to Malik, no run
Patel to Misbah, 1 run
Patel to Misbah, no run
Patel to Misbah, no run
Patel to Misbah, no run
Patel to Misbah, 2 runs
Swann to Malik, no run
Swann to Malik, no run
Swann to Umar Akmal, OUT
Swann to Umar Akmal, no run
Swann to Umar Akmal, no run
Swann to Afridi, OUT
Broad to Misbah, no run
Broad to Afridi, 1 run
Broad to Misbah, 1 run
Broad to Afridi, 1 run
Broad to Afridi, FOUR runs
Broad to Afridi, no run
Swann to Misbah, no run
Swann to Afridi, 1 run
Swann to Afridi, no run
Swann to Hafeez, OUT
Swann to Hafeez, no run
Swann to Hafeez, OUT
Bopara to Hafeez, 1 run
Bopara to Shafiq, 1 run
Bopara to Hafeez, 1 run
Bopara to Hafeez, FOUR runs
Bopara to Shafiq, 1 run
Bopara to Shafiq, no run
Swann to Shafiq, 1 run
Swann to Hafeez, 1 run
Swann to Shafiq, 3 runs
Swann to Hafeez, 1 run
Swann to Hafeez, 2 runs
Swann to Hafeez, no run
Broad to Shafiq, 2 runs
Broad to Shafiq, no run
Broad to Shafiq, no run
Broad to Hafeez, 1 run
Broad to Hafeez, no run
Broad to Hafeez, no run
Dernbach to Hafeez, 1 run
Dernbach to Shafiq, 1 run
Dernbach to Hafeez, 1 run
Dernbach to Shafiq, 1 run
Dernbach to Shafiq, no run
Dernbach to Shafiq, FOUR runs
Broad to Hafeez, no run
Broad to Shafiq, 1 run
Broad to Shafiq, no run
Broad to Shafiq, no run
Broad to Shafiq, no run
Broad to Hafeez, 1 run
Finn to Shafiq, FOUR runs
Finn to Awais Zia, OUT
Finn to Awais Zia, 4 leg byes
Finn to Awais Zia, 2 runs
Finn to Awais Zia, 1 wide
Finn to Awais Zia, 2 runs
Finn to Awais Zia, SIX runs
Dernbach to Hafeez, FOUR runs
Dernbach to Hafeez, FOUR runs
Dernbach to Hafeez, no run
Dernbach to Awais Zia, 1 run
Dernbach to Awais Zia, no run
Dernbach to Awais Zia, no run
Finn to Hafeez, no run
Finn to Awais Zia, 1 run
Finn to Awais Zia, no run
Finn to Awais Zia, FOUR runs
Finn to Awais Zia, 2 runs
Finn to Hafeez, 1 run
