Kulasekara to Sammy, FOUR runs
Kulasekara to Sammy, 1 run
Kulasekara to Sammy, 2 runs
Kulasekara to Sammy, 2 runs
Kulasekara to Sammy, FOUR runs
Kulasekara to Sammy, 2 runs
Malinga to Sammy, 1 run
Malinga to Sammy, 2 runs
Malinga to Ramdin, 1 run
Malinga to Sammy, 1 run
Malinga to Sammy, FOUR runs
Malinga to Ramdin, 1 run
Dananjaya to Sammy, no run
Dananjaya to Ramdin, 1 run
Dananjaya to Sammy, 1 leg bye
Dananjaya to Ramdin, 1 run
Dananjaya to Sammy, 1 run
Dananjaya to Samuels, OUT
Malinga to Samuels, 1 run
Malinga to Samuels, SIX runs
Malinga to Samuels, SIX runs
Malinga to Samuels, FOUR runs
Malinga to Sammy, 1 run
Malinga to Samuels, 1 run
Mendis to Samuels, 1 run
Mendis to Samuels, no run
Mendis to Sammy, 1 run
Mendis to Russell, OUT
Mendis to Pollard, OUT
Mendis to Pollard, no run
Jeevan Mendis to Pollard, 1 run
Jeevan Mendis to Samuels, 1 run
Jeevan Mendis to Samuels, FOUR runs
Jeevan Mendis to Samuels, SIX runs
Jeevan Mendis to Pollard, 1 run
Jeevan Mendis to Samuels, 1 run
Mendis to Dwayne Bravo, OUT
Mendis to Samuels, 1 run
Mendis to Samuels, no run
Mendis to Dwayne Bravo, 1 run
Mendis to Samuels, 1 run
Mendis to Dwayne Bravo, 1 run
Malinga to Samuels, SIX runs
Malinga to Dwayne Bravo, 1 run
Malinga to Samuels, 1 run
Malinga to Samuels, SIX runs
Malinga to Samuels, SIX runs
Malinga to Dwayne Bravo, 1 run
Dananjaya to Samuels, 2 runs
Dananjaya to Samuels, no run
Dananjaya to Dwayne Bravo, 1 run
Dananjaya to Dwayne Bravo, no run
Dananjaya to Dwayne Bravo, SIX runs
Dananjaya to Samuels, 1 run
Jeevan Mendis to Dwayne Bravo, no run
Jeevan Mendis to Dwayne Bravo, 2 runs
Jeevan Mendis to Dwayne Bravo, no run
Jeevan Mendis to Samuels, 1 run
Jeevan Mendis to Samuels, 2 runs
Jeevan Mendis to Dwayne Bravo, 1 run
Dananjaya to Samuels, no run
Dananjaya to Samuels, no run
Dananjaya to Samuels, no run
Dananjaya to Dwayne Bravo, 1 run
Dananjaya to Samuels, 1 run
Dananjaya to Dwayne Bravo, 1 run
Angelo Mathews to Samuels, no run
Angelo Mathews to Samuels, 2 runs
Angelo Mathews to Samuels, 2 runs
Angelo Mathews to Dwayne Bravo, 1 run
Angelo Mathews to Dwayne Bravo, 1 wide
Angelo Mathews to Samuels, 1 run
Angelo Mathews to Samuels, no run
Mendis to Samuels, 1 run
Mendis to Samuels, 2 runs
Mendis to Samuels, no run
Mendis to Samuels, no run
Mendis to Samuels, no run
Mendis to Dwayne Bravo, 1 run
Angelo Mathews to Samuels, no run
Angelo Mathews to Dwayne Bravo, 1 run
Angelo Mathews to Samuels, 1 run
Angelo Mathews to Samuels, no run
Angelo Mathews to Dwayne Bravo, 1 leg bye
Angelo Mathews to Samuels, 1 run
Mendis to Dwayne Bravo, no run
Mendis to Gayle, OUT
Mendis to Gayle, no run
Mendis to Gayle, no run
Mendis to Gayle, 1 wide
Mendis to Samuels, 1 run
Mendis to Samuels, no run
Malinga to Gayle, no run
Malinga to Samuels, 1 run
Malinga to Gayle, 1 run
Malinga to Gayle, no run
Malinga to Samuels, 1 run
Malinga to Gayle, 1 run
Kulasekara to Samuels, no run
Kulasekara to Gayle, 1 run
Kulasekara to Gayle, no run
Kulasekara to Samuels, 1 run
Kulasekara to Samuels, no run
Kulasekara to Samuels, FOUR runs
Angelo Mathews to Gayle, no run
Angelo Mathews to Samuels, 1 run
Angelo Mathews to Samuels, no run
Angelo Mathews to Samuels, no run
Angelo Mathews to Samuels, no run
Angelo Mathews to Samuels, no run
Kulasekara to Gayle, no run
Kulasekara to Gayle, no run
Kulasekara to Gayle, no run
Kulasekara to Gayle, 1 wide
Kulasekara to Gayle, no run
Kulasekara to Gayle, no run
Kulasekara to Gayle, no run
Angelo Mathews to Samuels, no run
Angelo Mathews to Charles, OUT
Angelo Mathews to Charles, no run
Angelo Mathews to Charles, no run
Angelo Mathews to Charles, no run
Angelo Mathews to Charles, no run
