Narine to Malinga, OUT
Narine to Malinga, no run
Narine to Malinga, no run
Narine to Malinga, no run
Samuels to Malinga, 1 run
Samuels to Mendis, OUT
Samuels to Malinga, 1 run
Samuels to Mendis, 1 run
Samuels to Malinga, 1 run
Samuels to Malinga, no run
Narine to Malinga, 1 leg bye
Narine to Malinga, no run
Narine to Malinga, no run
Narine to Kulasekara, OUT
Narine to Kulasekara, no run
Narine to Kulasekara, 2 runs
Rampaul to Kulasekara, 1 run
Rampaul to Kulasekara, FOUR runs
Rampaul to Kulasekara, (no ball) FOUR runs
Rampaul to Kulasekara, FOUR runs
Rampaul to Kulasekara, SIX runs
Rampaul to Malinga, 1 run
Rampaul to Kulasekara, 1 run
Sammy to Kulasekara, 1 run
Sammy to Malinga, 1 run
Sammy to Kulasekara, 1 run
Sammy to Thirimanne, OUT
Sammy to Thirimanne, no run
Sammy to Kulasekara, 1 run
Samuels to Thirimanne, 2 runs
Samuels to Thirimanne, no run
Samuels to Kulasekara, 1 run
Samuels to Thirimanne, 1 run
Samuels to Thirimanne, no run
Samuels to Perera, OUT
Narine to Perera, 1 run
Narine to Thirimanne, 1 run
Narine to Perera, 1 run
Narine to Perera, 1 run, OUT
Narine to Perera, no run
Narine to Mahela Jayawardene, OUT
Badree to Mahela Jayawardene, 1 run
Badree to Jeevan Mendis, 1 run
Badree to Mahela Jayawardene, 1 run
Badree to Mahela Jayawardene, 2 runs
Badree to Mahela Jayawardene, 2 runs
Badree to Mahela Jayawardene, no run
Sammy to Jeevan Mendis, no run
Sammy to Jeevan Mendis, 2 runs
Sammy to Angelo Mathews, OUT
Sammy to Angelo Mathews, no run
Sammy to Angelo Mathews, no run
Sammy to Angelo Mathews, no run
Badree to Mahela Jayawardene, no run
Badree to Mahela Jayawardene, 2 runs
Badree to Angelo Mathews, 1 run
Badree to Sangakkara, OUT
Badree to Mahela Jayawardene, 1 run
Badree to Mahela Jayawardene, no run
Gayle to Mahela Jayawardene, 1 run
Gayle to Sangakkara, 1 run
Gayle to Mahela Jayawardene, 1 run
Gayle to Sangakkara, 1 run
Gayle to Sangakkara, FOUR runs
Gayle to Sangakkara, no run
Narine to Mahela Jayawardene, no run
Narine to Sangakkara, 1 run
Narine to Mahela Jayawardene, 1 run
Narine to Sangakkara, 1 run
Narine to Sangakkara, no run
Narine to Sangakkara, no run
Gayle to Sangakkara, 1 run
Gayle to Sangakkara, 2 runs
Gayle to Sangakkara, no run
Gayle to Mahela Jayawardene, 1 run
Gayle to Sangakkara, 1 run
Gayle to Mahela Jayawardene, 1 run
Rampaul to Mahela Jayawardene, 1 run
Rampaul to Sangakkara, 1 run
Rampaul to Sangakkara, no run
Rampaul to Mahela Jayawardene, 1 run
Rampaul to Sangakkara, 1 run
Rampaul to Sangakkara, no run
Samuels to Mahela Jayawardene, no run
Samuels to Sangakkara, 1 run
Samuels to Sangakkara, no run
Samuels to Mahela Jayawardene, 1 run
Samuels to Mahela Jayawardene, no run
Samuels to Sangakkara, 1 run
Badree to Mahela Jayawardene, 2 runs
Badree to Mahela Jayawardene, no run
Badree to Mahela Jayawardene, 2 runs
Badree to Mahela Jayawardene, no run
Badree to Mahela Jayawardene, no run
Badree to Mahela Jayawardene, FOUR runs
Samuels to Sangakkara, no run
Samuels to Sangakkara, no run
Samuels to Mahela Jayawardene, 1 run
Samuels to Mahela Jayawardene, 2 runs
Samuels to Mahela Jayawardene, no run
Samuels to Sangakkara, 1 run
Rampaul to Mahela Jayawardene, no run
Rampaul to Mahela Jayawardene, no run
Rampaul to Sangakkara, 1 run
Rampaul to Sangakkara, FOUR runs
Rampaul to Sangakkara, no run
Rampaul to Dilshan, OUT
Badree to Mahela Jayawardene, no run
Badree to Mahela Jayawardene, FOUR runs
Badree to Dilshan, 1 leg bye
Badree to Dilshan, no run
Badree to Mahela Jayawardene, 1 run
Badree to Mahela Jayawardene, no run
