Gillespie to Kemp, SIX runs
Bond to Pollock, 2 runs
Bond to Kemp, 1 run
Bond to Pollock, 1 run
Bond to Kemp, 1 run
Bond to Kemp, 1 wide
Bond to Kemp, FOUR runs
Bond to Kemp, no run
Vettori to Kemp, 1 leg bye
Vettori to Kemp, SIX runs
Vettori to Kemp, no run
Vettori to Pollock, 1 run
Vettori to Kemp, 1 run
Vettori to Pollock, 1 run
Oram to Kemp, SIX runs
Oram to Pollock, 1 run
Oram to Pollock, SIX runs
Oram to Kemp, 1 run
Oram to Kemp, FOUR runs
Oram to Pollock, 1 run
Gillespie to Pollock, 1 run
Gillespie to Pollock, 2 runs
Gillespie to Pollock, no run
Gillespie to Pollock, no run
Gillespie to Boucher, OUT
Gillespie to Boucher, no run
Martin to Kemp, SIX runs
Martin to Boucher, 1 run
Martin to Boucher, FOUR runs
Martin to Kemp, 1 run
Martin to Kemp, FOUR runs
Martin to Kemp, no run
Vettori to Boucher, no run
Vettori to Kemp, 1 run
Vettori to Kemp, no run
Vettori to Kemp, no run
Vettori to Boucher, 1 run
Vettori to Kemp, 1 run
Oram to Kemp, 1 run
Oram to Kemp, FOUR runs
Oram to Boucher, 1 run
Oram to Boucher, 2 runs
Oram to Kemp, 1 run
Oram to Boucher, (no ball) 1 run
Oram to Kemp, 1 run
Vettori to Kemp, 1 run
Vettori to Kemp, no run
Vettori to Kemp, FOUR runs
Vettori to Boucher, 1 run
Vettori to Kemp, 1 run
Vettori to Boucher, 1 run
Martin to Boucher, 1 run
Martin to Boucher, FOUR runs
Martin to Boucher, no run
Martin to Kemp, 1 run
Martin to Boucher, 1 run
Martin to Kemp, 1 run
Vettori to Kemp, 1 run
Vettori to Boucher, 1 run
Vettori to Boucher, no run
Vettori to Kemp, 1 run
Vettori to Boucher, 1 run
Vettori to Kemp, 1 run
Oram to Boucher, no run
Oram to Kemp, 1 run
Oram to Boucher, 1 run
Oram to Kemp, 1 run
Oram to Boucher, 1 run
Oram to Kemp, 1 run
Martin to Kemp, 1 run
Martin to Kemp, no run
Martin to Kemp, SIX runs
Martin to Boucher, 1 run
Martin to Boucher, no run
Martin to Gibbs, OUT
Oram to Kemp, no run
Oram to Kemp, 2 runs
Oram to Kemp, FOUR runs
Oram to Kemp, SIX runs
Oram to Kemp, no run
Oram to Kemp, 2 runs
Martin to Gibbs, no run
Martin to Gibbs, (no ball) FOUR runs
Martin to Gibbs, no run
Martin to Kemp, 3 runs
Martin to Kemp, no run
Martin to Kemp, no run
Martin to Kemp, no run
Bond to Gibbs, no run
Bond to Gibbs, FOUR runs
Bond to Gibbs, no run
Bond to Kemp, 1 run
Bond to Kemp, no run
Bond to Gibbs, 1 run
Gillespie to Kemp, no run
Gillespie to Kemp, no run
Gillespie to Kemp, no run
Gillespie to Kemp, no run
Gillespie to Kemp, no run
Gillespie to de Villiers, OUT
Bond to Gibbs, no run
Bond to de Villiers, 1 run
Bond to de Villiers, no run
Bond to de Villiers, no run
Bond to de Villiers, no run
Bond to de Villiers, 1 wide
Bond to de Villiers, 1 wide
Bond to Smith, OUT
Gillespie to Gibbs, no run
Gillespie to Gibbs, (no ball)
Gillespie to Gibbs, no run
Gillespie to Gibbs, no run
Gillespie to Gibbs, no run
Gillespie to Smith, 1 run
Gillespie to Smith, no run
Bond to Gibbs, FOUR runs
Bond to Gibbs, 1 wide
Bond to Gibbs, no run
Bond to Gibbs, FOUR runs
Bond to Gibbs, 2 runs
Bond to Gibbs, no run
Bond to Smith, 1 run
