JJ van der Wath to Gillespie, 1 run
JJ van der Wath to Gillespie, no run
JJ van der Wath to Gillespie, 1 wide
JJ van der Wath to McMillan, 1 run
JJ van der Wath to McMillan, SIX runs
JJ van der Wath to Gillespie, 1 run
JJ van der Wath to McMillan, 1 run
Morkel to McMillan, 1 run
Morkel to Gillespie, 1 run
Morkel to Gillespie, (no ball)
Morkel to Gillespie, no run
Morkel to Gillespie, no run
Morkel to Bond, OUT
Morkel to McMillan, 1 run
JJ van der Wath to McMillan, 1 run
JJ van der Wath to Vettori, OUT
JJ van der Wath to McMillan, 1 run
JJ van der Wath to McMillan, 2 runs
JJ van der Wath to Vettori, 1 run
JJ van der Wath to McMillan, 1 run
Morkel to Vettori, no run
Morkel to McCullum, 1 run, OUT
Morkel to McCullum, no run
Morkel to McCullum, no run
Morkel to McCullum, no run
Morkel to Oram, OUT
Pollock to Oram, 1 run
Pollock to McMillan, 1 run
Pollock to McMillan, FOUR runs
Pollock to Oram, 1 run
Pollock to McMillan, 1 run
Pollock to McMillan, 1 wide
Pollock to Oram, 1 run
Morkel to McMillan, SIX runs
Morkel to McMillan, FOUR runs
Morkel to McMillan, (no ball) SIX runs
Morkel to Oram, 1 run
Morkel to Oram, FOUR runs
Morkel to McMillan, 1 run
Morkel to Oram, 1 run
Nel to McMillan, no run
Nel to Oram, 1 run
Nel to Oram, no run
Nel to Oram, no run
Nel to Oram, FOUR runs
Nel to Oram, no run
Morkel to Oram, 1 run
Morkel to Oram, no run
Morkel to Oram, no run
Morkel to McMillan, 1 run
Morkel to McMillan, no run
Morkel to Styris, OUT
Philander to Styris, 1 run
Philander to McMillan, 1 run
Philander to McMillan, no run
Philander to McMillan, SIX runs
Philander to Styris, 1 run
Philander to McMillan, 1 run
Morkel to Styris, 2 runs
Morkel to Styris, no run
Morkel to Styris, no run
Morkel to McMillan, 1 run
Morkel to McMillan, no run
Morkel to Styris, 1 run
JJ van der Wath to Vincent, OUT
JJ van der Wath to Vincent, FOUR runs
JJ van der Wath to Styris, 1 run
JJ van der Wath to Styris, no run
JJ van der Wath to Vincent, 1 run
JJ van der Wath to Vincent, no run
Morkel to Taylor, OUT
Morkel to Vincent, 1 run
Morkel to Taylor, 1 run
Morkel to Taylor, no run
Morkel to McCullum, OUT
Morkel to Vincent, 1 run
JJ van der Wath to McCullum, no run
JJ van der Wath to Vincent, 1 run
JJ van der Wath to Vincent, 1 wide
JJ van der Wath to Vincent, 2 runs
JJ van der Wath to McCullum, 1 run
JJ van der Wath to Vincent, 1 run
JJ van der Wath to McCullum, 1 run
JJ van der Wath to McCullum, 1 wide
Morkel to Vincent, 2 runs
Morkel to McCullum, 1 run
Morkel to McCullum, FOUR runs
Morkel to McCullum, no run
Morkel to McCullum, 2 runs
Morkel to McCullum, no run
Nel to Vincent, no run
Nel to Vincent, no run
Nel to Vincent, FOUR runs
Nel to Vincent, 2 runs
Nel to McCullum, 1 run
Nel to Vincent, 1 run
Pollock to Vincent, 1 run
Pollock to Vincent, 1 wide
Pollock to Vincent, FOUR runs
Pollock to Vincent, no run
Pollock to McCullum, 1 run
Pollock to McCullum, FOUR runs
Pollock to McCullum, SIX runs
Nel to Vincent, no run
Nel to Vincent, FOUR runs
Nel to Vincent, no run
Nel to Vincent, no run
Nel to McCullum, 1 run
Nel to Vincent, 1 run
Pollock to Vincent, 1 run
Pollock to McCullum, 1 run
Pollock to McCullum, SIX runs
Pollock to McCullum, FOUR runs
Pollock to McCullum, no run
Pollock to McCullum, no run
Nel to Vincent, no run
Nel to McCullum, 1 run
Nel to McCullum, no run
Nel to McCullum, 2 runs
Nel to Vincent, 1 leg bye
Nel to McCullum, 1 run
Pollock to McCullum, 1 run
Pollock to McCullum, no run
Pollock to McCullum, no run
Pollock to Vincent, 1 run
Pollock to Vincent, no run
Pollock to Vincent, no run
