Noffke to Patel, OUT
Noffke to Patel, no run
Noffke to Patel, FOUR runs
Symonds to Oram, SIX runs
Symonds to Oram, no run
Symonds to Oram, 4 leg byes
Symonds to Oram, SIX runs
Symonds to Oram, 2 runs
Symonds to Oram, SIX runs
Noffke to Patel, no run
Noffke to Patel, no run
Noffke to Patel, no run
Noffke to Patel, no run
Noffke to Patel, no run
Noffke to Gillespie, OUT
Symonds to Oram, SIX runs
Symonds to Oram, SIX runs
Symonds to Oram, FOUR runs
Symonds to Gillespie, 1 run
Symonds to Oram, 1 run
Symonds to Gillespie, 1 run
Tait to Oram, SIX runs
Tait to Oram, no run
Tait to Oram, no run
Tait to Oram, 2 runs
Tait to Gillespie, 1 run
Tait to Gillespie, no run
Noffke to Oram, FOUR runs
Noffke to Gillespie, 1 run
Noffke to Gillespie, 1 wide
Noffke to Oram, 1 run
Noffke to Oram, no run
Noffke to Mills, OUT
Noffke to Mills, FOUR runs
Lee to Mills, 1 leg bye
Lee to Mills, no run
Lee to Mills, no run
Lee to Mills, no run
Lee to Oram, 1 run
Lee to Oram, FOUR runs
Noffke to Mills, no run
Noffke to Mills, no run
Noffke to Vettori, OUT
Noffke to Vettori, 2 runs
Noffke to Oram, 1 run
Noffke to Oram, no run
Tait to Vettori, no run
Tait to Oram, 1 run
Tait to Oram, no run
Tait to Vettori, 1 run
Tait to Oram, 1 run
Tait to Oram, FOUR runs
Johnson to Styris, OUT
Johnson to Styris, FOUR runs
Johnson to Styris, no run
Johnson to Styris, 1 wide
Johnson to Styris, FOUR runs
Johnson to Styris, FOUR runs
Johnson to Styris, no run
Tait to Oram, no run
Tait to Oram, no run
Tait to Oram, no run
Tait to Oram, FOUR runs
Tait to Oram, no run
Tait to Styris, 1 run
Johnson to Oram, no run
Johnson to Sinclair, OUT
Johnson to Styris, 1 run
Johnson to Styris, no run
Johnson to Styris, no run
Johnson to Styris, no run
Tait to Sinclair, no run
Tait to Sinclair, no run
Tait to Sinclair, no run
Tait to Taylor, OUT
Tait to Taylor, 1 wide
Tait to Taylor, no run
Tait to How, OUT
Johnson to Styris, no run
Johnson to Styris, no run
Johnson to Styris, FOUR runs
Johnson to How, 1 run
Johnson to How, no run
Johnson to How, no run
Lee to Styris, no run
Lee to How, 1 run
Lee to How, no run
Lee to How, 1 wide
Lee to How, (no ball)
Lee to McCullum, OUT
Lee to McCullum, no run
Lee to McCullum, no run
Bracken to How, no run
Bracken to McCullum, 2 runs
Bracken to McCullum, no run
Bracken to How, 1 run
Bracken to How, no run
Bracken to How, no run
Lee to McCullum, SIX runs
Lee to McCullum, 4 byes
Lee to McCullum, no run
Lee to How, 1 run
Lee to How, no run
Lee to McCullum, 1 run
Bracken to How, no run
Bracken to McCullum, 1 run
Bracken to McCullum, 2 runs
Bracken to McCullum, no run
Bracken to McCullum, 1 wide
Bracken to McCullum, no run
Bracken to McCullum, 1 wide
Bracken to McCullum, no run
Lee to How, no run
Lee to How, no run
Lee to How, no run
Lee to How, no run
Lee to McCullum, 1 run
Lee to Vincent, OUT
