Gillespie to Lee, no run
Gillespie to Symonds, (no ball) 1 run
Gillespie to Symonds, 1 run, OUT
Gillespie to Pomersbach, OUT
Gillespie to Pomersbach, 2 runs
Gillespie to Symonds, 1 run
Gillespie to Symonds, 2 runs
Mills to Pomersbach, FOUR runs
Mills to Symonds, 1 run
Mills to Pomersbach, 1 run
Mills to Symonds, 1 run
Mills to Symonds, no run
Mills to Symonds, 2 runs
Gillespie to Pomersbach, SIX runs
Gillespie to Symonds, 1 run
Gillespie to Symonds, 2 runs
Gillespie to Symonds, FOUR runs
Gillespie to Symonds, 2 runs
Gillespie to Pomersbach, 1 run
Patel to Pomersbach, 1 run
Patel to Symonds, 1 run
Patel to Voges, OUT
Patel to Voges, FOUR runs
Patel to Symonds, 1 run
Patel to Symonds, SIX runs
Vettori to Symonds, 1 run
Vettori to Voges, 1 run
Vettori to Voges, 2 runs
Vettori to Symonds, 1 run
Vettori to Symonds, 2 runs
Vettori to Symonds, 2 runs
Patel to Symonds, 1 run
Patel to Symonds, SIX runs
Patel to Symonds, FOUR runs
Patel to Voges, 1 run
Patel to Voges, no run
Patel to Voges, no run
Styris to Symonds, FOUR runs
Styris to Symonds, 2 runs
Styris to Symonds, no run
Styris to Voges, 1 run
Styris to Symonds, 1 run
Styris to Symonds, SIX runs
Oram to Symonds, 1 run
Oram to Symonds, FOUR runs
Oram to Voges, 1 run
Oram to Symonds, 1 run
Oram to Symonds, FOUR runs
Oram to Symonds, FOUR runs
Vettori to Voges, 2 runs
Vettori to Symonds, 1 run
Vettori to Voges, 1 run
Vettori to Voges, no run
Vettori to Voges, 2 runs
Vettori to Symonds, 1 leg bye
Oram to Voges, FOUR runs
Oram to Voges, 2 runs
Oram to Voges, FOUR runs
Oram to Voges, no run
Oram to Voges, no run
Oram to Voges, no run
Vettori to Voges, 1 run
Vettori to Symonds, 1 run
Vettori to Clarke, OUT
Vettori to Clarke, 2 runs
Vettori to Symonds, 1 run
Vettori to Symonds, no run
Patel to Symonds, 1 run
Patel to Symonds, 2 runs
Patel to Symonds, no run
Patel to Symonds, no run
Patel to Symonds, FOUR runs
Patel to Clarke, 1 run
Vettori to Clarke, 1 run
Vettori to Symonds, 1 leg bye
Vettori to Symonds, 2 runs
Vettori to Symonds, no run
Vettori to Clarke, 1 run
Vettori to Clarke, no run
Patel to Clarke, 1 run
Patel to Symonds, 3 runs
Patel to Hussey, OUT
Patel to Clarke, 1 run
Patel to Clarke, no run
Patel to Clarke, 2 runs
Oram to Clarke, 1 run
Oram to Hussey, 1 run
Oram to Hussey, FOUR runs
Oram to Hussey, no run
Oram to Clarke, 1 run
Oram to Clarke, no run
Mills to Hussey, 2 runs
Mills to Hussey, FOUR runs
Mills to Hussey, FOUR runs
Mills to Clarke, 1 run
Mills to Clarke, FOUR runs
Mills to Clarke, 1 wide
Mills to Clarke, no run
Gillespie to Hussey, FOUR runs
Gillespie to Clarke, 1 run
Gillespie to Clarke, FOUR runs
Gillespie to Clarke, SIX runs
Gillespie to Clarke, no run
Gillespie to Clarke, no run
Mills to Hussey, no run
Mills to Hussey, no run
Mills to Hussey, 2 runs
Mills to Clarke, 1 run
Mills to Hussey, 1 run
Mills to Clarke, 1 run
Gillespie to Hussey, no run
Gillespie to Hussey, no run
Gillespie to Hussey, no run
Gillespie to Hussey, no run
Gillespie to Gilchrist, OUT
Gillespie to Gilchrist, no run
Mills to Clarke, no run
Mills to Clarke, no run
Mills to Clarke, FOUR runs
Mills to Gilchrist, 1 run
Mills to Gilchrist, no run
Mills to Gilchrist, no run
