Kulasekara to Umar Akmal, no run
Kulasekara to Umar Akmal, FOUR runs
Kulasekara to Umar Gul, 1 run
Kulasekara to Umar Akmal, 1 run
Kulasekara to Umar Akmal, no run
Kulasekara to Umar Akmal, no run
Malinga to Umar Akmal, 1 run
Malinga to Umar Gul, 1 run
Malinga to Umar Gul, no run
Malinga to Umar Gul, 1 wide
Malinga to Umar Gul, no run
Malinga to Umar Akmal, 1 run
Malinga to Umar Akmal, no run
Mendis to Umar Gul, no run
Mendis to Umar Gul, no run
Mendis to Tanvir, OUT
Mendis to Umar Akmal, 1 run
Mendis to Umar Akmal, 2 runs
Mendis to Umar Akmal, 2 runs
Malinga to Umar Akmal, 1 run
Malinga to Umar Akmal, 1 wide
Malinga to Tanvir, 1 run
Malinga to Tanvir, no run
Malinga to Tanvir, no run
Malinga to Tanvir, no run
Malinga to Tanvir, FOUR runs
Angelo Mathews to Tanvir, 1 run
Angelo Mathews to Umar Akmal, 1 run
Angelo Mathews to Umar Akmal, FOUR runs
Angelo Mathews to Umar Akmal, 2 runs
Angelo Mathews to Tanvir, 1 run
Angelo Mathews to Tanvir, no run
Herath to Tanvir, 1 run
Herath to Tanvir, no run
Herath to Tanvir, no run
Herath to Tanvir, no run
Herath to Afridi, OUT
Herath to Hafeez, OUT
Mendis to Umar Akmal, no run
Mendis to Umar Akmal, 2 runs
Mendis to Hafeez, 1 run
Mendis to Umar Akmal, 1 run
Mendis to Umar Akmal, FOUR runs
Mendis to Umar Akmal, no run
Herath to Hafeez, no run
Herath to Umar Akmal, 1 run
Herath to Hafeez, 1 run
Herath to Hafeez, SIX runs
Herath to Hafeez, no run
Herath to Hafeez, FOUR runs
Angelo Mathews to Hafeez, 1 run
Angelo Mathews to Hafeez, no run
Angelo Mathews to Hafeez, FOUR runs
Angelo Mathews to Umar Akmal, 1 run
Angelo Mathews to Hafeez, 1 run
Angelo Mathews to Hafeez, no run
Herath to Malik, OUT
Herath to Malik, 2 runs
Herath to Malik, no run
Herath to Malik, 2 runs
Herath to Hafeez, 1 run
Herath to Malik, 1 run
Angelo Mathews to Malik, 1 run
Angelo Mathews to Malik, no run
Angelo Mathews to Kamran, OUT
Angelo Mathews to Hafeez, 1 run
Angelo Mathews to Kamran, 1 run
Angelo Mathews to Jamshed, OUT
Herath to Hafeez, 2 runs
Herath to Hafeez, 2 runs
Herath to Jamshed, 1 run
Herath to Jamshed, no run
Herath to Hafeez, 1 run
Herath to Jamshed, 1 leg bye
Mendis to Hafeez, FOUR runs
Mendis to Jamshed, 1 run
Mendis to Hafeez, 3 runs
Mendis to Hafeez, no run
Mendis to Jamshed, 1 run
Mendis to Jamshed, no run
Perera to Jamshed, 1 run
Perera to Hafeez, 1 run
Perera to Hafeez, no run
Perera to Hafeez, no run
Perera to Hafeez, 2 runs
Perera to Hafeez, FOUR runs
Mendis to Imran Nazir, OUT
Mendis to Imran Nazir, FOUR runs
Mendis to Hafeez, 1 run
Mendis to Hafeez, no run
Mendis to Hafeez, no run
Mendis to Hafeez, no run
Malinga to Imran Nazir, no run
Malinga to Hafeez, 1 leg bye
Malinga to Hafeez, no run
Malinga to Hafeez, no run
Malinga to Hafeez, no run
Malinga to Imran Nazir, 1 run
Kulasekara to Hafeez, no run
Kulasekara to Hafeez, no run
Kulasekara to Imran Nazir, 1 run
Kulasekara to Hafeez, 1 run
Kulasekara to Hafeez, no run
Kulasekara to Hafeez, no run
Malinga to Imran Nazir, no run
Malinga to Imran Nazir, no run
Malinga to Imran Nazir, no run
Malinga to Imran Nazir, no run
Malinga to Imran Nazir, 2 runs
Malinga to Imran Nazir, 5 wide
Malinga to Imran Nazir, no run
Kulasekara to Imran Nazir, 1 run
Kulasekara to Imran Nazir, no run
Kulasekara to Imran Nazir, FOUR runs
Kulasekara to Imran Nazir, 1 wide
Kulasekara to Imran Nazir, 1 wide
Kulasekara to Imran Nazir, no run
Kulasekara to Imran Nazir, no run
Kulasekara to Imran Nazir, no run
Angelo Mathews to Imran Nazir, 1 run
Angelo Mathews to Imran Nazir, FOUR runs
Angelo Mathews to Imran Nazir, no run
Angelo Mathews to Imran Nazir, 2 runs
Angelo Mathews to Hafeez, 1 run
Angelo Mathews to Hafeez, no run
