Umar Gul to Angelo Mathews, 2 runs
Umar Gul to Perera, 1 run
Umar Gul to Perera, FOUR runs
Umar Gul to Perera, FOUR runs
Umar Gul to Angelo Mathews, 1 run
Umar Gul to Angelo Mathews, FOUR runs
Ajmal to Angelo Mathews, 1 run
Ajmal to Perera, 1 run
Ajmal to Perera, no run
Ajmal to Angelo Mathews, 1 run
Ajmal to Perera, 1 run
Ajmal to Angelo Mathews, 1 run
Ajmal to Jeevan Mendis, 1 wide, OUT
Umar Gul to Perera, no run
Umar Gul to Dilshan, OUT
Umar Gul to Jeevan Mendis, 1 run
Umar Gul to Jeevan Mendis, (no ball)
Umar Gul to Jeevan Mendis, no run
Umar Gul to Dilshan, 1 run
Umar Gul to Dilshan, no run
Ajmal to Jeevan Mendis, no run
Ajmal to Jeevan Mendis, no run
Ajmal to Dilshan, 1 run
Ajmal to Dilshan, FOUR runs
Ajmal to Jeevan Mendis, 1 run
Ajmal to Dilshan, 1 run
Umar Gul to Jeevan Mendis, 2 runs
Umar Gul to Jeevan Mendis, 1 wide
Umar Gul to Jeevan Mendis, 2 runs
Umar Gul to Jeevan Mendis, no run
Umar Gul to Jeevan Mendis, 2 runs
Umar Gul to Jeevan Mendis, no run
Umar Gul to Jeevan Mendis, no run
Hafeez to Jeevan Mendis, 1 run
Hafeez to Jeevan Mendis, no run
Hafeez to Jeevan Mendis, no run
Hafeez to Jeevan Mendis, FOUR runs
Hafeez to Dilshan, 1 run
Hafeez to Jeevan Mendis, 1 run
Afridi to Dilshan, 2 runs
Afridi to Dilshan, no run
Afridi to Dilshan, no run
Afridi to Dilshan, FOUR runs
Afridi to Jeevan Mendis, 1 run
Afridi to Dilshan, 1 run
Hafeez to Dilshan, 1 run
Hafeez to Sangakkara, OUT
Hafeez to Sangakkara, 2 runs
Hafeez to Sangakkara, 1 wide
Hafeez to Sangakkara, no run
Hafeez to Sangakkara, no run
Hafeez to Dilshan, 1 run
Ajmal to Dilshan, 1 run
Ajmal to Sangakkara, 1 run
Ajmal to Sangakkara, FOUR runs
Ajmal to Sangakkara, no run
Ajmal to Sangakkara, 2 runs
Ajmal to Sangakkara, FOUR runs
Afridi to Dilshan, no run
Afridi to Dilshan, no run
Afridi to Sangakkara, 1 run
Afridi to Sangakkara, FOUR runs
Afridi to Mahela Jayawardene, OUT
Afridi to Dilshan, 1 run
Raza Hasan to Mahela Jayawardene, FOUR runs
Raza Hasan to Mahela Jayawardene, no run
Raza Hasan to Mahela Jayawardene, no run
Raza Hasan to Mahela Jayawardene, 2 runs
Raza Hasan to Mahela Jayawardene, 2 runs
Raza Hasan to Dilshan, 1 run
Afridi to Dilshan, 1 run
Afridi to Mahela Jayawardene, 1 bye
Afridi to Mahela Jayawardene, FOUR runs
Afridi to Mahela Jayawardene, no run
Afridi to Dilshan, 1 run
Afridi to Dilshan, 2 runs
Raza Hasan to Dilshan, 1 run
Raza Hasan to Mahela Jayawardene, 1 run
Raza Hasan to Dilshan, 1 run
Raza Hasan to Dilshan, no run
Raza Hasan to Mahela Jayawardene, 1 run
Raza Hasan to Mahela Jayawardene, no run
Afridi to Dilshan, no run
Afridi to Mahela Jayawardene, 1 run
Afridi to Mahela Jayawardene, FOUR runs
Afridi to Mahela Jayawardene, no run
Afridi to Mahela Jayawardene, no run
Afridi to Dilshan, 1 run
Ajmal to Mahela Jayawardene, FOUR runs
Ajmal to Mahela Jayawardene, no run
Ajmal to Mahela Jayawardene, no run
Ajmal to Mahela Jayawardene, no run
Ajmal to Mahela Jayawardene, 2 byes
Ajmal to Mahela Jayawardene, FOUR runs
Tanvir to Dilshan, 2 runs
Tanvir to Dilshan, no run
Tanvir to Dilshan, no run
Tanvir to Dilshan, 1 wide
Tanvir to Dilshan, no run
Tanvir to Mahela Jayawardene, 1 run
Tanvir to Mahela Jayawardene, no run
Raza Hasan to Mahela Jayawardene, 1 run
Raza Hasan to Mahela Jayawardene, no run
Raza Hasan to Mahela Jayawardene, no run
Raza Hasan to Mahela Jayawardene, FOUR runs
Raza Hasan to Dilshan, 1 run
Raza Hasan to Dilshan, no run
Tanvir to Dilshan, 1 run
Tanvir to Dilshan, no run
Tanvir to Dilshan, no run
Tanvir to Mahela Jayawardene, 1 run
Tanvir to Mahela Jayawardene, no run
Tanvir to Mahela Jayawardene, no run
Raza Hasan to Dilshan, no run
Raza Hasan to Dilshan, no run
Raza Hasan to Dilshan, no run
Raza Hasan to Dilshan, FOUR runs
Raza Hasan to Dilshan, no run
Raza Hasan to Mahela Jayawardene, 3 runs
Tanvir to Dilshan, no run
Tanvir to Dilshan, no run
Tanvir to Mahela Jayawardene, 1 run
Tanvir to Mahela Jayawardene, no run
Tanvir to Mahela Jayawardene, FOUR runs
Tanvir to Mahela Jayawardene, no run
