Mortaza to Kemp, SIX runs
Mortaza to de Villiers, 1 run
Mortaza to de Villiers, 2 runs
Mortaza to Kemp, 1 run
Mortaza to de Villiers, 1 run
Shakib to Kemp, no run
Shakib to Kemp, FOUR runs
Shakib to de Villiers, 1 run
Shakib to de Villiers, FOUR runs
Shakib to Kemp, 1 run
Shakib to de Villiers, 1 run
Razzak to Kemp, no run
Razzak to Kemp, no run
Razzak to de Villiers, 1 run
Razzak to de Villiers, no run
Razzak to de Villiers, no run
Razzak to Morkel, OUT
Shakib to de Villiers, no run
Shakib to de Villiers, no run
Shakib to Morkel, 1 run
Shakib to de Villiers, 1 run
Shakib to Morkel, 1 run
Shakib to de Villiers, 1 run
Razzak to Morkel, 2 runs
Razzak to Morkel, SIX runs
Razzak to Morkel, no run
Razzak to de Villiers, 1 run
Razzak to de Villiers, no run
Razzak to Morkel, 1 run
Shakib to Morkel, 1 run
Shakib to Morkel, no run
Shakib to Smith, OUT
Shakib to Smith, 2 runs
Shakib to Morkel, 1 run
Shakib to Smith, 1 run
Farhad to Morkel, 2 runs
Farhad to Morkel, FOUR runs
Farhad to Smith, 1 run
Farhad to Morkel, 1 run
Farhad to Smith, 1 run
Farhad to Smith, FOUR runs
Shakib to Morkel, SIX runs
Shakib to Smith, 1 run
Shakib to Morkel, 1 run
Shakib to Morkel, no run
Shakib to Morkel, no run
Shakib to Morkel, no run
Syed Rasel to Morkel, 1 run
Syed Rasel to Smith, 1 run
Syed Rasel to Morkel, 1 run
Syed Rasel to Morkel, FOUR runs
Syed Rasel to Morkel, no run
Syed Rasel to Smith, 1 run
Ashraful to Smith, 1 run
Ashraful to Morkel, 1 run
Ashraful to Morkel, no run
Ashraful to Morkel, 1 wide
Ashraful to Morkel, no run
Ashraful to Morkel, 2 runs
Ashraful to Morkel, FOUR runs
Razzak to Morkel, 1 run
Razzak to Morkel, no run
Razzak to Duminy, OUT
Razzak to Duminy, SIX runs
Razzak to Duminy, 2 runs
Razzak to Smith, 1 run
Ashraful to Smith, 1 run
Ashraful to Smith, FOUR runs
Ashraful to Duminy, 1 run
Ashraful to Duminy, no run
Ashraful to Smith, 1 run
Ashraful to Duminy, 1 run
Razzak to Duminy, 1 run
Razzak to Duminy, 2 runs
Razzak to Smith, 1 leg bye
Razzak to Duminy, 1 run
Razzak to Smith, 1 run
Razzak to Smith, no run
Syed Rasel to Duminy, no run
Syed Rasel to Duminy, no run
Syed Rasel to Duminy, FOUR runs
Syed Rasel to Smith, 1 run
Syed Rasel to Duminy, 1 run
Syed Rasel to Duminy, no run
Mortaza to Duminy, 1 run
Mortaza to Duminy, FOUR runs
Mortaza to Duminy, no run
Mortaza to Duminy, 2 runs
Mortaza to Duminy, no run
Mortaza to Smith, 1 run
Syed Rasel to Duminy, FOUR runs
Syed Rasel to Smith, 1 run
Syed Rasel to Smith, FOUR runs
Syed Rasel to Smith, no run
Syed Rasel to Smith, no run
Syed Rasel to Duminy, 1 run
Mortaza to Smith, FOUR runs
Mortaza to Smith, no run
Mortaza to Smith, FOUR runs
Mortaza to Duminy, 1 run
Mortaza to Duminy, no run
Mortaza to Duminy, no run
Syed Rasel to Smith, no run
Syed Rasel to Smith, no run
Syed Rasel to Smith, FOUR runs
Syed Rasel to Smith, no run
Syed Rasel to Smith, no run
Syed Rasel to Smith, no run
Mortaza to Duminy, no run
Mortaza to Duminy, FOUR runs
Mortaza to Duminy, no run
Mortaza to Duminy, no run
Mortaza to Smith, 1 run
Mortaza to Smith, no run
