Pollock to Syed Rasel, OUT
Pollock to Syed Rasel, FOUR runs
Pollock to Syed Rasel, 2 runs
JJ van der Wath to Razzak, 4 leg byes
JJ van der Wath to Razzak, no run
JJ van der Wath to Razzak, no run
JJ van der Wath to Mushfiqur, OUT
JJ van der Wath to Razzak, 1 run
JJ van der Wath to Razzak, no run
Philander to Razzak, 1 run
Philander to Mushfiqur, 1 run
Philander to Mushfiqur, no run
Philander to Mushfiqur, no run
Philander to Farhad, OUT
Philander to Farhad, SIX runs
JJ van der Wath to Mushfiqur, 2 runs
JJ van der Wath to Farhad, 1 run
JJ van der Wath to Farhad, no run
JJ van der Wath to Farhad, no run
JJ van der Wath to Mushfiqur, 1 run
JJ van der Wath to Farhad, 1 run
Morkel to Farhad, 1 run
Morkel to Farhad, no run
Morkel to Farhad, no run
Morkel to Kapali, OUT
Morkel to Kapali, no run
Morkel to Kapali, no run
Pollock to Kapali, 1 run
Pollock to Farhad, 1 run
Pollock to Farhad, SIX runs
Pollock to Kapali, 1 run
Pollock to Farhad, 1 run
Pollock to Kapali, 1 run
Morkel to Farhad, no run
Morkel to Kapali, 1 run
Morkel to Kapali, 1 wide
Morkel to Farhad, 1 run
Morkel to Farhad, no run
Morkel to Farhad, no run
Morkel to Kapali, 1 run
Philander to Farhad, no run
Philander to Farhad, no run
Philander to Farhad, no run
Philander to Farhad, no run
Philander to Kapali, 1 run
Philander to Kapali, no run
Morkel to Kapali, 1 run
Morkel to Kapali, no run
Morkel to Kapali, no run
Morkel to Kapali, no run
Morkel to Kapali, no run
Morkel to Farhad, 1 run
Philander to Kapali, no run
Philander to Kapali, no run
Philander to Mortaza, OUT
Philander to Kapali, 1 run
Philander to Kapali, 4 leg byes
Philander to Kapali, no run
Morkel to Mortaza, no run
Morkel to Kapali, 1 run
Morkel to Kapali, 1 wide
Morkel to Kapali, 2 leg byes
Morkel to Kapali, (no ball)
Morkel to Kapali, no run
Morkel to Kapali, no run
Morkel to Kapali, no run
Philander to Mortaza, SIX runs
Philander to Mortaza, SIX runs
Philander to Mortaza, no run
Philander to Kapali, 1 run
Philander to Kapali, no run
Philander to Kapali, no run
JJ van der Wath to Mortaza, no run
JJ van der Wath to Mortaza, no run
JJ van der Wath to Mortaza, no run
JJ van der Wath to Kapali, 1 run
JJ van der Wath to Shakib, OUT
JJ van der Wath to Shakib, no run
JJ van der Wath to Shakib, 1 wide
Morkel to Shakib, 1 run
Morkel to Kapali, 1 run
Morkel to Shakib, 1 run
Morkel to Shakib, FOUR runs
Morkel to Shakib, FOUR runs
Morkel to Shakib, no run
JJ van der Wath to Shakib, 1 run
JJ van der Wath to Kapali, 1 run
JJ van der Wath to Kapali, no run
JJ van der Wath to Shakib, 1 run
JJ van der Wath to Shakib, no run
JJ van der Wath to Shakib, 2 runs
Morkel to Kapali, no run
Morkel to Shakib, 1 run
Morkel to Shakib, no run
Morkel to Kapali, 1 run
Morkel to Aftab, OUT
Morkel to Aftab, FOUR runs
Ntini to Shakib, FOUR runs
Ntini to Aftab, 1 run
Ntini to Aftab, FOUR runs
Ntini to Aftab, no run
Ntini to Aftab, 2 runs
Ntini to Aftab, FOUR runs
Pollock to Aftab, 1 run
Pollock to Aftab, FOUR runs
Pollock to Ashraful, OUT
Pollock to Ashraful, FOUR runs
Pollock to Ashraful, SIX runs
Pollock to Tamim, OUT
Ntini to Aftab, FOUR runs
Ntini to Aftab, SIX runs
Ntini to Aftab, SIX runs
Ntini to Aftab, no run
Ntini to Aftab, no run
Ntini to Nazimuddin, OUT
Pollock to Tamim, no run
Pollock to Tamim, no run
Pollock to Tamim, FOUR runs
Pollock to Tamim, no run
Pollock to Tamim, no run
Pollock to Tamim, FOUR runs
