Joginder Sharma to Misbah, OUT
Joginder Sharma to Misbah, SIX runs
Joginder Sharma to Misbah, no run
Joginder Sharma to Misbah, 1 wide
Singh to Mohammad Asif, FOUR runs
Singh to Umar Gul, OUT
Singh to Misbah, 1 leg bye
Singh to Misbah, no run
Singh to Umar Gul, 1 bye
Singh to Misbah, 1 run
Sreesanth to Tanvir, OUT
Sreesanth to Tanvir, SIX runs
Sreesanth to Misbah, 1 run
Sreesanth to Misbah, no run
Sreesanth to Tanvir, 1 leg bye
Sreesanth to Tanvir, 1 wide
Sreesanth to Tanvir, SIX runs
Harbhajan to Misbah, SIX runs
Harbhajan to Misbah, SIX runs
Harbhajan to Misbah, no run
Harbhajan to Misbah, no run
Harbhajan to Misbah, SIX runs
Harbhajan to Misbah, no run
Harbhajan to Misbah, 1 wide
Pathan to Arafat, OUT
Pathan to Arafat, no run
Pathan to Arafat, FOUR runs
Pathan to Misbah, 1 run
Pathan to Misbah, no run
Pathan to Misbah, no run
Harbhajan to Arafat, 2 runs
Harbhajan to Misbah, 1 run
Harbhajan to Misbah, no run
Harbhajan to Arafat, 1 run
Harbhajan to Misbah, 1 run
Harbhajan to Misbah, 2 runs
Pathan to Misbah, 1 run
Pathan to Arafat, 1 run
Pathan to Arafat, no run
Pathan to Misbah, 1 run
Pathan to Misbah, no run
Pathan to Arafat, 1 run
Harbhajan to Arafat, 1 run
Harbhajan to Arafat, FOUR runs
Harbhajan to Misbah, 1 run
Harbhajan to Arafat, 1 run
Harbhajan to Misbah, 1 run
Harbhajan to Misbah, 2 runs
Pathan to Misbah, 1 run
Pathan to Misbah, no run
Pathan to Afridi, OUT
Pathan to Afridi, 1 wide
Pathan to Malik, OUT
Pathan to Malik, no run
Pathan to Malik, no run
Joginder Sharma to Malik, 1 run
Joginder Sharma to Misbah, 1 run
Joginder Sharma to Misbah, no run
Joginder Sharma to Misbah, 1 wide
Joginder Sharma to Misbah, 2 runs
Joginder Sharma to Malik, 1 run
Joginder Sharma to Malik, no run
Pathan to Malik, 1 run
Pathan to Misbah, 1 run
Pathan to Misbah, no run
Pathan to Malik, 1 run
Pathan to Misbah, 1 run
Pathan to Malik, 1 run
Joginder Sharma to Misbah, no run
Joginder Sharma to Misbah, no run
Joginder Sharma to Misbah, no run
Joginder Sharma to Younis, OUT
Joginder Sharma to Malik, 1 run
Joginder Sharma to Younis, 1 run
Pathan to Malik, no run
Pathan to Younis, 1 run
Pathan to Malik, 1 run
Pathan to Younis, 1 run
Pathan to Malik, 1 run
Pathan to Younis, 1 run
Joginder Sharma to Malik, no run
Joginder Sharma to Malik, no run
Joginder Sharma to Younis, 1 run
Joginder Sharma to Younis, FOUR runs
Joginder Sharma to Younis, no run
Joginder Sharma to Younis, no run
Sreesanth to Malik, no run
Sreesanth to Malik, no run
Sreesanth to Younis, OUT
Sreesanth to Younis, FOUR runs
Sreesanth to Younis, 1 wide
Sreesanth to Younis, FOUR runs
Sreesanth to Younis, no run
Singh to Younis, 1 run
Singh to Younis, FOUR runs
Singh to Imran Nazir, (no ball) 1 run
Singh to Imran Nazir, FOUR runs
Singh to Imran Nazir, no run
Singh to Younis, 1 run
Singh to Imran Nazir, 1 run
Sreesanth to Younis, no run
Sreesanth to Younis, no run
Sreesanth to Younis, no run
Sreesanth to Younis, no run
Sreesanth to Younis, no run
Sreesanth to Younis, no run
Singh to Imran Nazir, FOUR runs
Singh to Younis, 1 run
Singh to Younis, no run
Singh to Kamran, OUT
Singh to Kamran, no run
Singh to Imran Nazir, 1 run
Sreesanth to Imran Nazir, 1 run
Sreesanth to Imran Nazir, FOUR runs
Sreesanth to Imran Nazir, no run
Sreesanth to Imran Nazir, SIX runs
Sreesanth to Imran Nazir, SIX runs
Sreesanth to Imran Nazir, FOUR runs
Singh to Kamran, 2 leg byes
Singh to Hafeez, OUT
Singh to Hafeez, no run
Singh to Imran Nazir, 1 run
Singh to Imran Nazir, no run
Singh to Hafeez, 1 run
