Tanvir to Rohit Sharma, 2 runs
Tanvir to Rohit Sharma, 2 runs
Tanvir to Pathan, 1 run
Tanvir to Rohit Sharma, 1 run
Tanvir to Rohit Sharma, SIX runs
Tanvir to Rohit Sharma, 2 runs
Arafat to Pathan, 2 runs
Arafat to Pathan, no run
Arafat to Rohit Sharma, 1 run
Arafat to Rohit Sharma, 2 runs
Arafat to Rohit Sharma, FOUR runs
Arafat to Rohit Sharma, FOUR runs
Umar Gul to Gambhir, OUT
Umar Gul to Rohit Sharma, 1 run
Umar Gul to Gambhir, 1 run
Umar Gul to Gambhir, SIX runs
Umar Gul to Rohit Sharma, 1 run
Umar Gul to Gambhir, 1 run
Arafat to Gambhir, 1 run
Arafat to Rohit Sharma, 1 run
Arafat to Gambhir, 1 run
Arafat to Gambhir, no run
Arafat to Gambhir, 2 runs
Arafat to Rohit Sharma, 1 run
Umar Gul to Rohit Sharma, 1 run
Umar Gul to Rohit Sharma, no run
Umar Gul to Gambhir, 1 run
Umar Gul to Rohit Sharma, 1 run
Umar Gul to Dhoni, OUT
Umar Gul to Dhoni, no run
Umar Gul to Dhoni, (no ball)
Afridi to Gambhir, no run
Afridi to Dhoni, 1 run
Afridi to Dhoni, no run
Afridi to Dhoni, 2 runs
Afridi to Dhoni, no run
Afridi to Dhoni, 2 runs
Umar Gul to Dhoni, 1 run
Umar Gul to Dhoni, no run
Umar Gul to Gambhir, 1 run
Umar Gul to Yuvraj, OUT
Umar Gul to Gambhir, 1 run
Umar Gul to Gambhir, FOUR runs
Hafeez to Yuvraj, 2 runs
Hafeez to Yuvraj, no run
Hafeez to Gambhir, 1 run
Hafeez to Gambhir, FOUR runs
Hafeez to Yuvraj, 1 run
Hafeez to Gambhir, 1 run
Umar Gul to Gambhir, 1 run
Umar Gul to Gambhir, FOUR runs
Umar Gul to Gambhir, no run
Umar Gul to Gambhir, no run
Umar Gul to Gambhir, no run
Umar Gul to Yuvraj, 1 run
Umar Gul to Yuvraj, 1 wide
Afridi to Gambhir, SIX runs
Afridi to Yuvraj, 1 run
Afridi to Yuvraj, FOUR runs
Afridi to Gambhir, 1 leg bye
Afridi to Yuvraj, 1 run
Afridi to Yuvraj, no run
Hafeez to Gambhir, FOUR runs
Hafeez to Gambhir, no run
Hafeez to Gambhir, 2 runs
Hafeez to Gambhir, FOUR runs
Hafeez to Yuvraj, 1 run
Hafeez to Yuvraj, no run
Afridi to Yuvraj, 1 run
Afridi to Yuvraj, no run
Afridi to Gambhir, 1 run
Afridi to Gambhir, FOUR runs
Afridi to Yuvraj, 1 run
Afridi to Gambhir, 1 run
Hafeez to Yuvraj, no run
Hafeez to Yuvraj, no run
Hafeez to Gambhir, 1 run
Hafeez to Gambhir, no run
Hafeez to Gambhir, FOUR runs
Hafeez to Gambhir, no run
Afridi to Gambhir, 1 run
Afridi to Gambhir, no run
Afridi to Yuvraj, 1 run
Afridi to Gambhir, 1 run
Afridi to Gambhir, no run
Afridi to Gambhir, 2 runs
Tanvir to Yuvraj, no run
Tanvir to Yuvraj, no run
Tanvir to Uthappa, OUT
Tanvir to Uthappa, no run
Tanvir to Uthappa, no run
Tanvir to Gambhir, 1 run
Mohammad Asif to Uthappa, no run
Mohammad Asif to Uthappa, no run
Mohammad Asif to Gambhir, 1 run
Mohammad Asif to Uthappa, 1 run
Mohammad Asif to Uthappa, FOUR runs
Mohammad Asif to Uthappa, no run
Tanvir to Uthappa, 1 run
Tanvir to Uthappa, 1 wide
Tanvir to Gambhir, 1 run
Tanvir to Uthappa, 1 run
Tanvir to Gambhir, 1 run
Tanvir to Uthappa, 1 run
Tanvir to Gambhir, 1 run
Mohammad Asif to Gambhir, 1 run
Mohammad Asif to Gambhir, no run
Mohammad Asif to Pathan, OUT
Mohammad Asif to Pathan, FOUR runs
Mohammad Asif to Gambhir, 1 run
Mohammad Asif to Gambhir, no run
Tanvir to Pathan, no run
Tanvir to Pathan, no run
Tanvir to Gambhir, 1 run
Tanvir to Gambhir, no run
Tanvir to Gambhir, FOUR runs
Tanvir to Gambhir, 1 wide
Tanvir to Pathan, 1 run
Mohammad Asif to Gambhir, no run
Mohammad Asif to Gambhir, 1 wide
Mohammad Asif to Pathan, 3 runs
Mohammad Asif to Pathan, SIX runs
Mohammad Asif to Gambhir, 1 run
Mohammad Asif to Pathan, 1 run
Mohammad Asif to Gambhir, 1 run
