Bopara to Russell, 1 run
Bopara to Russell, 2 runs
Bopara to Russell, FOUR runs
Bopara to Russell, 2 runs
Bopara to Samuels, 1 run
Bopara to Russell, 1 run
Dernbach to Russell, 1 run
Dernbach to Russell, no run
Dernbach to Samuels, 1 run
Dernbach to Russell, 1 run
Dernbach to Samuels, 1 run
Dernbach to Samuels, no run
Bopara to Sammy, OUT
Bopara to Samuels, 1 run
Bopara to Samuels, 2 runs
Bopara to Samuels, FOUR runs
Bopara to Sammy, 1 run
Bopara to Sammy, SIX runs
Dernbach to Samuels, FOUR runs
Dernbach to Samuels, 2 runs
Dernbach to Sammy, 1 run
Dernbach to Sammy, no run
Dernbach to Sammy, 2 runs
Dernbach to Samuels, 1 run
Bopara to Samuels, 1 run
Bopara to Samuels, 2 runs
Bopara to Sammy, 1 run
Bopara to Samuels, 1 run
Bopara to Samuels, no run
Bopara to Sammy, 1 run
Patel to Samuels, FOUR runs
Patel to Samuels, no run
Patel to Barnwell, OUT
Patel to Barnwell, no run
Patel to Barnwell, no run
Patel to Barnwell, 2 runs
Bopara to Samuels, 2 runs
Bopara to Barnwell, 1 run
Bopara to Barnwell, no run
Bopara to Barnwell, no run
Bopara to Barnwell, no run
Bopara to Barnwell, 2 runs
Borthwick to Samuels, no run
Borthwick to Samuels, no run
Borthwick to Samuels, 2 runs
Borthwick to Samuels, no run
Borthwick to Samuels, no run
Borthwick to Barnwell, 1 run
Swann to Barnwell, 1 run
Swann to Barnwell, 2 runs
Swann to Barnwell, no run
Swann to Barnwell, 2 runs
Swann to Samuels, 1 run
Swann to Barnwell, 1 run
Borthwick to Barnwell, 1 run
Borthwick to Samuels, 1 run
Borthwick to Samuels, no run
Borthwick to Barnwell, 1 run
Borthwick to Barnwell, no run
Borthwick to Barnwell, no run
Swann to Samuels, no run
Swann to Samuels, no run
Swann to Samuels, no run
Swann to Samuels, no run
Swann to Barnwell, 1 run
Swann to Barnwell, no run
Borthwick to Barnwell, 1 run
Borthwick to Charles, OUT
Borthwick to Charles, no run
Borthwick to Charles, no run
Borthwick to Charles, 2 runs
Borthwick to Charles, 2 runs
Patel to Charles, 1 run
Patel to Charles, SIX runs
Patel to Charles, no run
Patel to Samuels, 1 run
Patel to Charles, 1 run
Patel to Charles, no run
Borthwick to Charles, 1 run
Borthwick to Samuels, 1 run
Borthwick to Samuels, no run
Borthwick to Charles, 1 run
Borthwick to Charles, no run
Borthwick to Samuels, 1 run
Patel to Charles, no run
Patel to Charles, no run
Patel to Samuels, 1 run
Patel to Samuels, no run
Patel to Bascombe, OUT
Patel to Bascombe, no run
Bresnan to Charles, no run
Bresnan to Charles, no run
Bresnan to Bascombe, 1 run
Bresnan to Bascombe, 2 runs
Bresnan to Bascombe, 1 wide
Bresnan to Bascombe, no run
Bresnan to Bascombe, no run
Dernbach to Charles, no run
Dernbach to Bascombe, 1 leg bye
Dernbach to Bascombe, 1 wide
Dernbach to Smith, OUT
Dernbach to Smith, no run
Dernbach to Smith, FOUR runs
Dernbach to Smith, no run
Bresnan to Charles, no run
Bresnan to Charles, no run
Bresnan to Smith, 1 run
Bresnan to Smith, no run
Bresnan to Charles, 1 run
Bresnan to Charles, FOUR runs
Patel to Smith, no run
Patel to Smith, no run
Patel to Charles, 1 run
Patel to Charles, no run
Patel to Smith, 1 run
Patel to Smith, FOUR runs
Bresnan to Smith, 1 run
Bresnan to Smith, no run
Bresnan to Charles, 1 run
Bresnan to Charles, no run
Bresnan to Charles, no run
Bresnan to Charles, no run
