Bishoo to Dernbach, 1 run, OUT
Bishoo to Dernbach, no run
Bishoo to Dernbach, 2 runs
Bishoo to Dernbach, no run
Sammy to Swann, OUT
Sammy to Swann, no run
Sammy to Borthwick, 1 run
Sammy to Borthwick, no run
Sammy to Borthwick, no run
Sammy to Borthwick, no run
Smith to Borthwick, 1 run
Smith to Borthwick, OUT
Smith to Buttler, 1 run
Smith to Borthwick, 1 run
Smith to Borthwick, no run
Smith to Borthwick, FOUR runs
Russell to Buttler, 2 runs
Russell to Buttler, 2 runs
Russell to Buttler, FOUR runs
Russell to Buttler, no run
Russell to Buttler, 1 wide
Russell to Borthwick, 1 run
Russell to Borthwick, no run
Smith to Borthwick, 1 run
Smith to Borthwick, no run
Smith to Borthwick, FOUR runs
Smith to Borthwick, no run
Smith to Buttler, 1 run
Smith to Borthwick, 1 run
Russell to Bresnan, OUT
Russell to Bresnan, no run
Russell to Buttler, 1 run
Russell to Buttler, no run
Russell to Buttler, 2 runs
Russell to Bresnan, 1 run
Bishoo to Buttler, no run
Bishoo to Bresnan, 1 run
Bishoo to Stokes, OUT
Bishoo to Stokes, no run
Bishoo to Stokes, no run
Bishoo to Stokes, no run
Sammy to Buttler, no run
Sammy to Stokes, 3 runs
Sammy to Patel, OUT
Sammy to Stokes, 1 run
Sammy to Stokes, FOUR runs
Sammy to Stokes, no run
Bishoo to Stokes, 1 run
Bishoo to Patel, 1 run
Bishoo to Patel, no run
Bishoo to Patel, no run
Bishoo to Patel, no run
Bishoo to Patel, no run
Mathurin to Stokes, no run
Mathurin to Patel, 1 run
Mathurin to Patel, no run
Mathurin to Bairstow, OUT
Mathurin to Bairstow, 2 runs
Mathurin to Bairstow, no run
Bishoo to Stokes, FOUR runs
Bishoo to Stokes, no run
Bishoo to Stokes, FOUR runs
Bishoo to Stokes, SIX runs
Bishoo to Stokes, no run
Bishoo to Stokes, 2 runs
Mathurin to Bairstow, 2 runs
Mathurin to Bairstow, no run
Mathurin to Bopara, OUT
Mathurin to Stokes, 1 run
Mathurin to Bopara, 1 leg bye
Mathurin to Bopara, no run
Santokie to Stokes, 2 runs
Santokie to Stokes, no run
Santokie to Bopara, 1 run
Santokie to Bopara, 2 runs
Santokie to Bopara, no run
Santokie to Stokes, 1 run
Mathurin to Bopara, no run
Mathurin to Stokes, 1 run
Mathurin to Bopara, 1 leg bye
Mathurin to Bopara, no run
Mathurin to Kieswetter, OUT
Mathurin to Stokes, 1 leg bye
Santokie to Kieswetter, no run
Santokie to Stokes, 1 run
Santokie to Hales, OUT
Santokie to Kieswetter, 1 run
Santokie to Kieswetter, FOUR runs
Santokie to Kieswetter, no run
Mathurin to Kieswetter, 1 run
Mathurin to Hales, 1 run
Mathurin to Hales, no run
Mathurin to Hales, no run
Mathurin to Hales, no run
Mathurin to Hales, no run
Santokie to Kieswetter, no run
Santokie to Kieswetter, no run
Santokie to Kieswetter, FOUR runs
Santokie to Hales, 1 run
Santokie to Hales, no run
Santokie to Hales, no run
