Prasad to Hastings, SIX runs
Prasad to Johnson, 1 run
Prasad to Johnson, 2 runs
Prasad to Johnson, 2 runs
Prasad to Hastings, 5 runs
Prasad to Hastings, 2 runs
Lakmal to Hastings, 1 run
Lakmal to O'Keefe, OUT
Lakmal to O'Keefe, 2 runs
Lakmal to Johnson, 1 run
Lakmal to Johnson, no run
Lakmal to Johnson, FOUR runs
Kulasekara to O'Keefe, FOUR runs
Kulasekara to Johnson, 1 run
Kulasekara to Johnson, SIX runs
Kulasekara to Johnson, 2 runs
Kulasekara to Johnson, no run
Kulasekara to Johnson, 2 runs
Perera to O'Keefe, FOUR runs
Perera to O'Keefe, FOUR runs
Perera to O'Keefe, SIX runs
Perera to O'Keefe, no run
Perera to O'Keefe, no run
Perera to O'Keefe, no run
Kulasekara to Johnson, no run
Kulasekara to O'Keefe, 1 run
Kulasekara to O'Keefe, no run
Kulasekara to Johnson, 1 run
Kulasekara to O'Keefe, 1 run
Kulasekara to Warner, OUT
Kulasekara to Warner, 1 wide
Kulasekara to Warner, 1 wide
Herath to Johnson, no run
Herath to Johnson, no run
Herath to Johnson, no run
Herath to Warner, 1 run, OUT
Herath to Haddin, 1 run
Herath to Haddin, no run
Dilshan to Warner, FOUR runs
Dilshan to Haddin, 3 runs
Dilshan to Haddin, no run
Dilshan to Haddin, no run
Dilshan to Warner, 1 run
Dilshan to Haddin, 1 run
Herath to Haddin, 1 run
Herath to Warner, 1 run
Herath to Haddin, 1 run
Herath to Haddin, no run
Herath to Smith, OUT
Herath to Warner, 1 run
Dilshan to Smith, no run
Dilshan to Warner, 1 run
Dilshan to Warner, SIX runs
Dilshan to Smith, 1 run
Dilshan to Smith, 2 runs
Dilshan to Smith, 2 runs
Herath to Smith, 1 run
Herath to Warner, 1 run
Herath to Smith, 1 run
Herath to Warner, 1 run
Herath to Smith, 1 run
Herath to Smith, no run
Dilshan to Smith, 1 run
Dilshan to Warner, 3 runs
Dilshan to Smith, 1 run
Dilshan to Smith, no run
Dilshan to Smith, no run
Dilshan to Smith, no run
Perera to Smith, 1 run
Perera to Smith, no run
Perera to Warner, 1 run
Perera to Warner, no run
Perera to Smith, 1 run
Perera to White, OUT
Prasad to Warner, no run
Prasad to White, 1 run
Prasad to White, no run
Prasad to White, FOUR runs
Prasad to Warner, 1 run
Prasad to Warner, FOUR runs
Perera to Warner, 1 run
Perera to White, 1 run
Perera to White, no run
Perera to Warner, 1 run
Perera to White, 1 run
Perera to Hussey, OUT
Prasad to Warner, FOUR runs
Prasad to Hussey, 1 run
Prasad to Hussey, no run
Prasad to Hussey, no run
Prasad to Hussey, no run
Prasad to Hussey, FOUR runs
Perera to Warner, no run
Perera to Hussey, 1 run
Perera to Hussey, no run
Perera to Marsh, OUT
Perera to Marsh, 2 runs
Perera to Warner, 1 run
Perera to Warner, 1 wide
Lakmal to Marsh, no run
Lakmal to Warner, 1 leg bye
Lakmal to Warner, SIX runs
Lakmal to Marsh, 1 run
Lakmal to Marsh, no run
Lakmal to Marsh, no run
Kulasekara to Warner, no run
Kulasekara to Warner, FOUR runs
Kulasekara to Warner, FOUR runs
Kulasekara to Marsh, 1 run
Kulasekara to Watson, OUT
Kulasekara to Watson, 1 wide
Kulasekara to Watson, SIX runs
Lakmal to Warner, FOUR runs
Lakmal to Watson, 1 run
Lakmal to Watson, no run
Lakmal to Warner, 1 run
Lakmal to Warner, 1 wide
Lakmal to Warner, no run
Lakmal to Watson, 1 run
Kulasekara to Warner, no run
Kulasekara to Watson, 1 run
Kulasekara to Watson, no run
Kulasekara to Watson, no run
Kulasekara to Warner, 1 run
Kulasekara to Watson, 1 run
