Johnson to Dilshan, no run
Johnson to Dilshan, FOUR runs
Johnson to Dilshan, FOUR runs
Johnson to Dilshan, SIX runs
Johnson to Dilshan, SIX runs
Johnson to Dilshan, no run
Lee to Dilshan, 1 run
Lee to Dilshan, no run
Lee to Jeevan Mendis, 1 run
Lee to Jeevan Mendis, 2 runs
Lee to Dilshan, 1 run
Lee to Jeevan Mendis, 1 run
Watson to Dilshan, SIX runs
Watson to Dilshan, FOUR runs
Watson to Jeevan Mendis, 1 run
Watson to Dilshan, 1 run
Watson to Dilshan, FOUR runs
Watson to Dilshan, SIX runs
Lee to Jeevan Mendis, FOUR runs
Lee to Dilshan, 1 run
Lee to Jeevan Mendis, 1 run
Lee to Dilshan, 1 run
Lee to Jeevan Mendis, 1 leg bye
Lee to Jeevan Mendis, 1 wide
Lee to Jeevan Mendis, FOUR runs
Hastings to Dilshan, FOUR runs
Hastings to Dilshan, FOUR runs
Hastings to Dilshan, FOUR runs
Hastings to Dilshan, 2 runs
Hastings to Dilshan, 1 wide
Hastings to Dilshan, FOUR runs
Hastings to Jeevan Mendis, 1 run
Watson to Jeevan Mendis, 1 run
Watson to Jeevan Mendis, no run
Watson to Jeevan Mendis, FOUR runs
Watson to Jeevan Mendis, 2 runs
Watson to Dilshan, 1 run
Watson to Dilshan, FOUR runs
Smith to Dilshan, 1 run
Smith to Jeevan Mendis, 1 run
Smith to Dilshan, 1 run
Smith to Jeevan Mendis, 1 leg bye
Smith to Jeevan Mendis, FOUR runs
Smith to Jeevan Mendis, no run
Watson to Jeevan Mendis, 1 run
Watson to Dilshan, 1 run
Watson to Jeevan Mendis, 1 run
Watson to Sangakkara, OUT
Watson to Dilshan, 1 run
Watson to Dilshan, no run
Johnson to Sangakkara, no run
Johnson to Sangakkara, no run
Johnson to Sangakkara, 1 wide
Johnson to Sangakkara, FOUR runs
Johnson to Sangakkara, FOUR runs
Johnson to Sangakkara, 2 runs
Johnson to Sangakkara, 2 runs
Watson to Sangakkara, 1 run
Watson to Dilshan, 1 run
Watson to Dilshan, no run
Watson to Dilshan, no run
Watson to Sangakkara, 1 run
Watson to Dilshan, 1 leg bye
Smith to Sangakkara, FOUR runs
Smith to Dilshan, 1 run
Smith to Dilshan, no run
Smith to Dilshan, no run
Smith to Sangakkara, 1 run
Smith to Sangakkara, no run
O'Keefe to Sangakkara, 1 run
O'Keefe to Dilshan, 1 run
O'Keefe to Dilshan, no run
O'Keefe to Sangakkara, 1 run
O'Keefe to Sangakkara, FOUR runs
O'Keefe to Sangakkara, no run
Hastings to Dilshan, FOUR runs
Hastings to Dilshan, 2 leg byes
Hastings to Dilshan, no run
Hastings to Dilshan, 1 wide
Hastings to Dilshan, FOUR runs
Hastings to Sangakkara, 1 run
Hastings to Sangakkara, no run
O'Keefe to Dilshan, no run
O'Keefe to Sangakkara, 1 run
O'Keefe to Dilshan, 1 run
O'Keefe to Sangakkara, 1 run
O'Keefe to Sangakkara, 1 wide
O'Keefe to Dilshan, 1 run
O'Keefe to Sangakkara, 1 run
Johnson to Dilshan, no run
Johnson to Dilshan, 2 runs
Johnson to Sangakkara, 1 run
Johnson to Chandimal, OUT
Johnson to Chandimal, no run
Johnson to Dilshan, 1 run
Hastings to Chandimal, no run
Hastings to Dilshan, 1 run
Hastings to Chandimal, 1 run
Hastings to Dilshan, 1 run
Hastings to Chandimal, 1 run
Hastings to Dilshan, 1 leg bye
Johnson to Chandimal, no run
Johnson to Chandimal, FOUR runs
Johnson to Chandimal, FOUR runs
Johnson to Dilshan, 1 run
Johnson to Chandimal, 1 run
Johnson to Chandimal, no run
Lee to Dilshan, FOUR runs
Lee to Dilshan, SIX runs
Lee to Dilshan, 2 runs
Lee to Dilshan, no run
Lee to Chandimal, 1 leg bye
Lee to Chandimal, 1 wide
Lee to Mahela Jayawardene, OUT
O'Keefe to Dilshan, no run
O'Keefe to Mahela Jayawardene, 1 run
O'Keefe to Mahela Jayawardene, FOUR runs
O'Keefe to Mahela Jayawardene, no run
O'Keefe to Mahela Jayawardene, no run
O'Keefe to Mahela Jayawardene, no run
Lee to Mahela Jayawardene, 1 run
Lee to Mahela Jayawardene, FOUR runs
Lee to Dilshan, 1 run
Lee to Mahela Jayawardene, 1 run
Lee to Mahela Jayawardene, no run
Lee to Mahela Jayawardene, no run
