Roach to Dilshan, FOUR runs
Roach to Kapugedera, OUT
Roach to Kapugedera, FOUR runs
Roach to Kapugedera, 2 runs
Roach to Mahela Jayawardene, 1 run
Roach to Kapugedera, 1 bye
Dwayne Bravo to Mahela Jayawardene, FOUR runs
Dwayne Bravo to Mahela Jayawardene, SIX runs
Dwayne Bravo to Sangakkara, OUT
Dwayne Bravo to Mahela Jayawardene, 1 run
Dwayne Bravo to Sangakkara, 1 run
Dwayne Bravo to Sangakkara, 2 runs
Roach to Sangakkara, 1 run
Roach to Mahela Jayawardene, 1 run
Roach to Sangakkara, 1 run
Roach to Sangakkara, 1 wide
Roach to Sangakkara, no run
Roach to Mahela Jayawardene, 1 run
Roach to Mahela Jayawardene, 5 wide
Roach to Mahela Jayawardene, 2 runs
Benn to Sangakkara, FOUR runs
Benn to Mahela Jayawardene, 1 run
Benn to Mahela Jayawardene, no run
Benn to Mahela Jayawardene, SIX runs
Benn to Mahela Jayawardene, 2 runs
Benn to Mahela Jayawardene, 2 runs
Pollard to Sangakkara, SIX runs
Pollard to Mahela Jayawardene, 1 run
Pollard to Mahela Jayawardene, no run
Pollard to Sangakkara, 1 run
Pollard to Mahela Jayawardene, 1 run
Pollard to Sangakkara, 1 run
Benn to Mahela Jayawardene, 2 runs
Benn to Sangakkara, 1 run
Benn to Mahela Jayawardene, 1 run
Benn to Sangakkara, 1 run
Benn to Mahela Jayawardene, 1 run
Benn to Mahela Jayawardene, 1 wide
Benn to Sangakkara, 1 run
Pollard to Mahela Jayawardene, FOUR runs
Pollard to Mahela Jayawardene, 2 runs
Pollard to Sangakkara, 1 run
Pollard to Sangakkara, no run
Pollard to Mahela Jayawardene, 1 run
Pollard to Sangakkara, 1 run
Taylor to Mahela Jayawardene, no run
Taylor to Sangakkara, 1 run
Taylor to Mahela Jayawardene, 1 run
Taylor to Mahela Jayawardene, FOUR runs
Taylor to Sangakkara, 1 run
Taylor to Sangakkara, 2 runs
Pollard to Sangakkara, 1 run
Pollard to Sangakkara, FOUR runs
Pollard to Mahela Jayawardene, 1 run
Pollard to Sangakkara, 1 run
Pollard to Sangakkara, 2 runs
Pollard to Sangakkara, 1 wide
Pollard to Mahela Jayawardene, 1 run
Sammy to Sangakkara, no run
Sammy to Mahela Jayawardene, 1 run
Sammy to Mahela Jayawardene, FOUR runs
Sammy to Sangakkara, 1 run
Sammy to Mahela Jayawardene, 1 run
Sammy to Mahela Jayawardene, SIX runs
Pollard to Sangakkara, FOUR runs
Pollard to Sangakkara, no run
Pollard to Mahela Jayawardene, 1 run
Pollard to Sangakkara, 1 run
Pollard to Mahela Jayawardene, 1 run
Pollard to Sangakkara, 1 run
Sammy to Mahela Jayawardene, no run
Sammy to Mahela Jayawardene, no run
Sammy to Mahela Jayawardene, no run
Sammy to Mahela Jayawardene, FOUR runs
Sammy to Mahela Jayawardene, FOUR runs
Sammy to Mahela Jayawardene, 2 runs
Benn to Sangakkara, SIX runs
Benn to Sangakkara, no run
Benn to Mahela Jayawardene, 1 run
Benn to Sangakkara, 1 run
Benn to Sangakkara, no run
Benn to Mahela Jayawardene, 1 run
Dwayne Bravo to Sangakkara, no run
Dwayne Bravo to Sangakkara, no run
Dwayne Bravo to Sangakkara, SIX runs
Dwayne Bravo to Sangakkara, no run
Dwayne Bravo to Mahela Jayawardene, 1 run
Dwayne Bravo to Sangakkara, 1 run
Benn to Sangakkara, 1 run
Benn to Mahela Jayawardene, 2 wide
Benn to Sangakkara, 1 run
Benn to Mahela Jayawardene, 1 run
Benn to Mahela Jayawardene, FOUR runs
Benn to Mahela Jayawardene, no run
Benn to Mahela Jayawardene, no run
Dwayne Bravo to Sangakkara, FOUR runs
Dwayne Bravo to Sangakkara, FOUR runs
Dwayne Bravo to Mahela Jayawardene, 1 run
Dwayne Bravo to Mahela Jayawardene, no run
Dwayne Bravo to Mahela Jayawardene, FOUR runs
Dwayne Bravo to Sangakkara, 1 run
Taylor to Sangakkara, 1 run
Taylor to Mahela Jayawardene, 1 run
Taylor to Mahela Jayawardene, no run
Taylor to Mahela Jayawardene, 1 wide
Taylor to Mahela Jayawardene, FOUR runs
Taylor to Mahela Jayawardene, SIX runs
Taylor to Sangakkara, 1 run
Roach to Mahela Jayawardene, 2 runs
Roach to Sangakkara, 1 leg bye
Roach to Sangakkara, no run
Roach to Sangakkara, no run
Roach to Sangakkara, no run
Roach to Jayasuriya, OUT
Taylor to Jayasuriya, 1 run
Taylor to Jayasuriya, no run
Taylor to Jayasuriya, no run
Taylor to Jayasuriya, no run
Taylor to Jayasuriya, no run
Taylor to Jayasuriya, FOUR runs
Roach to Mahela Jayawardene, no run
Roach to Jayasuriya, 1 run
Roach to Jayasuriya, no run
Roach to Jayasuriya, no run
Roach to Mahela Jayawardene, 1 run
Roach to Mahela Jayawardene, no run
