Kulasekara to Taylor, 2 runs
Kulasekara to Taylor, FOUR runs
Kulasekara to Benn, 1 run
Kulasekara to Benn, no run
Kulasekara to Benn, FOUR runs
Kulasekara to Taylor, 1 run
Malinga to Taylor, 1 run
Malinga to Taylor, no run
Malinga to Taylor, 2 runs
Malinga to Benn, 1 run
Malinga to Sammy, OUT
Malinga to Taylor, 1 run
Mendis to Taylor, 1 run
Mendis to Taylor, FOUR runs
Mendis to Hinds, OUT
Mendis to Hinds, no run
Mendis to Hinds, no run
Mendis to Hinds, no run
Malinga to Hinds, 1 run
Malinga to Hinds, FOUR runs
Malinga to Hinds, no run
Malinga to Hinds, 1 wide
Malinga to Fletcher, OUT
Malinga to Fletcher, FOUR runs
Malinga to Sammy, 1 run
Mendis to Fletcher, FOUR runs
Mendis to Fletcher, no run
Mendis to Sammy, 1 run
Mendis to Fletcher, 1 run
Mendis to Pollard, OUT
Mendis to Pollard, FOUR runs
Malinga to Pollard, 1 run
Malinga to Pollard, 1 wide
Malinga to Fletcher, 1 run
Malinga to Fletcher, no run
Malinga to Pollard, 1 run
Malinga to Fletcher, 1 run
Malinga to Pollard, 1 run
Murali to Fletcher, no run
Murali to Fletcher, no run
Murali to Fletcher, 2 runs
Murali to Fletcher, 1 wide
Murali to Pollard, 1 leg bye
Murali to Fletcher, 1 run
Murali to Pollard, 1 run
Mendis to Fletcher, no run
Mendis to Fletcher, no run
Mendis to Pollard, 1 run
Mendis to Pollard, no run
Mendis to Pollard, no run
Mendis to Sarwan, OUT
Murali to Sarwan, 1 run
Murali to Sarwan, no run
Murali to Fletcher, 1 run
Murali to Fletcher, no run
Murali to Fletcher, 1 wide
Murali to Fletcher, no run
Murali to Sarwan, 1 run
Malinga to Sarwan, 1 run
Malinga to Fletcher, 1 run
Malinga to Dwayne Bravo, OUT
Malinga to Dwayne Bravo, 1 wide
Malinga to Sarwan, 1 run
Malinga to Sarwan, no run
Malinga to Sarwan, 2 runs
Murali to Dwayne Bravo, no run
Murali to Sarwan, 1 leg bye
Murali to Dwayne Bravo, 1 run
Murali to Sarwan, 1 run
Murali to Dwayne Bravo, 1 run
Murali to Dwayne Bravo, FOUR runs
Perera to Sarwan, FOUR runs
Perera to Sarwan, no run
Perera to Dwayne Bravo, 1 run
Perera to Dwayne Bravo, no run
Perera to Dwayne Bravo, no run
Perera to Sarwan, 1 run
Murali to Dwayne Bravo, FOUR runs
Murali to Dwayne Bravo, no run
Murali to Sarwan, 1 run
Murali to Dwayne Bravo, 1 run
Murali to Dwayne Bravo, 2 runs
Murali to Sarwan, 1 run
Murali to Sarwan, 1 wide
Perera to Sarwan, 1 run
Perera to Sarwan, FOUR runs
Perera to Dwayne Bravo, 1 run
Perera to Dwayne Bravo, no run
Perera to Sarwan, 1 run
Perera to Sarwan, no run
Mendis to Dwayne Bravo, no run
Mendis to Dwayne Bravo, no run
Mendis to Dwayne Bravo, FOUR runs
Mendis to Sarwan, 1 run
Mendis to Sarwan, 1 wide
Mendis to Dwayne Bravo, 1 run
Mendis to Sarwan, 1 run
Kulasekara to Dwayne Bravo, no run
Kulasekara to Sarwan, 1 run
Kulasekara to Sarwan, no run
Kulasekara to Dwayne Bravo, 1 run
Kulasekara to Dwayne Bravo, 1 wide
Kulasekara to Sarwan, 1 run
Kulasekara to Dwayne Bravo, 1 run
Angelo Mathews to Dwayne Bravo, 1 run
Angelo Mathews to Sarwan, 1 run
Angelo Mathews to Dwayne Bravo, 1 leg bye
Angelo Mathews to Sarwan, 1 run
Angelo Mathews to Sarwan, no run
Angelo Mathews to Sarwan, no run
Kulasekara to Sarwan, 1 run
Kulasekara to Sarwan, no run
Kulasekara to Sarwan, no run
Kulasekara to Sarwan, no run
Kulasekara to Gayle, OUT
Kulasekara to Sarwan, 1 run
Angelo Mathews to Chanderpaul, OUT
Angelo Mathews to Chanderpaul, FOUR runs
Angelo Mathews to Chanderpaul, 4 leg byes
Angelo Mathews to Chanderpaul, no run
Angelo Mathews to Chanderpaul, SIX runs
Angelo Mathews to Chanderpaul, no run
Kulasekara to Chanderpaul, 1 run
Kulasekara to Chanderpaul, 1 wide
Kulasekara to Chanderpaul, no run
Kulasekara to Chanderpaul, no run
Kulasekara to Gayle, 1 run
Kulasekara to Gayle, FOUR runs
Kulasekara to Gayle, 1 wide
Kulasekara to Gayle, no run
