Sidebottom to Morkel, OUT
Sidebottom to Langeveldt, 1 run
Sidebottom to Langeveldt, no run
Sidebottom to Morkel, 1 run
Sidebottom to Langeveldt, 1 run
Sidebottom to Botha, OUT
Broad to Botha, 1 run
Broad to Steyn, OUT
Broad to Steyn, no run
Broad to Steyn, no run
Broad to Steyn, 1 wide
Broad to Botha, 1 run
Broad to Steyn, 1 run
Sidebottom to Steyn, 3 runs
Sidebottom to Botha, 1 run
Sidebottom to Botha, no run
Sidebottom to Botha, SIX runs
Sidebottom to Steyn, 1 run
Sidebottom to Duminy, OUT
Broad to Duminy, 1 run
Broad to Botha, 1 leg bye
Broad to Duminy, 1 run
Broad to Duminy, 2 runs
Broad to Duminy, 4 leg byes
Broad to Duminy, FOUR runs
Sidebottom to Duminy, 1 bye
Sidebottom to Duminy, 2 runs
Sidebottom to Botha, 1 run
Sidebottom to Duminy, 1 leg bye
Sidebottom to Botha, 1 run
Sidebottom to Botha, no run
Swann to Botha, 1 run
Swann to Botha, no run
Swann to Duminy, 1 run
Swann to Boucher, OUT
Swann to Duminy, 1 run
Swann to Duminy, SIX runs
Yardy to Boucher, 2 runs
Yardy to Boucher, no run
Yardy to Boucher, no run
Yardy to Duminy, 1 run
Yardy to Duminy, FOUR runs
Yardy to Boucher, 1 run
Yardy to Duminy, 2 wide
Swann to Duminy, 1 run
Swann to Boucher, 1 run
Swann to Boucher, no run
Swann to Duminy, 1 run
Swann to Boucher, 1 run
Swann to Boucher, 1 wide
Swann to Duminy, 1 run
Yardy to Duminy, 1 run
Yardy to Boucher, 1 run
Yardy to Boucher, 2 runs
Yardy to Duminy, 1 run
Yardy to Duminy, SIX runs
Yardy to Boucher, 1 run
Swann to Duminy, 2 runs
Swann to de Villiers, OUT
Swann to de Villiers, 2 runs
Swann to de Villiers, no run
Swann to de Villiers, no run
Swann to Duminy, 1 run
Yardy to Duminy, 1 run
Yardy to Duminy, no run
Yardy to de Villiers, 1 run
Yardy to Duminy, 1 run
Yardy to Duminy, 1 wide
Yardy to Morkel, OUT
Yardy to de Villiers, 1 run
Swann to Morkel, no run
Swann to de Villiers, 1 leg bye
Swann to Smith, OUT
Swann to Smith, 2 leg byes
Swann to Smith, no run
Swann to Smith, FOUR runs
Yardy to Smith, 1 run
Yardy to Smith, no run
Yardy to Smith, 1 wide
Yardy to de Villiers, 1 run
Yardy to de Villiers, no run
Yardy to Smith, 1 run
Yardy to Gibbs, OUT
Bresnan to Gibbs, 1 run
Bresnan to Smith, 1 run
Bresnan to Gibbs, 1 run
Bresnan to Smith, 1 run
Bresnan to Gibbs, 1 run
Bresnan to Gibbs, FOUR runs
Broad to Smith, no run
Broad to Smith, FOUR runs
Broad to Smith, (no ball)
Broad to Gibbs, 1 run
Broad to Gibbs, no run
Broad to Gibbs, no run
Broad to Kallis, OUT
Bresnan to Kallis, 1 run
Bresnan to Kallis, no run
Bresnan to Kallis, no run
Bresnan to Smith, 1 run
Bresnan to Kallis, 1 run
Bresnan to Kallis, no run
Broad to Smith, no run
Broad to Smith, no run
Broad to Kallis, 1 run
Broad to Smith, 1 bye
Broad to Kallis, 1 run
Broad to Kallis, SIX runs
Bresnan to Kallis, 1 run
Bresnan to Smith, 1 run
Bresnan to Smith, no run
Bresnan to Smith, no run
Bresnan to Smith, no run
Bresnan to Smith, no run
Sidebottom to Kallis, no run
Sidebottom to Kallis, no run
Sidebottom to Kallis, no run
Sidebottom to Smith, 1 run
Sidebottom to Smith, 2 runs
Sidebottom to Smith, 2 runs
