Morkel to Yardy, 1 run
Morkel to Yardy, FOUR runs
Morkel to Swann, 1 run
Morkel to Bresnan, OUT
Morkel to Yardy, 1 run
Morkel to Bresnan, (no ball)
Morkel to Yardy, 1 run
Langeveldt to Bresnan, FOUR runs
Langeveldt to Bresnan, 2 runs
Langeveldt to Bresnan, 2 runs
Langeveldt to Yardy, 1 run
Langeveldt to Bresnan, 1 run
Langeveldt to Morgan, OUT
Steyn to Morgan, 1 run
Steyn to Bresnan, 1 run
Steyn to Bresnan, 2 runs
Steyn to Bresnan, no run
Steyn to Morgan, 1 run
Steyn to Morgan, FOUR runs
Langeveldt to Bresnan, no run
Langeveldt to Bresnan, no run
Langeveldt to Morgan, 1 run
Langeveldt to Bresnan, 1 run
Langeveldt to Bresnan, no run
Langeveldt to Wright, OUT
Steyn to Morgan, FOUR runs
Steyn to Morgan, 2 runs
Steyn to Morgan, no run
Steyn to Morgan, 1 wide
Steyn to Morgan, 1 wide
Steyn to Morgan, 2 runs
Steyn to Morgan, 2 runs
Steyn to Morgan, no run
Morkel to Wright, no run
Morkel to Morgan, 1 leg bye
Morkel to PD Collingwood, OUT
Morkel to PD Collingwood, no run
Morkel to PD Collingwood, SIX runs
Morkel to PD Collingwood, no run
Duminy to Morgan, FOUR runs
Duminy to Morgan, no run
Duminy to PD Collingwood, 1 run
Duminy to Kieswetter, OUT
Duminy to Kieswetter, no run
Duminy to Kieswetter, SIX runs
Kallis to PD Collingwood, SIX runs
Kallis to Kieswetter, 1 run
Kallis to Kieswetter, no run
Kallis to Kieswetter, no run
Kallis to Kieswetter, no run
Kallis to Kieswetter, no run
Botha to PD Collingwood, no run
Botha to PD Collingwood, no run
Botha to Kieswetter, 1 run
Botha to PD Collingwood, 1 run
Botha to Pietersen, OUT
Botha to Pietersen, no run
Steyn to Pietersen, 1 run
Steyn to Pietersen, FOUR runs
Steyn to Pietersen, no run
Steyn to Pietersen, SIX runs
Steyn to Pietersen, FOUR runs
Steyn to Kieswetter, 1 run
Botha to Kieswetter, 1 run
Botha to Kieswetter, no run
Botha to Pietersen, 1 run
Botha to Kieswetter, 1 run
Botha to Pietersen, 1 run
Botha to Kieswetter, 1 run
Kallis to Pietersen, 2 runs
Kallis to Pietersen, no run
Kallis to Pietersen, no run
Kallis to Kieswetter, 1 run
Kallis to Kieswetter, no run
Kallis to Pietersen, 1 run
Botha to Pietersen, 1 run
Botha to Pietersen, no run
Botha to Pietersen, 2 runs
Botha to Kieswetter, 1 run
Botha to Kieswetter, no run
Botha to Kieswetter, no run
Kallis to Kieswetter, 1 run
Kallis to Kieswetter, no run
Kallis to Kieswetter, 2 runs
Kallis to Kieswetter, no run
Kallis to Kieswetter, no run
Kallis to Pietersen, 1 run
Langeveldt to Kieswetter, FOUR runs
Langeveldt to Kieswetter, no run
Langeveldt to Kieswetter, FOUR runs
Langeveldt to Pietersen, 1 run
Langeveldt to Kieswetter, 1 leg bye
Langeveldt to Kieswetter, SIX runs
Morkel to Kieswetter, 1 run
Morkel to Pietersen, 1 run
Morkel to Pietersen, FOUR runs
Morkel to Pietersen, 2 runs
Morkel to Pietersen, FOUR runs
Morkel to Pietersen, no run
Langeveldt to Kieswetter, no run
Langeveldt to Kieswetter, no run
Langeveldt to Kieswetter, 5 wide
Langeveldt to Pietersen, 1 run
Langeveldt to Kieswetter, 1 run
Langeveldt to Kieswetter, no run
Langeveldt to Kieswetter, no run
Morkel to Pietersen, FOUR runs
Morkel to Pietersen, no run
Morkel to Kieswetter, (no ball) 1 run
Morkel to Pietersen, 1 leg bye
Morkel to Pietersen, no run
Morkel to Pietersen, FOUR runs
Morkel to Kieswetter, 1 run
Morkel to Kieswetter, (no ball)
Steyn to Pietersen, FOUR runs
Steyn to Pietersen, no run
Steyn to Pietersen, FOUR runs
Steyn to Kieswetter, 1 run
Steyn to Kieswetter, FOUR runs
Steyn to Kieswetter, no run
Botha to Pietersen, no run
Botha to Lumb, OUT
Botha to Lumb, 2 runs
Botha to Lumb, no run
Botha to Kieswetter, 1 run
Botha to Lumb, 1 run
