Morkel to Ajmal, FOUR runs
Morkel to Umar Akmal, 1 run
Morkel to Umar Akmal, SIX runs
Morkel to Umar Akmal, no run
Steyn to Umar Gul, OUT
Steyn to Umar Akmal, 1 run
Steyn to Umar Akmal, 1 wide
Steyn to Umar Akmal, no run
Steyn to Umar Gul, 1 run
Steyn to Umar Akmal, 1 run
Steyn to Umar Akmal, 2 runs
Morkel to Umar Akmal, 1 run
Morkel to Umar Gul, 1 run
Morkel to Umar Gul, no run
Morkel to Umar Gul, no run
Morkel to Umar Gul, FOUR runs
Morkel to Umar Akmal, 1 run
Morkel to Umar Gul, 2 runs
Morkel to Umar Gul, FOUR runs
Morkel to Umar Gul, SIX runs
Morkel to Umar Akmal, 1 run
Morkel to Umar Gul, (no ball) 1 run
Morkel to Umar Akmal, 1 run
Morkel to Umar Akmal, FOUR runs
Kallis to Umar Akmal, 1 leg bye
Kallis to Umar Gul, 1 run
Kallis to Umar Gul, 1 wide
Kallis to Umar Gul, no run
Kallis to Umar Gul, SIX runs
Kallis to Umar Gul, SIX runs
Kallis to Umar Akmal, 1 run
Steyn to Umar Gul, no run
Steyn to Umar Gul, no run
Steyn to Umar Gul, no run
Steyn to Arafat, OUT
Steyn to Arafat, 2 runs
Steyn to Umar Akmal, 1 run
Peterson to Umar Akmal, 1 run
Peterson to Umar Akmal, 2 runs
Peterson to Umar Akmal, no run
Peterson to Umar Akmal, FOUR runs
Peterson to Umar Akmal, no run
Peterson to Umar Akmal, no run
Duminy to Arafat, no run
Duminy to Umar Akmal, 1 run
Duminy to Arafat, 1 run
Duminy to Arafat, no run
Duminy to Umar Akmal, 1 run
Duminy to Afridi, OUT
Kallis to Umar Akmal, no run
Kallis to Malik, OUT
Kallis to Umar Akmal, 1 run
Kallis to Malik, 1 run
Kallis to Malik, 4 leg byes
Kallis to Malik, no run
Duminy to Malik, 1 run
Duminy to Malik, no run
Duminy to Malik, no run
Duminy to Umar Akmal, 1 run
Duminy to Umar Akmal, no run
Duminy to Umar Akmal, no run
Morkel to Malik, no run
Morkel to Malik, no run
Morkel to Umar Akmal, 1 run
Morkel to Umar Akmal, 2 byes
Morkel to Malik, 1 run
Morkel to Malik, 2 runs
Botha to Umar Akmal, no run
Botha to Umar Akmal, FOUR runs
Botha to Malik, 1 run
Botha to Malik, no run
Botha to Umar Akmal, 1 run
Botha to Umar Akmal, FOUR runs
Peterson to Malik, no run
Peterson to Umar Akmal, 1 run
Peterson to Umar Akmal, no run
Peterson to Umar Akmal, no run
Peterson to Malik, 1 run
Peterson to Malik, no run
Botha to Umar Akmal, no run
Botha to Umar Akmal, no run
Botha to Umar Akmal, no run
Botha to Umar Akmal, no run
Botha to Kamran, OUT
Botha to Kamran, no run
Peterson to Malik, no run
Peterson to Malik, no run
Peterson to Malik, no run
Peterson to Malik, no run
Peterson to Malik, no run
Peterson to Malik, no run
Morkel to Kamran, no run
Morkel to Malik, 1 run
Morkel to Malik, no run
Morkel to Malik, FOUR runs
Morkel to Malik, no run
Morkel to Kamran, 1 run
Peterson to Jamshed, OUT
Peterson to Jamshed, no run
Peterson to Kamran, 1 leg bye
Peterson to Kamran, no run
Peterson to Hafeez, OUT
Peterson to Hafeez, SIX runs
Steyn to Imran Nazir, OUT
Steyn to Imran Nazir, no run
Steyn to Imran Nazir, no run
Steyn to Imran Nazir, no run
Steyn to Imran Nazir, FOUR runs
Steyn to Imran Nazir, no run
Morkel to Imran Nazir, 1 run
Morkel to Imran Nazir, FOUR runs
Morkel to Imran Nazir, FOUR runs
Morkel to Imran Nazir, no run
Morkel to Hafeez, 1 run
Morkel to Imran Nazir, 1 run
Steyn to Hafeez, no run
Steyn to Hafeez, no run
Steyn to Hafeez, FOUR runs
Steyn to Hafeez, FOUR runs
Steyn to Hafeez, no run
Steyn to Hafeez, 1 wide
Steyn to Hafeez, no run
