Umar Gul to Morkel, 2 runs
Umar Gul to Morkel, no run
Umar Gul to Morkel, FOUR runs
Umar Gul to Peterson, 1 run
Umar Gul to Morkel, 1 run
Umar Gul to Peterson, 1 run
Arafat to Peterson, 1 run
Arafat to Peterson, no run
Arafat to Duminy, OUT
Arafat to Duminy, 2 runs
Arafat to Duminy, SIX runs
Arafat to Morkel, 1 run
Umar Gul to Morkel, 1 run
Umar Gul to Duminy, 1 run
Umar Gul to Duminy, 2 runs
Umar Gul to Duminy, no run
Umar Gul to de Villiers, OUT
Umar Gul to de Villiers, SIX runs
Ajmal to de Villiers, 1 run
Ajmal to Duminy, 1 run
Ajmal to Duminy, FOUR runs
Ajmal to de Villiers, 1 run
Ajmal to de Villiers, FOUR runs
Ajmal to de Villiers, no run
Afridi to de Villiers, 1 run
Afridi to Duminy, 1 run
Afridi to Duminy, 2 runs
Afridi to Duminy, 1 wide
Afridi to de Villiers, 1 run
Afridi to de Villiers, FOUR runs
Afridi to de Villiers, no run
Ajmal to Duminy, FOUR runs
Ajmal to de Villiers, 1 run
Ajmal to Duminy, 1 run
Ajmal to de Villiers, 1 run
Ajmal to de Villiers, no run
Ajmal to Duminy, 1 run
Afridi to de Villiers, no run
Afridi to Duminy, 1 run
Afridi to de Villiers, 1 run
Afridi to Duminy, 1 run
Afridi to de Villiers, 1 run
Afridi to Duminy, 1 leg bye
Hafeez to de Villiers, 2 runs
Hafeez to Duminy, 1 run
Hafeez to de Villiers, 1 run
Hafeez to Behardien, OUT
Hafeez to Duminy, 1 run
Hafeez to Duminy, SIX runs
Ajmal to Behardien, no run
Ajmal to Behardien, no run
Ajmal to Behardien, FOUR runs
Ajmal to Duminy, 1 run
Ajmal to Behardien, 1 run
Ajmal to Duminy, 1 run
Hafeez to Behardien, no run
Hafeez to Duminy, 1 run
Hafeez to Duminy, 2 runs
Hafeez to Behardien, 1 run
Hafeez to Duminy, 1 run
Hafeez to Duminy, no run
Afridi to Behardien, FOUR runs
Afridi to Duminy, 1 run
Afridi to Behardien, 1 run
Afridi to Behardien, no run
Afridi to Duminy, 1 run
Afridi to Behardien, 1 run
Hafeez to Behardien, 1 run
Hafeez to Duminy, 1 run
Hafeez to Duminy, no run
Hafeez to Behardien, 1 run
Hafeez to Duminy, 1 run
Hafeez to Duminy, no run
Afridi to Behardien, no run
Afridi to Behardien, no run
Afridi to Duminy, 1 run
Afridi to Behardien, 1 run
Afridi to Duminy, 1 run
Afridi to Behardien, 1 run
Hafeez to Behardien, 1 run
Hafeez to Duminy, 1 run
Hafeez to Behardien, 1 run
Hafeez to Behardien, no run
Hafeez to Behardien, no run
Hafeez to Kallis, OUT
Ajmal to Duminy, no run
Ajmal to Duminy, no run
Ajmal to Duminy, no run
Ajmal to Duminy, no run
Ajmal to Levi, OUT
Ajmal to Kallis, 1 leg bye
Raza Hasan to Kallis, 1 run
Raza Hasan to Kallis, no run
Raza Hasan to Levi, 1 run
Raza Hasan to Kallis, 1 run
Raza Hasan to Kallis, no run
Raza Hasan to Kallis, SIX runs
Arafat to Kallis, 1 run
Arafat to Kallis, 2 runs
Arafat to Kallis, no run
Arafat to Kallis, no run
Arafat to Kallis, 1 wide
Arafat to Levi, 1 run
Arafat to Levi, FOUR runs
Raza Hasan to Kallis, no run
Raza Hasan to Kallis, no run
Raza Hasan to Kallis, no run
Raza Hasan to Kallis, no run
Raza Hasan to Kallis, no run
Raza Hasan to Kallis, no run
Arafat to Kallis, 1 run
Arafat to Amla, OUT
Arafat to Amla, FOUR runs
Arafat to Levi, 1 run
Arafat to Levi, no run
Arafat to Levi, no run
Raza Hasan to Amla, no run
Raza Hasan to Amla, no run
Raza Hasan to Amla, 2 runs
Raza Hasan to Amla, no run
Raza Hasan to Levi, 1 run
Raza Hasan to Levi, no run
