Abdul Razzaq to Yardy, 2 runs
Abdul Razzaq to Yardy, FOUR runs
Abdul Razzaq to Yardy, SIX runs
Abdul Razzaq to Mahmood, 1 leg bye
Abdul Razzaq to Yardy, 1 run
Abdul Razzaq to Read, OUT
Shoaib Akhtar to Read, 1 bye
Shoaib Akhtar to Read, FOUR runs
Shoaib Akhtar to Yardy, 1 leg bye
Shoaib Akhtar to Read, 1 run
Shoaib Akhtar to Read, FOUR runs
Shoaib Akhtar to Read, no run
Naved-ul-Hasan to Read, 1 run
Naved-ul-Hasan to Read, 2 runs
Naved-ul-Hasan to Read, no run
Naved-ul-Hasan to Yardy, 1 run
Naved-ul-Hasan to Read, 1 run
Naved-ul-Hasan to Read, no run
Abdul Razzaq to Dalrymple, OUT
Abdul Razzaq to Yardy, 1 run
Abdul Razzaq to Dalrymple, 1 run
Abdul Razzaq to Yardy, 1 run
Abdul Razzaq to Yardy, FOUR runs
Abdul Razzaq to Dalrymple, 1 leg bye
Afridi to Yardy, no run
Afridi to Dalrymple, 1 run
Afridi to Yardy, 1 run
Afridi to Dalrymple, 1 run
Afridi to Yardy, 1 run
Afridi to Dalrymple, 1 run
Abdul Razzaq to Dalrymple, 1 run
Abdul Razzaq to Yardy, 1 run
Abdul Razzaq to Dalrymple, 1 run
Abdul Razzaq to Yardy, 1 run
Abdul Razzaq to ME Trescothick, OUT
Abdul Razzaq to Dalrymple, 1 run
Afridi to ME Trescothick, 2 runs
Afridi to Dalrymple, 1 run
Afridi to Dalrymple, no run
Afridi to Dalrymple, no run
Afridi to Dalrymple, 1 wide
Afridi to Dalrymple, FOUR runs
Afridi to ME Trescothick, 1 run
Abdul Razzaq to ME Trescothick, 1 run
Abdul Razzaq to Dalrymple, 1 run
Abdul Razzaq to ME Trescothick, 1 run
Abdul Razzaq to Dalrymple, 1 run
Abdul Razzaq to Dalrymple, no run
Abdul Razzaq to ME Trescothick, 1 run
Afridi to ME Trescothick, 1 run
Afridi to ME Trescothick, 1 wide
Afridi to ME Trescothick, no run
Afridi to ME Trescothick, FOUR runs
Afridi to ME Trescothick, FOUR runs
Afridi to Dalrymple, 1 leg bye
Afridi to ME Trescothick, 1 run
Naved-ul-Hasan to Dalrymple, FOUR runs
Naved-ul-Hasan to Dalrymple, 2 runs
Naved-ul-Hasan to Dalrymple, 2 runs
Naved-ul-Hasan to ME Trescothick, 1 run
Naved-ul-Hasan to Dalrymple, 1 run
Naved-ul-Hasan to Dalrymple, no run
Afridi to Dalrymple, 1 run
Afridi to Dalrymple, no run
Afridi to Dalrymple, no run
Afridi to ME Trescothick, 1 run
Afridi to ME Trescothick, no run
Afridi to Dalrymple, 1 run
Naved-ul-Hasan to ME Trescothick, no run
Naved-ul-Hasan to ME Trescothick, FOUR runs
Naved-ul-Hasan to Dalrymple, 1 run
Naved-ul-Hasan to ME Trescothick, 1 run
Naved-ul-Hasan to Dalrymple, 1 run
Naved-ul-Hasan to PD Collingwood, OUT
Mohammad Asif to ME Trescothick, FOUR runs
Mohammad Asif to PD Collingwood, 1 leg bye
Mohammad Asif to PD Collingwood, no run
Mohammad Asif to ME Trescothick, 1 run
Mohammad Asif to ME Trescothick, no run
Mohammad Asif to ME Trescothick, no run
Naved-ul-Hasan to PD Collingwood, 2 runs
Naved-ul-Hasan to PD Collingwood, (no ball)
Naved-ul-Hasan to PD Collingwood, no run
Naved-ul-Hasan to PD Collingwood, no run
Naved-ul-Hasan to PD Collingwood, no run
Naved-ul-Hasan to PD Collingwood, no run
Naved-ul-Hasan to ME Trescothick, 1 run
Mohammad Asif to PD Collingwood, no run
Mohammad Asif to PD Collingwood, no run
Mohammad Asif to Strauss, OUT
Mohammad Asif to Strauss, no run
Mohammad Asif to Pietersen, OUT
Mohammad Asif to ME Trescothick, 1 leg bye
Shoaib Akhtar to Bell, OUT
Shoaib Akhtar to ME Trescothick, 1 run
Shoaib Akhtar to Bell, 1 run
Shoaib Akhtar to Bell, no run
Shoaib Akhtar to Bell, FOUR runs
Shoaib Akhtar to Bell, no run
Mohammad Asif to ME Trescothick, FOUR runs
Mohammad Asif to ME Trescothick, no run
Mohammad Asif to Bell, 1 run
Mohammad Asif to Bell, FOUR runs
Mohammad Asif to ME Trescothick, 1 leg bye
Mohammad Asif to Bell, 1 run
Shoaib Akhtar to ME Trescothick, FOUR runs
Shoaib Akhtar to ME Trescothick, FOUR runs
Shoaib Akhtar to ME Trescothick, FOUR runs
Shoaib Akhtar to ME Trescothick, no run
Shoaib Akhtar to Bell, 1 run
Shoaib Akhtar to Bell, no run
Mohammad Asif to ME Trescothick, no run
Mohammad Asif to ME Trescothick, FOUR runs
Mohammad Asif to Bell, 1 run
Mohammad Asif to Bell, no run
Mohammad Asif to Bell, no run
Mohammad Asif to ME Trescothick, 1 run
Shoaib Akhtar to Bell, no run
Shoaib Akhtar to Bell, no run
Shoaib Akhtar to ME Trescothick, 1 run
Shoaib Akhtar to Bell, 1 run
Shoaib Akhtar to Bell, no run
Shoaib Akhtar to ME Trescothick, 1 run
