Gough to Abdul Razzaq, FOUR runs
Gough to Abdul Razzaq, FOUR runs
Gough to Abdul Razzaq, no run
Gough to Abdul Razzaq, 1 wide
Gough to Abdul Razzaq, no run
Gough to Inzamam-ul-Haq, 1 run
PD Collingwood to Abdul Razzaq, FOUR runs
PD Collingwood to Abdul Razzaq, FOUR runs
PD Collingwood to Inzamam-ul-Haq, 1 run
PD Collingwood to Inzamam-ul-Haq, no run
PD Collingwood to Abdul Razzaq, 1 run
PD Collingwood to Inzamam-ul-Haq, 1 run
Gough to Hafeez, OUT
Gough to Hafeez, no run
Gough to Inzamam-ul-Haq, 1 leg bye
Gough to Inzamam-ul-Haq, no run
Gough to Inzamam-ul-Haq, no run
Gough to Inzamam-ul-Haq, SIX runs
PD Collingwood to Hafeez, FOUR runs
PD Collingwood to Hafeez, no run
PD Collingwood to Inzamam-ul-Haq, 1 run
PD Collingwood to Inzamam-ul-Haq, no run
PD Collingwood to Hafeez, 1 run
PD Collingwood to Hafeez, 2 runs
Yardy to Inzamam-ul-Haq, no run
Yardy to Inzamam-ul-Haq, 1 wide
Yardy to Hafeez, 1 run
Yardy to Inzamam-ul-Haq, 1 run
Yardy to Inzamam-ul-Haq, no run
Yardy to Hafeez, 1 run
Yardy to Hafeez, FOUR runs
Mahmood to Inzamam-ul-Haq, no run
Mahmood to Hafeez, 1 run
Mahmood to Hafeez, 1 wide
Mahmood to Hafeez, no run
Mahmood to Hafeez, no run
Mahmood to Hafeez, no run
Mahmood to Hafeez, no run
Yardy to Inzamam-ul-Haq, no run
Yardy to Hafeez, 1 run
Yardy to Mohammad Yousuf, OUT
Yardy to Hafeez, 1 run
Yardy to Mohammad Yousuf, 1 leg bye
Yardy to Mohammad Yousuf, no run
Mahmood to Hafeez, no run
Mahmood to Mohammad Yousuf, 1 run
Mahmood to Mohammad Yousuf, FOUR runs
Mahmood to Mohammad Yousuf, no run
Mahmood to Mohammad Yousuf, no run
Mahmood to Mohammad Yousuf, no run
Yardy to Mohammad Yousuf, 1 run
Yardy to Hafeez, 1 run
Yardy to Mohammad Yousuf, 1 run
Yardy to Mohammad Yousuf, SIX runs
Yardy to Hafeez, 1 run
Yardy to Hafeez, no run
Dalrymple to Mohammad Yousuf, 2 runs
Dalrymple to Mohammad Yousuf, no run
Dalrymple to Mohammad Yousuf, no run
Dalrymple to Mohammad Yousuf, no run
Dalrymple to Mohammad Yousuf, no run
Dalrymple to Mohammad Yousuf, 1 wide
Dalrymple to Mohammad Yousuf, FOUR runs
Broad to Hafeez, no run
Broad to Hafeez, FOUR runs
Broad to Hafeez, 2 runs
Broad to Hafeez, no run
Broad to Mohammad Yousuf, 1 run
Broad to Hafeez, 1 run
Dalrymple to Mohammad Yousuf, no run
Dalrymple to Hafeez, 1 run
Dalrymple to Hafeez, 1 wide
Dalrymple to Afridi, OUT
Dalrymple to Hafeez, 1 run
Dalrymple to Hafeez, no run
Dalrymple to Hafeez, no run
Broad to Afridi, FOUR runs
Broad to Afridi, SIX runs
Broad to Afridi, FOUR runs
Broad to Afridi, no run
Broad to Hafeez, 1 run
Broad to Hafeez, FOUR runs
Mahmood to Afridi, no run
Mahmood to Afridi, 1 wide
Mahmood to Afridi, (no ball) FOUR runs
Mahmood to Afridi, FOUR runs
Mahmood to Afridi, 1 wide
Mahmood to Afridi, FOUR runs
Mahmood to Hafeez, 1 run
Mahmood to Hafeez, FOUR runs
Mahmood to Hafeez, 2 runs
Broad to Afridi, 2 runs
Broad to Younis, OUT
Broad to Malik, OUT
Broad to Malik, FOUR runs
Broad to Malik, no run
Broad to Malik, no run
Gough to Malik, 3 runs
Gough to Malik, no run
Gough to Hafeez, 3 runs
Gough to Hafeez, 2 runs
Gough to Hafeez, no run
Gough to Hafeez, no run
Broad to Malik, no run
Broad to Malik, 2 runs
Broad to Malik, no run
Broad to Malik, no run
Broad to Malik, no run
Broad to Malik, no run
Gough to Hafeez, 2 runs
Gough to Hafeez, no run
Gough to Malik, 3 runs
Gough to Malik, FOUR runs
Gough to Malik, no run
Gough to Malik, no run
