Smith to Kieswetter, FOUR runs
Smith to Kieswetter, no run
Barnwell to Hales, FOUR runs
Barnwell to Kieswetter, 1 run
Barnwell to Kieswetter, no run
Barnwell to Hales, 1 run
Barnwell to Hales, no run
Barnwell to Hales, no run
Bishoo to Hales, 1 run
Bishoo to Hales, no run
Bishoo to Hales, (no ball)
Bishoo to Kieswetter, 1 run
Bishoo to Kieswetter, no run
Bishoo to Hales, 1 run
Bishoo to Kieswetter, 1 run
Bonner to Hales, no run
Bonner to Hales, no run
Bonner to Kieswetter, 1 run
Bonner to Hales, 1 run
Bonner to Kieswetter, 1 run
Bonner to Kieswetter, SIX runs
Bonner to Kieswetter, (no ball)
Bishoo to Hales, 2 runs
Bishoo to Hales, FOUR runs
Bishoo to Hales, FOUR runs
Bishoo to Kieswetter, 1 run
Bishoo to Kieswetter, no run
Bishoo to Kieswetter, no run
Bonner to Kieswetter, 1 run
Bonner to Hales, 1 run
Bonner to Hales, 2 runs
Bonner to Hales, no run
Bonner to Kieswetter, 1 run
Bonner to Hales, 1 run
Bonner to Kieswetter, (no ball) 1 run
Bishoo to Hales, no run
Bishoo to Kieswetter, 1 run
Bishoo to Kieswetter, no run
Bishoo to Kieswetter, 1 wide
Bishoo to Kieswetter, 2 runs
Bishoo to Hales, 1 run
Bishoo to Hales, no run
Barnwell to Hales, 1 run
Barnwell to Kieswetter, 1 run
Barnwell to Hales, 1 run
Barnwell to Hales, no run
Barnwell to Kieswetter, 1 run
Barnwell to Kieswetter, 2 runs
Bishoo to Kieswetter, 1 run
Bishoo to Hales, 1 run
Bishoo to Kieswetter, 1 run
Bishoo to Kieswetter, 2 runs
Bishoo to Hales, 1 run
Bishoo to Kieswetter, 1 run
Russell to Hales, no run
Russell to Hales, FOUR runs
Russell to Hales, no run
Russell to Hales, SIX runs
Russell to Hales, 2 runs
Russell to Hales, 2 runs
Sammy to Kieswetter, 2 runs
Sammy to Kieswetter, FOUR runs
Sammy to Hales, 1 run
Sammy to Hales, no run
Sammy to Kieswetter, 1 run
Sammy to Kieswetter, no run
Edwards to Hales, no run
Edwards to Hales, FOUR runs
Edwards to Kieswetter, 3 runs
Edwards to Kieswetter, (no ball)
Edwards to Kieswetter, no run
Edwards to Hales, 1 run
Edwards to Hales, FOUR runs
Sammy to Kieswetter, no run
Sammy to Kieswetter, 2 runs
Sammy to Kieswetter, no run
Sammy to Hales, 1 run
Sammy to Kieswetter, 1 run
Sammy to Kieswetter, 2 runs
Russell to Hales, FOUR runs
Russell to Hales, no run
Russell to Kieswetter, 1 run
Russell to Kieswetter, no run
Russell to Hales, 1 run
Russell to Hales, 1 wide
Russell to Hales, no run
Edwards to Kieswetter, no run
Edwards to Kieswetter, no run
Edwards to Kieswetter, no run
Edwards to Kieswetter, SIX runs
Edwards to Kieswetter, (no ball)
Edwards to Kieswetter, FOUR runs
Edwards to Kieswetter, no run
Edwards to Kieswetter, 1 wide
Sammy to Hales, no run
Sammy to Hales, no run
Sammy to Hales, no run
Sammy to Kieswetter, 1 run
Sammy to Hales, 1 run
Sammy to Hales, FOUR runs
