Bopara to Sammy, OUT
Bopara to Edwards, 1 run
Bopara to Sammy, 1 run
Bopara to Sammy, no run
Dernbach to Edwards, 2 runs
Dernbach to Edwards, no run
Dernbach to Edwards, FOUR runs
Dernbach to Bishoo, OUT
Dernbach to Bishoo, 1 wide
Dernbach to Christian, OUT
Dernbach to Christian, no run
Bopara to Sammy, 2 runs
Bopara to Sammy, 2 runs
Bopara to Sammy, no run
Bopara to Hyatt, OUT
Bopara to Hyatt, 1 run, OUT
Bopara to Hyatt, no run
Dernbach to Russell, no run
Dernbach to Russell, no run
Dernbach to Russell, FOUR runs
Dernbach to Hyatt, 1 run
Dernbach to Hyatt, no run
Dernbach to Russell, 1 run
Bopara to Hyatt, no run
Bopara to Russell, 1 run
Bopara to Russell, no run
Bopara to Barnwell, OUT
Bopara to Bonner, OUT
Bopara to Hyatt, 1 run
Dernbach to Bonner, no run
Dernbach to Hyatt, 1 run
Dernbach to Hyatt, no run
Dernbach to Bonner, 3 runs
Dernbach to Bonner, no run
Dernbach to Hyatt, 1 run
Patel to Bonner, no run
Patel to Hyatt, 1 run
Patel to Charles, OUT
Patel to Charles, SIX runs
Patel to Charles, no run
Patel to Charles, 2 runs
Swann to Hyatt, FOUR runs
Swann to Hyatt, no run
Swann to Hyatt, SIX runs
Swann to Hyatt, no run
Swann to Hyatt, no run
Swann to Hyatt, 1 wide
Swann to Hyatt, SIX runs
Bopara to Charles, no run
Bopara to Charles, no run
Bopara to Charles, no run
Bopara to Charles, no run
Bopara to Charles, no run
Bopara to Hyatt, 1 run
Swann to Hyatt, 1 run
Swann to Charles, 1 run
Swann to Hyatt, 1 run
Swann to Charles, 1 run
Swann to Hyatt, 1 run
Swann to Hyatt, no run
Patel to Hyatt, 1 run
Patel to Hyatt, no run
Patel to Charles, 1 run
Patel to Hyatt, 1 run
Patel to Hyatt, no run
Patel to Charles, 1 run
Swann to Samuels, OUT
Swann to Charles, 1 run
Swann to Samuels, 1 run
Swann to Charles, 1 run
Swann to Samuels, 1 run
Swann to Samuels, no run
Patel to Charles, 2 runs
Patel to Charles, no run
Patel to Charles, no run
Patel to Charles, no run
Patel to Samuels, 1 run
Patel to Samuels, no run
Swann to Charles, no run
Swann to Charles, 2 runs
Swann to Charles, no run
Swann to Samuels, 1 run
Swann to Charles, 1 run
Swann to Charles, no run
Patel to Smith, OUT
Patel to Smith, no run
Patel to Smith, FOUR runs
Patel to Smith, 2 runs
Patel to Charles, 1 run
Patel to Charles, no run
Dernbach to Charles, 1 run
Dernbach to Charles, no run
Dernbach to Charles, no run
Dernbach to Smith, 1 run
Dernbach to Smith, no run
Dernbach to Smith, no run
Finn to Charles, FOUR runs
Finn to Charles, FOUR runs
Finn to Charles, 2 runs
Finn to Charles, FOUR runs
Finn to Charles, no run
Finn to Smith, 1 run
Bresnan to Smith, 1 run
Bresnan to Smith, SIX runs
Bresnan to Smith, no run
Bresnan to Smith, FOUR runs
Bresnan to Smith, SIX runs
Bresnan to Smith, 1 wide
Bresnan to Smith, FOUR runs
Finn to Charles, no run
Finn to Charles, no run
Finn to Charles, no run
Finn to Smith, 1 run
Finn to Smith, no run
Finn to Smith, no run
Bresnan to Smith, 1 run
Bresnan to Smith, 2 runs
Bresnan to Smith, no run
Bresnan to Smith, no run
Bresnan to Charles, 1 run
Bresnan to Charles, no run
