Guptill to White, SIX runs
Guptill to White, no run
Guptill to White, no run
Guptill to White, FOUR runs
Guptill to White, no run
Guptill to Clarke, 1 run
McCullum to White, no run
McCullum to White, no run
McCullum to Clarke, 1 run
McCullum to White, 1 run
McCullum to White, no run
McCullum to Hussey, OUT
Vettori to Hussey, 1 run
Vettori to Clarke, 1 run
Vettori to Hussey, 1 run
Vettori to Hussey, no run
Vettori to Hussey, no run
Vettori to Hussey, no run
Bond to Hussey, 3 runs
Bond to Clarke, 1 run
Bond to Clarke, 1 wide
Bond to Clarke, 1 wide
Bond to Clarke, no run
Bond to Hussey, 1 run
Bond to Hussey, no run
Bond to Clarke, 1 run
Vettori to Clarke, 1 run
Vettori to Clarke, no run
Vettori to Hussey, 1 run
Vettori to Clarke, 1 run
Vettori to Clarke, 1 wide
Vettori to Clarke, no run
Vettori to Hussey, 1 run
McCullum to Clarke, no run
McCullum to Hussey, 1 run
McCullum to Hussey, FOUR runs
McCullum to Hussey, FOUR runs
McCullum to Hussey, FOUR runs
McCullum to Hussey, no run
Oram to Clarke, no run
Oram to Clarke, 1 wide
Oram to Hussey, 1 run
Oram to Hussey, no run
Oram to Hussey, 2 runs
Oram to Hussey, FOUR runs
Oram to Clarke, 1 run
McCullum to Hussey, no run
McCullum to Clarke, 1 run
McCullum to Hussey, 1 run
McCullum to Hussey, 2 runs
McCullum to Clarke, 1 run
McCullum to Hussey, 1 run
Oram to Clarke, no run
Oram to Clarke, FOUR runs
Oram to Hussey, 1 run
Oram to Clarke, 1 run
Oram to Clarke, no run
Oram to Clarke, no run
Tuffey to Clarke, 1 run
Tuffey to Hussey, 1 run
Tuffey to Hussey, FOUR runs
Tuffey to Hussey, 2 runs
Tuffey to Clarke, 1 run
Tuffey to Clarke, no run
Vettori to Hussey, 2 runs
Vettori to Clarke, 1 run
Vettori to Hussey, 1 run
Vettori to Hussey, no run
Vettori to Hussey, no run
Vettori to Hussey, no run
Bond to Clarke, no run
Bond to Hussey, 3 runs
Bond to Hussey, no run
Bond to Hussey, no run
Bond to Hussey, 1 wide
Bond to Johnson, OUT
Bond to Johnson, no run
Vettori to Clarke, no run
Vettori to Johnson, 1 run
Vettori to Watson, OUT
Vettori to Watson, no run
Vettori to Watson, no run
Vettori to Watson, no run
Bond to Warner, OUT
Bond to Warner, 2 runs
Bond to Warner, no run
Bond to Warner, FOUR runs
Bond to Warner, no run
Bond to Warner, FOUR runs
Tuffey to Watson, FOUR runs
Tuffey to Watson, 2 runs
Tuffey to Watson, FOUR runs
Tuffey to Watson, FOUR runs
Tuffey to Watson, FOUR runs
Tuffey to Watson, no run
Bond to Warner, SIX runs
Bond to Watson, 1 run
Bond to Watson, no run
Bond to Warner, 3 runs
Bond to Warner, no run
Bond to Warner, no run
