Watson to Tuffey, OUT
Watson to Bond, 1 run
Watson to Tuffey, OUT
Watson to Vettori, 1 run
Watson to Tuffey, 1 bye
Watson to Vettori, 1 run
Tait to Vettori, 1 run
Tait to Vettori, no run
Tait to Franklin, OUT
Tait to Vettori, 1 bye
Tait to Franklin, 1 run
Tait to Franklin, no run
Nannes to McCullum, OUT
Nannes to Franklin, 1 run
Nannes to Franklin, no run
Nannes to Franklin, no run
Nannes to McCullum, 1 run
Nannes to Oram, OUT
Johnson to Oram, 1 run
Johnson to Oram, 1 wide
Johnson to Franklin, 1 leg bye
Johnson to Franklin, no run
Johnson to Franklin, 2 runs
Johnson to Franklin, no run
Johnson to Franklin, no run
Watson to Hopkins, OUT
Watson to Franklin, 1 run
Watson to Franklin, no run
Watson to Franklin, FOUR runs
Watson to Franklin, no run
Watson to Franklin, 2 runs
Tait to Hopkins, FOUR runs
Tait to Franklin, 1 run
Tait to Franklin, FOUR runs
Tait to Franklin, no run
Tait to Hopkins, 1 run
Tait to Hopkins, SIX runs
Watson to Franklin, SIX runs
Watson to Hopkins, 1 run
Watson to Franklin, 1 run
Watson to Franklin, no run
Watson to Hopkins, 1 run
Watson to Hopkins, no run
Christian to Franklin, SIX runs
Christian to Hopkins, 1 run
Christian to Hopkins, FOUR runs
Christian to Franklin, 1 run
Christian to Hopkins, 1 run
Christian to Franklin, 1 run
Watson to Franklin, 1 run
Watson to Franklin, no run
Watson to Hopkins, 1 run
Watson to Franklin, 1 run
Watson to Hopkins, 1 run
Watson to Hopkins, no run
Johnson to Franklin, no run
Johnson to Guptill, OUT
Johnson to Franklin, 1 run
Johnson to Guptill, 1 run
Johnson to Guptill, 2 runs
Johnson to Franklin, 1 run
Smith to Guptill, 2 runs
Smith to Guptill, 2 runs
Smith to Guptill, no run
Smith to Franklin, 1 run
Smith to Franklin, no run
Smith to Guptill, 1 run
Hussey to Guptill, 1 run
Hussey to Franklin, 1 run
Hussey to Franklin, no run
Hussey to Guptill, 1 run
Hussey to Franklin, 1 run
Hussey to Franklin, 2 runs
Smith to Franklin, 1 run
Smith to Franklin, no run
Smith to Franklin, no run
Smith to Guptill, 1 run
Smith to Guptill, no run
Smith to Franklin, 1 run
Johnson to Guptill, no run
Johnson to Franklin, 1 run
Johnson to Taylor, OUT
Johnson to Taylor, 2 runs
Johnson to Guptill, 1 run
Johnson to Taylor, 1 run
Nannes to Guptill, 2 runs
Nannes to Guptill, FOUR runs
Nannes to Guptill, no run
Nannes to Guptill, FOUR runs
Nannes to Taylor, 1 run
Nannes to Taylor, no run
Johnson to Guptill, no run
Johnson to Taylor, 1 run
Johnson to Taylor, FOUR runs
Johnson to Taylor, no run
Johnson to Taylor, no run
Johnson to Ingram, OUT
Nannes to Guptill, no run
Nannes to Guptill, FOUR runs
Nannes to Guptill, no run
Nannes to Guptill, no run
Nannes to Ingram, 1 bye
Nannes to Ingram, no run
Tait to Ingram, 1 run
Tait to Ingram, no run
Tait to Ingram, no run
Tait to Ingram, no run
Tait to Ingram, no run
Tait to Ingram, no run
Nannes to Guptill, no run
Nannes to Guptill, FOUR runs
Nannes to Guptill, no run
Nannes to Guptill, no run
Nannes to Guptill, no run
Nannes to Ingram, 1 run
Tait to Guptill, no run
Tait to Guptill, no run
Tait to McCullum, OUT
Tait to McCullum, no run
Tait to McCullum, no run
Tait to McCullum, 2 runs
