Lakmal to Duminy, 1 run
Lakmal to Duminy, FOUR runs
Lakmal to de Villiers, 1 run
Lakmal to du Plessis, OUT
Lakmal to Duminy, 1 run
Lakmal to du Plessis, 1 run
Kulasekara to du Plessis, 1 run
Kulasekara to du Plessis, FOUR runs
Kulasekara to du Plessis, FOUR runs
Kulasekara to du Plessis, no run
Kulasekara to du Plessis, no run
Kulasekara to Duminy, 1 run
Mendis to du Plessis, FOUR runs
Mendis to Duminy, 1 run
Mendis to Duminy, 2 runs
Mendis to du Plessis, 1 run
Mendis to du Plessis, 1 wide
Mendis to Duminy, 2 wide
Mendis to du Plessis, 1 run
Mendis to du Plessis, no run
Kulasekara to Duminy, SIX runs
Kulasekara to du Plessis, 1 run
Kulasekara to du Plessis, FOUR runs
Kulasekara to Duminy, 1 run
Kulasekara to du Plessis, 1 run
Kulasekara to Duminy, 1 run
Senanayake to du Plessis, 2 runs
Senanayake to Duminy, 1 run
Senanayake to Duminy, 2 runs
Senanayake to du Plessis, 1 run
Senanayake to du Plessis, no run
Senanayake to Duminy, 1 run
Lakmal to du Plessis, no run
Lakmal to Duminy, 1 run
Lakmal to Duminy, SIX runs
Lakmal to Duminy, no run
Lakmal to du Plessis, 1 run
Lakmal to Duminy, 1 run
Senanayake to du Plessis, no run
Senanayake to du Plessis, no run
Senanayake to du Plessis, 1 wide
Senanayake to du Plessis, no run
Senanayake to Duminy, 1 run
Senanayake to Duminy, no run
Senanayake to du Plessis, 1 run
Mendis to Duminy, FOUR runs
Mendis to du Plessis, 1 run
Mendis to du Plessis, no run
Mendis to Duminy, 1 run
Mendis to du Plessis, 1 run
Mendis to Duminy, 1 run
Dilshan to du Plessis, SIX runs
Dilshan to du Plessis, no run
Dilshan to Duminy, 1 run
Dilshan to du Plessis, 1 run
Dilshan to du Plessis, FOUR runs
Dilshan to Duminy, 1 run
Mendis to du Plessis, no run
Mendis to du Plessis, FOUR runs
Mendis to du Plessis, no run
Mendis to Duminy, 1 run
Mendis to du Plessis, 1 run
Mendis to Duminy, 1 run
Dilshan to Duminy, 1 run
Dilshan to Duminy, no run
Dilshan to Duminy, FOUR runs
Dilshan to Duminy, 2 runs
Dilshan to Duminy, no run
Dilshan to du Plessis, 1 run
Angelo Mathews to du Plessis, 1 run
Angelo Mathews to du Plessis, SIX runs
Angelo Mathews to Duminy, 1 leg bye
Angelo Mathews to du Plessis, 1 run
Angelo Mathews to du Plessis, no run
Angelo Mathews to du Plessis, SIX runs
Mendis to Duminy, 2 runs
Mendis to Duminy, no run
Mendis to du Plessis, 1 run
Mendis to Duminy, 1 run
Mendis to de Kock, OUT
Mendis to de Kock, no run
Perera to du Plessis, FOUR runs
Perera to du Plessis, FOUR runs
Perera to de Kock, 1 run
Perera to de Kock, no run
Perera to du Plessis, 1 run
Perera to du Plessis, no run
Senanayake to du Plessis, 1 run
Senanayake to de Kock, 1 run
Senanayake to de Kock, no run
Senanayake to du Plessis, 1 run
Senanayake to du Plessis, no run
Senanayake to du Plessis, 2 runs
Lakmal to de Kock, FOUR runs
Lakmal to de Kock, FOUR runs
Lakmal to de Kock, no run
Lakmal to de Kock, 1 wide
Lakmal to de Kock, no run
Lakmal to de Kock, no run
Lakmal to du Plessis, 1 run
Senanayake to du Plessis, 1 run
Senanayake to du Plessis, no run
Senanayake to du Plessis, no run
Senanayake to du Plessis, FOUR runs
Senanayake to du Plessis, no run
Senanayake to du Plessis, no run
Kulasekara to de Kock, FOUR runs
Kulasekara to de Kock, no run
Kulasekara to du Plessis, 1 run
Kulasekara to du Plessis, no run
Kulasekara to du Plessis, no run
Kulasekara to du Plessis, no run
Kulasekara to du Plessis, 1 wide
Lakmal to de Kock, 2 runs
Lakmal to de Kock, no run
Lakmal to de Kock, no run
Lakmal to de Kock, no run
Lakmal to de Kock, no run
Lakmal to de Kock, no run
Kulasekara to du Plessis, no run
Kulasekara to du Plessis, no run
Kulasekara to du Plessis, 3 wide
Kulasekara to du Plessis, no run
Kulasekara to du Plessis, FOUR runs
Kulasekara to du Plessis, no run
Kulasekara to Davids, OUT
