Morkel to Dilshan, SIX runs
Parnell to Perera, 2 runs
Parnell to Perera, 1 wide
Parnell to Perera, FOUR runs
Parnell to Perera, FOUR runs
Parnell to Perera, SIX runs
Parnell to Perera, FOUR runs
Parnell to Perera, no run
Morkel to Perera, 1 run
Morkel to Dilshan, 3 runs
Morkel to Dilshan, FOUR runs
Morkel to Perera, 1 run
Morkel to Dilshan, 1 run
Morkel to Perera, 1 run
Wiese to Perera, 1 run
Wiese to Dilshan, 1 run
Wiese to Perera, 1 run
Wiese to Angelo Mathews, OUT
Wiese to Angelo Mathews, FOUR runs
Wiese to Dilshan, 1 run
Tahir to Angelo Mathews, no run
Tahir to Angelo Mathews, no run
Tahir to Angelo Mathews, 2 runs
Tahir to Dilshan, 1 leg bye
Tahir to Dilshan, no run
Tahir to Angelo Mathews, 1 run
Tsotsobe to Angelo Mathews, 1 run
Tsotsobe to Angelo Mathews, FOUR runs
Tsotsobe to Dilshan, 1 run
Tsotsobe to Angelo Mathews, 1 run
Tsotsobe to Dilshan, 1 run
Tsotsobe to Dilshan, FOUR runs
Tahir to Dilshan, 1 run
Tahir to Dilshan, no run
Tahir to Angelo Mathews, 1 run
Tahir to Chandimal, OUT
Tahir to Dilshan, 1 run
Tahir to Chandimal, 1 run
Wiese to Dilshan, no run
Wiese to Chandimal, 1 run
Wiese to Chandimal, no run
Wiese to Chandimal, FOUR runs
Wiese to Dilshan, 1 run
Wiese to Dilshan, no run
Morkel to Chandimal, no run
Morkel to Chandimal, no run
Morkel to Chandimal, no run
Morkel to Dilshan, 1 run
Morkel to Dilshan, no run
Morkel to Chandimal, 1 run
Wiese to Dilshan, no run
Wiese to Dilshan, no run
Wiese to Chandimal, 1 run
Wiese to Dilshan, 1 run
Wiese to Chandimal, 1 run
Wiese to Chandimal, no run
Tahir to Chandimal, 1 run
Tahir to Dilshan, 1 run
Tahir to Chandimal, 1 run
Tahir to Dilshan, 1 run
Tahir to Dilshan, FOUR runs
Tahir to Chandimal, 1 run
Wiese to Dilshan, FOUR runs
Wiese to Chandimal, 1 run
Wiese to Dilshan, 1 run
Wiese to Chandimal, 1 run
Wiese to Chandimal, no run
Wiese to Perera, OUT
Tahir to Perera, 1 run
Tahir to Perera, no run
Tahir to Dilshan, 1 run
Tahir to Dilshan, no run
Tahir to Dilshan, 2 runs
Tahir to Dilshan, no run
Parnell to Perera, no run
Parnell to Mahela Jayawardene, OUT
Parnell to Mahela Jayawardene, FOUR runs
Parnell to Mahela Jayawardene, no run
Parnell to Dilshan, 1 run
Parnell to Dilshan, no run
Tsotsobe to Mahela Jayawardene, FOUR runs
Tsotsobe to Dilshan, 1 run
Tsotsobe to Dilshan, FOUR runs
Tsotsobe to Dilshan, FOUR runs
Tsotsobe to Dilshan, no run
Tsotsobe to Dilshan, (no ball)
Tsotsobe to Mahela Jayawardene, 1 run
Parnell to Mahela Jayawardene, 1 run
Parnell to Mahela Jayawardene, no run
Parnell to Mahela Jayawardene, FOUR runs
Parnell to Dilshan, 1 run
Parnell to Mahela Jayawardene, 1 run
Parnell to Mahela Jayawardene, FOUR runs
Tsotsobe to Dilshan, 2 runs
Tsotsobe to Dilshan, 2 runs
Tsotsobe to Dilshan, no run
Tsotsobe to Dilshan, no run
Tsotsobe to Dilshan, FOUR runs
Tsotsobe to Dilshan, no run
Morkel to Mahela Jayawardene, 2 runs
Morkel to Mahela Jayawardene, no run
Morkel to Mahela Jayawardene, no run
Morkel to Mahela Jayawardene, FOUR runs
Morkel to Mahela Jayawardene, FOUR runs
Morkel to Mahela Jayawardene, FOUR runs
Tsotsobe to Dilshan, FOUR runs
Tsotsobe to Dilshan, FOUR runs
Tsotsobe to Dilshan, SIX runs
Tsotsobe to Dilshan, no run
Tsotsobe to Dilshan, no run
Tsotsobe to Dilshan, no run
