Lee to Bresnan, 1 run
Lee to Woakes, 1 run
Lee to Woakes, SIX runs
Lee to Bresnan, 1 run
Lee to Bresnan, 2 runs
Lee to Bresnan, 2 runs
Tait to Bresnan, 1 run
Tait to Bresnan, 5 wide
Tait to Woakes, 1 run
Tait to Bresnan, 1 run
Tait to Woakes, 1 run
Tait to Bresnan, 1 leg bye
Tait to Woakes, 1 run
Johnson to Bresnan, 2 runs
Johnson to Bresnan, 2 runs
Johnson to Woakes, 1 run
Johnson to Bresnan, 1 run
Johnson to Morgan, OUT
Johnson to Bresnan, 1 run
Tait to Morgan, no run
Tait to Bresnan, 1 run
Tait to Wright, OUT
Tait to Wright, 2 runs
Tait to Wright, FOUR runs
Tait to Wright, 2 runs
Lee to Wright, 1 run
Lee to Morgan, 1 run
Lee to Wright, 1 run
Lee to Wright, 2 runs
Lee to Morgan, 1 run
Lee to Morgan, no run
Hussey to Wright, no run
Hussey to Morgan, 1 run
Hussey to Wright, 1 run
Hussey to Wright, 2 runs
Hussey to Morgan, 1 leg bye
Hussey to Wright, 1 run
Watson to Wright, 1 run
Watson to Morgan, 1 run
Watson to Wright, 1 run
Watson to Wright, no run
Watson to Wright, no run
Watson to Davies, OUT
Johnson to Davies, 1 run
Johnson to Morgan, 1 run
Johnson to Morgan, no run
Johnson to Morgan, no run
Johnson to Morgan, FOUR runs
Johnson to Morgan, no run
Watson to Davies, no run
Watson to Morgan, 1 run
Watson to Davies, 1 run
Watson to Morgan, 1 run
Watson to Morgan, no run
Watson to Morgan, no run
Hussey to Morgan, 1 run
Hussey to Davies, 1 run
Hussey to Morgan, 1 run
Hussey to Morgan, no run
Hussey to Davies, 1 run
Hussey to Morgan, 1 run
Watson to PD Collingwood, OUT
Watson to Davies, 1 run
Watson to PD Collingwood, 1 run
Watson to PD Collingwood, no run
Watson to PD Collingwood, no run
Watson to PD Collingwood, no run
O'Keefe to PD Collingwood, 1 run
O'Keefe to PD Collingwood, no run
O'Keefe to Davies, 1 run
O'Keefe to Davies, FOUR runs
O'Keefe to PD Collingwood, 1 run
O'Keefe to PD Collingwood, 2 runs
Johnson to PD Collingwood, 1 run
Johnson to Pietersen, OUT
Johnson to Davies, 1 run
Johnson to Pietersen, 1 run
Johnson to Bell, OUT
Johnson to Bell, 2 runs
Hussey to Davies, 2 runs
Hussey to Davies, 2 runs
Hussey to Bell, 1 run
Hussey to Davies, 1 run
Hussey to Davies, 2 runs
Hussey to Davies, no run
Johnson to Bell, 2 runs
Johnson to Bell, FOUR runs
Johnson to Bell, 2 runs
Johnson to Davies, 1 run
Johnson to Bell, 1 run
Johnson to Bell, no run
Johnson to Bell, 1 wide
Watson to Davies, 2 runs
Watson to Davies, no run
Watson to Davies, FOUR runs
Watson to Bell, 1 run
Watson to Bell, 2 runs
Watson to Bell, no run
Lee to Bell, 1 run
Lee to Davies, 1 run
Lee to Davies, no run
Lee to Davies, (no ball)
Lee to Bell, 3 runs
Lee to Davies, 1 run
Lee to Bell, 1 run
Tait to Bell, 1 run
Tait to Bell, (no ball) 2 runs
Tait to Bell, 2 runs
Tait to Bell, 2 runs
Tait to Bell, no run
Tait to Bell, no run
Tait to Davies, 1 run
Lee to Bell, no run
Lee to Bell, no run
Lee to Davies, 1 run
Lee to Davies, no run
Lee to Bell, 1 run
Lee to Bell, no run
Tait to Bell, 3 runs
Tait to Bell, no run
Tait to Bell, FOUR runs
Tait to Bell, no run
Tait to Bell, FOUR runs
Tait to Bell, no run
