Bresnan to Finch, 2 runs
Bresnan to Finch, 2 runs
Bresnan to Finch, 2 runs
Bresnan to Finch, 2 runs
Bresnan to Johnson, 1 run
Bresnan to O'Keefe, OUT
Shahzad to Finch, SIX runs
Shahzad to O'Keefe, 1 run
Shahzad to Smith, OUT
Shahzad to Smith, no run
Shahzad to Finch, 3 runs
Shahzad to Finch, FOUR runs
Bresnan to Finch, 1 leg bye
Bresnan to Smith, 1 run
Bresnan to Finch, 1 leg bye
Bresnan to Smith, 1 run
Bresnan to Finch, 1 run
Bresnan to Smith, 1 run
Pietersen to Finch, no run
Pietersen to Finch, FOUR runs
Pietersen to Finch, no run
Pietersen to Finch, no run
Pietersen to Finch, no run
Pietersen to Finch, SIX runs
Yardy to Smith, no run
Yardy to Finch, 1 run
Yardy to Smith, 1 run
Yardy to Finch, 1 run
Yardy to Finch, 2 runs
Yardy to Smith, 1 run
Pietersen to Smith, 1 run
Pietersen to Finch, 1 run
Pietersen to Finch, FOUR runs
Pietersen to Finch, no run
Pietersen to Finch, no run
Pietersen to Smith, 1 run
Yardy to Smith, 1 run
Yardy to Smith, 2 runs
Yardy to Finch, 1 run
Yardy to Smith, 1 run
Yardy to Smith, 2 runs
Yardy to Finch, 1 run
Swann to Smith, no run
Swann to Smith, no run
Swann to Smith, no run
Swann to Finch, 1 run
Swann to Finch, FOUR runs
Swann to Finch, 2 runs
Yardy to Smith, no run
Yardy to Hussey, OUT
Yardy to Hussey, 2 runs
Yardy to Finch, 1 run
Yardy to Hussey, 1 run
Yardy to Hussey, no run
Swann to Finch, no run
Swann to Finch, no run
Swann to Finch, no run
Swann to Finch, 2 runs
Swann to White, OUT
Swann to Hussey, 1 run
Yardy to White, no run
Yardy to Hussey, 1 run
Yardy to Hussey, no run
Yardy to Hussey, no run
Yardy to Warner, OUT
Yardy to Warner, no run
Swann to Warner, 1 run
Swann to Hussey, 1 run
Swann to Hussey, no run
Swann to Hussey, no run
Swann to Hussey, no run
Swann to Warner, 1 run
Bresnan to Warner, 1 run
Bresnan to Hussey, 1 run
Bresnan to Hussey, no run
Bresnan to Warner, 3 runs
Bresnan to Hussey, 1 run
Bresnan to Hussey, no run
Swann to Warner, no run
Swann to Paine, OUT
Swann to Warner, 1 run
Swann to Paine, 1 run
Swann to Paine, FOUR runs
Swann to Paine, no run
Bresnan to Paine, 1 run
Bresnan to Paine, no run
Bresnan to Paine, FOUR runs
Bresnan to Warner, 1 run
Bresnan to Paine, 1 run
Bresnan to Warner, 1 run
Woakes to Paine, 2 runs
Woakes to Paine, 2 runs
Woakes to Paine, SIX runs
Woakes to Paine, no run
Woakes to Warner, 1 run
Woakes to Warner, 1 wide
Woakes to Watson, OUT
Shahzad to Warner, no run
Shahzad to Warner, FOUR runs
Shahzad to Warner, no run
Shahzad to Warner, no run
Shahzad to Watson, 1 run
Shahzad to Watson, SIX runs
Woakes to Warner, FOUR runs
Woakes to Watson, 1 run
Woakes to Warner, 1 run
Woakes to Warner, 2 runs
Woakes to Watson, 1 run
Woakes to Watson, SIX runs
Shahzad to Warner, FOUR runs
Shahzad to Warner, 2 runs
Shahzad to Warner, 2 runs
Shahzad to Watson, 1 run
Shahzad to Watson, no run
Shahzad to Watson, no run
Woakes to Warner, no run
Woakes to Watson, 1 run
Woakes to Warner, 1 run
Woakes to Warner, no run
Woakes to Warner, no run
Woakes to Warner, no run
