Flintoff to Dhoni, 2 runs
Flintoff to Yuvraj, OUT
Flintoff to Yuvraj, SIX runs
Flintoff to Yuvraj, 2 runs
Flintoff to Yuvraj, no run
Flintoff to Dhoni, 1 run
Broad to Yuvraj, SIX runs
Broad to Yuvraj, SIX runs
Broad to Yuvraj, SIX runs
Broad to Yuvraj, SIX runs
Broad to Yuvraj, SIX runs
Broad to Yuvraj, SIX runs
Flintoff to Yuvraj, 1 run
Flintoff to Yuvraj, FOUR runs
Flintoff to Yuvraj, FOUR runs
Flintoff to Dhoni, 1 run
Flintoff to Yuvraj, 1 run
Flintoff to Dhoni, 1 run
Tremlett to Yuvraj, FOUR runs
Tremlett to Yuvraj, no run
Tremlett to Uthappa, OUT
Tremlett to Uthappa, 1 wide
Tremlett to Dhoni, 1 run
Tremlett to Uthappa, 1 run
Tremlett to Uthappa, FOUR runs
Maddy to Dhoni, 2 runs
Maddy to Dhoni, 2 runs
Maddy to Dhoni, no run
Maddy to Gambhir, OUT
Maddy to Gambhir, 2 runs
Maddy to Gambhir, FOUR runs
Tremlett to Gambhir, 1 run
Tremlett to Uthappa, 1 run
Tremlett to Sehwag, OUT
Tremlett to Sehwag, 2 runs
Tremlett to Gambhir, 1 run
Tremlett to Gambhir, FOUR runs
Maddy to Gambhir, 1 leg bye
Maddy to Sehwag, 1 run
Maddy to Gambhir, 1 run
Maddy to Gambhir, FOUR runs
Maddy to Gambhir, FOUR runs
Maddy to Gambhir, no run
Anderson to Gambhir, 1 run
Anderson to Gambhir, 2 runs
Anderson to Gambhir, 1 wide
Anderson to Sehwag, 1 run
Anderson to Gambhir, 1 run
Anderson to Sehwag, 1 run
Anderson to Gambhir, 1 run
Tremlett to Sehwag, no run
Tremlett to Sehwag, no run
Tremlett to Gambhir, 1 leg bye
Tremlett to Sehwag, 1 run
Tremlett to Sehwag, FOUR runs
Tremlett to Gambhir, 2 wide
Tremlett to Gambhir, FOUR runs
Broad to Sehwag, FOUR runs
Broad to Sehwag, no run
Broad to Gambhir, 1 run
Broad to Gambhir, no run
Broad to Sehwag, 1 run
Broad to Sehwag, 2 runs
PD Collingwood to Sehwag, 1 run
PD Collingwood to Sehwag, FOUR runs
PD Collingwood to Sehwag, SIX runs
PD Collingwood to Gambhir, 1 run
PD Collingwood to Gambhir, no run
PD Collingwood to Sehwag, 1 run
Anderson to Gambhir, FOUR runs
Anderson to Sehwag, 1 run
Anderson to Sehwag, no run
Anderson to Gambhir, 1 run
Anderson to Sehwag, 1 run
Anderson to Sehwag, no run
Tremlett to Gambhir, no run
Tremlett to Sehwag, 1 run
Tremlett to Sehwag, no run
Tremlett to Gambhir, (no ball) 1 run
Tremlett to Gambhir, FOUR runs
Tremlett to Sehwag, 1 run
Tremlett to Sehwag, SIX runs
AD Mascarenhas to Sehwag, 1 run
AD Mascarenhas to Sehwag, 2 runs
AD Mascarenhas to Sehwag, SIX runs
AD Mascarenhas to Gambhir, 1 run
AD Mascarenhas to Sehwag, 1 run
AD Mascarenhas to Sehwag, FOUR runs
Flintoff to Sehwag, 1 run
Flintoff to Sehwag, 2 runs
Flintoff to Sehwag, 1 wide
Flintoff to Sehwag, no run
Flintoff to Sehwag, no run
Flintoff to Sehwag, 2 runs
Flintoff to Sehwag, no run
Broad to Sehwag, 3 runs
Broad to Sehwag, no run
Broad to Sehwag, 1 wide
Broad to Sehwag, no run
Broad to Gambhir, 1 run
Broad to Gambhir, SIX runs
Broad to Sehwag, 1 run
Anderson to Gambhir, no run
Anderson to Gambhir, no run
Anderson to Gambhir, 2 runs
Anderson to Gambhir, 2 runs
Anderson to Sehwag, 1 run
Anderson to Gambhir, 1 run
Flintoff to Gambhir, 1 run
Flintoff to Gambhir, no run
Flintoff to Sehwag, 1 run
Flintoff to Sehwag, no run
Flintoff to Sehwag, no run
Flintoff to Sehwag, 2 runs
Broad to Sehwag, 1 run
Broad to Sehwag, 1 wide
Broad to Gambhir, 1 run
Broad to Gambhir, no run
Broad to Sehwag, 1 run
Broad to Sehwag, no run
Broad to Sehwag, no run
Anderson to Sehwag, 1 leg bye
Anderson to Sehwag, no run
Anderson to Sehwag, 4 leg byes
Anderson to Sehwag, 1 wide
Anderson to Sehwag, 1 wide
Anderson to Gambhir, 1 run
Anderson to Gambhir, no run
Anderson to Gambhir, no run
Anderson to Gambhir, 1 wide
