Pathan to Flintoff, FOUR runs
Pathan to Wright, OUT
Pathan to Wright, SIX runs
Pathan to Wright, FOUR runs
Pathan to Wright, 1 wide
Pathan to Flintoff, 1 run
Pathan to Wright, 1 run
Harbhajan to Flintoff, 2 runs
Harbhajan to Wright, 1 run
Harbhajan to Wright, 2 runs
Harbhajan to Flintoff, 1 run
Harbhajan to Wright, 1 run
Harbhajan to Wright, 5 wide
Harbhajan to Wright, no run
Singh to Wright, 1 run
Singh to PD Collingwood, OUT
Singh to PD Collingwood, no run
Singh to Shah, OUT
Singh to Shah, 3 wide
Singh to Shah, no run
Singh to Shah, no run
Joginder Sharma to Shah, 1 run
Joginder Sharma to Shah, FOUR runs
Joginder Sharma to Shah, SIX runs
Joginder Sharma to PD Collingwood, 3 runs
Joginder Sharma to Shah, 1 leg bye
Joginder Sharma to PD Collingwood, 1 run
Sreesanth to Shah, no run
Sreesanth to Shah, FOUR runs
Sreesanth to Shah, no run
Sreesanth to Shah, 1 wide
Sreesanth to PD Collingwood, 1 run
Sreesanth to PD Collingwood, FOUR runs
Sreesanth to PD Collingwood, SIX runs
Harbhajan to PD Collingwood, 1 run
Harbhajan to Shah, 1 run
Harbhajan to Shah, FOUR runs
Harbhajan to Shah, 1 wide
Harbhajan to PD Collingwood, 1 run
Harbhajan to Shah, 1 run
Harbhajan to Pietersen, OUT
Singh to Pietersen, 1 run
Singh to PD Collingwood, 1 run
Singh to Pietersen, 1 run
Singh to PD Collingwood, 1 run
Singh to Pietersen, 1 run
Singh to PD Collingwood, 1 run
Pathan to PD Collingwood, 1 run
Pathan to PD Collingwood, no run
Pathan to PD Collingwood, no run
Pathan to PD Collingwood, no run
Pathan to Pietersen, 1 run
Pathan to PD Collingwood, 1 run
Joginder Sharma to Pietersen, FOUR runs
Joginder Sharma to Pietersen, SIX runs
Joginder Sharma to PD Collingwood, 1 run
Joginder Sharma to PD Collingwood, FOUR runs
Joginder Sharma to Pietersen, 1 run
Joginder Sharma to Pietersen, 2 runs
Pathan to Pietersen, 1 run
Pathan to PD Collingwood, 1 run
Pathan to Pietersen, 1 run
Pathan to Solanki, OUT
Pathan to Pietersen, 1 run
Pathan to Solanki, 1 run
Sreesanth to Solanki, 1 run
Sreesanth to Pietersen, 1 run
Sreesanth to Pietersen, 2 runs
Sreesanth to Pietersen, 2 runs
Sreesanth to Pietersen, FOUR runs
Sreesanth to Solanki, 1 run
Harbhajan to Solanki, 1 run
Harbhajan to Pietersen, 1 run
Harbhajan to Solanki, 1 run
Harbhajan to Pietersen, 1 leg bye
Harbhajan to Solanki, 1 run
Harbhajan to Solanki, FOUR runs
Joginder Sharma to Pietersen, FOUR runs
Joginder Sharma to Solanki, 1 run
Joginder Sharma to Pietersen, 1 run
Joginder Sharma to Solanki, 1 run
Joginder Sharma to Solanki, 2 runs
Joginder Sharma to Solanki, no run
Harbhajan to Pietersen, 2 runs
Harbhajan to Solanki, 1 run
Harbhajan to Solanki, 2 leg byes
Harbhajan to Pietersen, 1 run
Harbhajan to Solanki, 1 run
Harbhajan to Pietersen, 1 run
Pathan to Solanki, FOUR runs
Pathan to Solanki, no run
Pathan to Maddy, OUT
Pathan to Maddy, 2 runs
Pathan to Maddy, SIX runs
Pathan to Maddy, no run
Joginder Sharma to Solanki, SIX runs
Joginder Sharma to Solanki, FOUR runs
Joginder Sharma to Maddy, 1 run
Joginder Sharma to Maddy, no run
Joginder Sharma to Maddy, FOUR runs
Joginder Sharma to Maddy, no run
Singh to Solanki, no run
Singh to Maddy, 1 run
Singh to Solanki, 1 run
Singh to Solanki, FOUR runs
Singh to Maddy, 1 run
Singh to Maddy, FOUR runs
Sreesanth to Maddy, 1 run
Sreesanth to Solanki, 1 run
Sreesanth to Maddy, 1 run
Sreesanth to Maddy, FOUR runs
Sreesanth to Solanki, 1 run
Sreesanth to Solanki, no run
Singh to Solanki, 1 run
Singh to Solanki, no run
Singh to Solanki, no run
Singh to Solanki, FOUR runs
Singh to Maddy, 1 leg bye
Singh to Maddy, 2 runs
Sreesanth to Maddy, 1 run
Sreesanth to Solanki, 1 run
Sreesanth to Solanki, no run
Sreesanth to Maddy, 1 run
Sreesanth to Maddy, no run
Sreesanth to Maddy, no run
