Vaas to Gillespie, 1 run
Vaas to Gillespie, 2 runs
Vaas to Bond, OUT
Vaas to Bond, no run
Vaas to Adams, 1 run
Vaas to Adams, 2 runs
Silva to McGlashan, OUT
Silva to Adams, 1 run
Silva to McGlashan, 1 run
Silva to McGlashan, no run
Silva to Adams, 1 run
Silva to McGlashan, 1 run
Jayasuriya to McGlashan, 1 leg bye
Jayasuriya to McGlashan, no run
Jayasuriya to Adams, 1 run
Jayasuriya to Astle, OUT
Jayasuriya to Astle, SIX runs
Jayasuriya to McGlashan, 1 run
Mahela Jayawardene to McGlashan, 1 run
Mahela Jayawardene to McGlashan, no run
Mahela Jayawardene to Astle, 1 run
Mahela Jayawardene to Astle, FOUR runs
Mahela Jayawardene to McGlashan, 1 run
Mahela Jayawardene to Astle, 1 run
Jayasuriya to McGlashan, no run
Jayasuriya to McGlashan, no run
Jayasuriya to Marshall, OUT
Jayasuriya to Astle, 1 run
Jayasuriya to Astle, 1 wide
Jayasuriya to Astle, no run
Jayasuriya to Marshall, 1 run
Murali to Marshall, 1 leg bye
Murali to Marshall, no run
Murali to Taylor, OUT
Murali to Taylor, no run
Murali to Taylor, no run
Murali to Astle, 1 run
Jayasuriya to Astle, 1 run
Jayasuriya to Taylor, 1 run
Jayasuriya to Astle, 1 run
Jayasuriya to Taylor, 3 runs
Jayasuriya to Astle, 1 run
Jayasuriya to Taylor, 1 run
Fernando to Taylor, 1 leg bye
Fernando to Taylor, 2 runs
Fernando to Taylor, FOUR runs
Fernando to Taylor, FOUR runs
Fernando to Taylor, 2 runs
Fernando to Astle, 1 run
Jayasuriya to Taylor, no run
Jayasuriya to Astle, 1 run
Jayasuriya to Franklin, OUT
Jayasuriya to Taylor, 1 run
Jayasuriya to Taylor, no run
Jayasuriya to Taylor, no run
Murali to Taylor, 1 run
Murali to Franklin, 2 wide
Murali to Taylor, 1 run
Murali to Taylor, no run
Murali to Taylor, no run
Murali to Franklin, 1 run
Murali to Franklin, no run
Maharoof to Taylor, no run
Maharoof to Franklin, 1 run
Maharoof to Franklin, SIX runs
Maharoof to Franklin, no run
Maharoof to Franklin, FOUR runs
Maharoof to Franklin, no run
Murali to Franklin, 1 run
Murali to Franklin, 1 wide
Murali to Franklin, FOUR runs
Murali to Franklin, no run
Murali to Taylor, 1 run
Murali to Franklin, 1 leg bye
Murali to McCullum, OUT
Maharoof to Franklin, no run
Maharoof to McCullum, 1 run
Maharoof to Franklin, 1 run
Maharoof to Franklin, no run
Maharoof to Fleming, OUT
Maharoof to Fleming, no run
Murali to McCullum, no run
Murali to Fleming, 1 run
Murali to McCullum, 1 run
Murali to McCullum, SIX runs
Murali to McCullum, no run
Murali to McCullum, SIX runs
Fernando to McCullum, 1 run
Fernando to McCullum, no run
Fernando to McCullum, no run
Fernando to Fleming, 1 run
Fernando to Fleming, FOUR runs
Fernando to McCullum, 1 run
Vaas to Fleming, FOUR runs
Vaas to Fleming, 2 runs
Vaas to Fleming, 2 runs
Vaas to Fleming, 2 runs
Vaas to Fleming, no run
Vaas to Fleming, no run
Fernando to McCullum, SIX runs
Fernando to Fleming, 1 run
Fernando to Fleming, no run
Fernando to Fleming, FOUR runs
Fernando to McCullum, 1 run
Fernando to McCullum, FOUR runs
Vaas to Fleming, no run
Vaas to Fleming, 2 runs
Vaas to McCullum, 1 run
Vaas to McCullum, no run
Vaas to Fleming, 1 run
Vaas to Fleming, no run
Maharoof to McCullum, no run
Maharoof to McCullum, FOUR runs
Maharoof to Fleming, 1 run
Maharoof to Fleming, FOUR runs
Maharoof to Fleming, FOUR runs
Maharoof to Fleming, FOUR runs
Vaas to McCullum, SIX runs
Vaas to McCullum, no run
Vaas to Fleming, 1 run
Vaas to Fleming, no run
Vaas to McCullum, 1 run
Vaas to McCullum, 4 leg byes
