Adams to Jayasuriya, FOUR runs
Adams to Jayasuriya, FOUR runs
Adams to Jayasuriya, SIX runs
Adams to Jayasuriya, FOUR runs
Adams to Jayasuriya, no run
Bond to Jayasuriya, 1 run
Bond to Jayasuriya, FOUR runs
Bond to Mahela Jayawardene, 1 run
Bond to Jayasuriya, 1 run
Bond to Mahela Jayawardene, 1 run
Bond to Upul Tharanga, OUT
Franklin to Jayasuriya, no run
Franklin to Jayasuriya, no run
Franklin to Jayasuriya, 2 runs
Franklin to Upul Tharanga, 1 run
Franklin to Upul Tharanga, no run
Franklin to Upul Tharanga, 2 runs
Bond to Jayasuriya, FOUR runs
Bond to Upul Tharanga, 1 run
Bond to Jayasuriya, 1 run
Bond to Jayasuriya, no run
Bond to Jayasuriya, 1 wide
Bond to Jayasuriya, no run
Bond to Upul Tharanga, 1 run
Franklin to Jayasuriya, no run
Franklin to Jayasuriya, FOUR runs
Franklin to Jayasuriya, FOUR runs
Franklin to Jayasuriya, FOUR runs
Franklin to Jayasuriya, 1 wide
Franklin to Upul Tharanga, 1 run
Franklin to Upul Tharanga, no run
Bond to Jayasuriya, no run
Bond to Jayasuriya, no run
Bond to Jayasuriya, FOUR runs
Bond to Jayasuriya, FOUR runs
Bond to Upul Tharanga, 1 leg bye
Bond to Upul Tharanga, no run
