Dernbach to Morkel, 2 runs
Dernbach to Kallis, 1 run
Dernbach to Kallis, 2 runs
Dernbach to Kallis, 2 runs
Dernbach to Kallis, 2 runs
Dernbach to Kallis, 1 wide
Dernbach to Morkel, 1 run
Dernbach to Morkel, 1 wide
Bresnan to Morkel, 1 run
Bresnan to Kallis, 1 run
Bresnan to Morkel, 1 run
Bresnan to Morkel, SIX runs
Bresnan to Ontong, OUT
Bresnan to Morkel, 1 run
Swann to Ontong, 2 runs
Swann to Ontong, SIX runs
Swann to Morkel, 1 run
Swann to Ontong, 1 run
Swann to Morkel, 1 run
Swann to Morkel, 2 runs
Dernbach to Ontong, no run
Dernbach to Ontong, no run
Dernbach to Morkel, 1 run
Dernbach to Morkel, no run
Dernbach to Morkel, no run
Dernbach to Ontong, 1 run
Swann to Amla, OUT
Swann to Amla, no run
Swann to Morkel, 1 bye
Swann to Morkel, no run
Swann to Amla, 1 run
Swann to de Villiers, OUT
Broad to Amla, no run
Broad to Amla, FOUR runs
Broad to Amla, 2 runs
Broad to Amla, no run
Broad to Amla, no run
Broad to Amla, 1 wide
Broad to Amla, no run
Swann to Amla, 3 runs
Swann to Amla, no run
Swann to de Villiers, 1 run
Swann to Amla, 1 run
Swann to Amla, FOUR runs
Swann to de Villiers, 1 run
Briggs to du Plessis, OUT
Briggs to Amla, 1 leg bye
Briggs to du Plessis, 1 leg bye
Briggs to Amla, 1 run
Briggs to Amla, 2 runs
Briggs to Amla, FOUR runs
Broad to du Plessis, no run
Broad to du Plessis, 1 wide
Broad to Amla, 1 run
Broad to du Plessis, 1 run
Broad to du Plessis, FOUR runs
Broad to Amla, 1 leg bye
Broad to Amla, FOUR runs
Bresnan to Amla, 1 run
Bresnan to Amla, no run
Bresnan to du Plessis, 3 runs
Bresnan to Levi, OUT
Bresnan to Levi, no run
Bresnan to Levi, no run
Briggs to Amla, FOUR runs
Briggs to Amla, no run
Briggs to Amla, no run
Briggs to Amla, no run
Briggs to Amla, FOUR runs
Briggs to Levi, 1 run
