Morkel to Buttler, 1 run
Morkel to Bresnan, 1 run
Morkel to Bairstow, OUT
Morkel to Bairstow, FOUR runs
Morkel to Kieswetter, OUT
Morkel to Kieswetter, SIX runs
Parnell to Buttler, 2 runs
Parnell to Buttler, SIX runs
Parnell to Buttler, FOUR runs
Parnell to Buttler, (no ball) FOUR runs
Parnell to Buttler, (no ball)
Parnell to Buttler, 2 runs
Parnell to Buttler, SIX runs
Parnell to Buttler, SIX runs
Botha to Kieswetter, SIX runs
Botha to Kieswetter, 2 runs
Botha to Buttler, 1 run
Botha to Kieswetter, 1 run
Botha to Morgan, OUT
Botha to Kieswetter, 1 run
Kallis to Kieswetter, 1 run
Kallis to Kieswetter, no run
Kallis to Kieswetter, 2 runs
Kallis to Kieswetter, SIX runs
Kallis to Kieswetter, 2 runs
Kallis to Kieswetter, no run
Botha to Morgan, no run
Botha to Kieswetter, 1 run
Botha to Kieswetter, no run
Botha to Morgan, 1 run
Botha to Morgan, no run
Botha to Morgan, no run
Peterson to Morgan, 1 run
Peterson to Morgan, 2 runs
Peterson to Morgan, no run
Peterson to Kieswetter, 1 run
Peterson to Morgan, 1 run
Peterson to Kieswetter, 1 run
Botha to Kieswetter, 1 run
Botha to Wright, OUT
Botha to Wright, no run
Botha to Kieswetter, 1 run
Botha to Kieswetter, FOUR runs
Botha to Wright, 1 leg bye
Peterson to Wright, 1 run
Peterson to Kieswetter, 1 run
Peterson to Kieswetter, no run
Peterson to Wright, 4 wide
Peterson to Kieswetter, 1 run
Peterson to Wright, 1 run
Peterson to Wright, 1 wide
Peterson to Kieswetter, 1 run
Morkel to Wright, no run
Morkel to Kieswetter, 1 run
Morkel to Wright, 1 run
Morkel to Kieswetter, 1 run
Morkel to Wright, 1 leg bye
Morkel to Wright, 2 runs
Parnell to Kieswetter, no run
Parnell to Kieswetter, no run
Parnell to Wright, 1 run
Parnell to Lumb, OUT
Parnell to Lumb, no run
Parnell to Lumb, FOUR runs
Morkel to Kieswetter, no run
Morkel to Kieswetter, no run
Morkel to Kieswetter, FOUR runs
Morkel to Kieswetter, FOUR runs
Morkel to Kieswetter, 1 wide
Morkel to Kieswetter, 5 wide
Morkel to Lumb, 1 run
Morkel to Kieswetter, 1 run
