Best to McKay, no run
Best to Coulter-Nile, 1 leg bye
Best to McKay, 1 bye
Best to McKay, 2 runs
Best to Coulter-Nile, 1 run
Best to Coulter-Nile, 1 wide
Best to McKay, 1 run
Pollard to Coulter-Nile, SIX runs
Pollard to Coulter-Nile, SIX runs
Pollard to Coulter-Nile, no run
Pollard to Coulter-Nile, no run
Pollard to Coulter-Nile, no run
Pollard to Coulter-Nile, no run
Narine to McKay, no run
Narine to McKay, no run
Narine to McKay, 2 runs
Narine to Coulter-Nile, 1 run
Narine to McKay, 1 run
Narine to Cutting, OUT
Pollard to Coulter-Nile, 2 runs
Pollard to Coulter-Nile, no run
Pollard to Rohrer, OUT
Pollard to Faulkner, OUT
Pollard to Faulkner, 2 runs
Pollard to Rohrer, 1 run
Narine to Rohrer, 1 run
Narine to Faulkner, 1 run
Narine to Rohrer, 1 run
Narine to Rohrer, 2 runs
Narine to Rohrer, no run
Narine to Faulkner, 1 run
Pollard to Rohrer, SIX runs
Pollard to Faulkner, 1 run
Pollard to Faulkner, 2 runs
Pollard to Haddin, OUT
Pollard to Haddin, no run
Pollard to Rohrer, 1 run
Deonarine to Rohrer, 1 run
Deonarine to Haddin, 1 run
Deonarine to Haddin, 2 runs
Deonarine to Haddin, SIX runs
Deonarine to Haddin, FOUR runs
Deonarine to Haddin, SIX runs
Pollard to Rohrer, no run
Pollard to Haddin, 1 run
Pollard to Haddin, no run
Pollard to Rohrer, 1 run
Pollard to Rohrer, no run
Pollard to Haddin, 1 run
Narine to Haddin, 1 run
Narine to Bailey, OUT
Narine to Bailey, no run
Narine to Rohrer, 1 run
Narine to Bailey, 1 run
Narine to Bailey, no run
Dwayne Bravo to Bailey, 1 run
Dwayne Bravo to Bailey, FOUR runs
Dwayne Bravo to Bailey, FOUR runs
Dwayne Bravo to Bailey, 2 runs
Dwayne Bravo to Rohrer, 1 run
Dwayne Bravo to Bailey, OUT
Deonarine to Bailey, 1 run
Deonarine to Bailey, 2 runs
Deonarine to Voges, OUT
Deonarine to Marsh, 1 run
Deonarine to Voges, 1 run
Deonarine to Voges, 2 runs
Dwayne Bravo to Voges, 1 run
Dwayne Bravo to Marsh, 1 run
Dwayne Bravo to Voges, 1 run
Dwayne Bravo to Marsh, 1 run
Dwayne Bravo to Marsh, no run
Dwayne Bravo to Voges, 1 run
Deonarine to Marsh, no run
Deonarine to Voges, 1 run
Deonarine to Voges, FOUR runs
Deonarine to Voges, 2 runs
Deonarine to Voges, 2 runs
Deonarine to Marsh, 1 run
Russell to Marsh, 1 run
Russell to Voges, 1 run
Russell to Voges, SIX runs
Russell to Voges, no run
Russell to Voges, no run
Russell to Marsh, 1 run
Sammy to Marsh, 1 run
Sammy to Voges, 1 run
Sammy to Marsh, 1 run
Sammy to Marsh, SIX runs
Sammy to Voges, 1 run
Sammy to Marsh, 1 run
Narine to Marsh, 1 run
Narine to Voges, 3 runs
Narine to Marsh, 1 run
Narine to Voges, 1 run
Narine to Voges, no run
Narine to Voges, no run
Sammy to Voges, 1 run
Sammy to Voges, 1 wide
Sammy to Marsh, 1 run
Sammy to Voges, 1 run
Sammy to Voges, SIX runs
Sammy to Voges, 2 runs
Sammy to Voges, 2 runs
Best to Voges, 1 run
Best to Voges, 1 wide
Best to Marsh, 1 run
Best to Voges, 1 run
Best to Voges, 2 runs
Best to Voges, FOUR runs
Best to Voges, no run
Sammy to Voges, 1 run
Sammy to Marsh, 1 run
Sammy to Voges, 1 run
Sammy to Marsh, 1 run
Sammy to Voges, 1 run
Sammy to Finch, OUT
Best to Finch, 1 run
Best to Marsh, 1 leg bye
Best to Finch, 1 run
Best to Finch, no run
Best to Finch, 2 runs
Best to Finch, no run
