McKay to Russell, 2 runs
McKay to Russell, FOUR runs
McKay to Russell, 2 runs
McKay to Russell, FOUR runs
McKay to Deonarine, 1 run
McKay to Deonarine, FOUR runs
Faulkner to Deonarine, 1 run
Faulkner to Russell, 1 run
Faulkner to Sammy, OUT
Faulkner to Sammy, SIX runs
Faulkner to Sammy, 1 wide
Faulkner to Sammy, 2 runs
Faulkner to Sammy, SIX runs
Hazlewood to Russell, FOUR runs
Hazlewood to Sammy, 1 run
Hazlewood to Sammy, FOUR runs
Hazlewood to Russell, 1 run
Hazlewood to Russell, 2 runs
Hazlewood to Russell, 2 runs
Faulkner to Russell, 1 run
Faulkner to Russell, no run
Faulkner to Sammy, 1 run
Faulkner to Dwayne Bravo, OUT
Faulkner to Dwayne Bravo, 2 runs
Faulkner to Pollard, OUT
Cutting to Dwayne Bravo, 2 runs
Cutting to Pollard, 1 run
Cutting to Dwayne Bravo, 3 runs
Cutting to Pollard, 1 run
Cutting to Pollard, no run
Cutting to Pollard, SIX runs
Coulter-Nile to Pollard, 1 run
Coulter-Nile to Dwayne Bravo, 1 run
Coulter-Nile to Pollard, 1 run
Coulter-Nile to Dwayne Bravo, 1 run
Coulter-Nile to Dwayne Bravo, no run
Coulter-Nile to Dwayne Bravo, no run
McKay to Pollard, FOUR runs
McKay to Pollard, 2 runs
McKay to Pollard, no run
McKay to Dwayne Bravo, 3 runs
McKay to Dwayne Bravo, no run
McKay to Dwayne Bravo, no run
Cutting to Pollard, FOUR runs
Cutting to Pollard, 2 runs
Cutting to Dwayne Bravo, 1 run
Cutting to Dwayne Bravo, no run
Cutting to Pollard, 1 run, OUT
Cutting to Pollard, 2 runs
Hazlewood to Pollard, 1 leg bye
Hazlewood to Darren Bravo, 1 run
Hazlewood to Darren Bravo, no run
Hazlewood to Pollard, 1 run
Hazlewood to Pollard, no run
Hazlewood to Darren Bravo, 1 run
Coulter-Nile to Charles, OUT
Coulter-Nile to Charles, no run
Coulter-Nile to Charles, FOUR runs
Coulter-Nile to Darren Bravo, 1 leg bye
Coulter-Nile to Darren Bravo, 1 wide
Coulter-Nile to Darren Bravo, 2 runs
Coulter-Nile to Darren Bravo, FOUR runs
Cutting to Charles, 2 runs
Cutting to Charles, 2 runs
Cutting to Darren Bravo, 1 run
Cutting to Charles, 1 run
Cutting to Charles, FOUR runs
Cutting to Darren Bravo, 1 leg bye
McKay to Charles, FOUR runs
McKay to Darren Bravo, 1 run
McKay to Charles, 1 run
McKay to Charles, FOUR runs
McKay to Charles, 2 runs
McKay to Darren Bravo, 1 run
Cutting to Darren Bravo, 1 run
Cutting to Charles, 1 run
Cutting to Darren Bravo, 1 run
Cutting to Darren Bravo, FOUR runs
Cutting to Darren Bravo, 2 runs
Cutting to Charles, 1 run
Coulter-Nile to Charles, 1 run
Coulter-Nile to Charles, SIX runs
Coulter-Nile to Charles, no run
Coulter-Nile to Darren Bravo, 1 run
Coulter-Nile to Charles, 1 run
Coulter-Nile to Darren Bravo, 1 run
Faulkner to Darren Bravo, 1 run
Faulkner to Darren Bravo, no run
Faulkner to Charles, 1 run
Faulkner to Charles, no run
Faulkner to Charles, no run
Faulkner to Charles, no run
Coulter-Nile to Charles, 3 runs
Coulter-Nile to Charles, FOUR runs
Coulter-Nile to Charles, FOUR runs
Coulter-Nile to Charles, no run
Coulter-Nile to Charles, no run
Coulter-Nile to Charles, no run
Hazlewood to Charles, 1 leg bye
Hazlewood to Charles, no run
Hazlewood to Charles, 2 runs
Hazlewood to Darren Bravo, 3 runs
Hazlewood to Charles, 1 run
Hazlewood to Darren Bravo, 1 run
Faulkner to Darren Bravo, 1 run
Faulkner to Darren Bravo, no run
Faulkner to Darren Bravo, no run
Faulkner to Darren Bravo, FOUR runs
Faulkner to Darren Bravo, no run
Faulkner to Darren Bravo, no run
Hazlewood to Charles, FOUR runs
Hazlewood to Darren Bravo, 1 run
Hazlewood to Charles, 1 run
Hazlewood to Gayle, OUT
Hazlewood to Gayle, SIX runs
Hazlewood to Gayle, no run
McKay to Gayle, 1 run
McKay to Gayle, no run
McKay to Charles, 3 runs
McKay to Charles, no run
McKay to Gayle, 1 run
McKay to Gayle, no run
