Kohli to Bopara, 1 run
Kohli to Bopara, no run
Kohli to Bairstow, 1 run
Kohli to Bopara, 1 run
Raina to Bopara, 1 run
Raina to Bopara, 2 runs
Raina to Bopara, no run
Raina to Bopara, no run
Raina to Bairstow, 1 run
Raina to Bopara, 1 run
Kohli to Bopara, 1 bye
Kohli to Bopara, 2 runs
Kohli to Bopara, no run
Kohli to Bopara, no run
Kohli to Bopara, FOUR runs
Kohli to Bopara, no run
Raina to Bairstow, no run
Raina to Pietersen, OUT
Raina to Pietersen, no run
Raina to Bopara, 1 run
Raina to Pietersen, 1 run
Raina to Bopara, 1 run
Raina to Bopara, 1 wide
Kohli to Pietersen, 2 runs
Kohli to Pietersen, no run
Kohli to Patel, OUT
Kohli to Pietersen, 1 run
Kohli to Pietersen, no run
Kohli to Patel, 1 run
Ashwin to Pietersen, no run
Ashwin to Patel, 1 run
Ashwin to Pietersen, 1 run
Ashwin to Pietersen, no run
Ashwin to Patel, 1 run
Ashwin to Patel, no run
Vinay to Pietersen, SIX runs
Vinay to Pietersen, FOUR runs
Vinay to Patel, 1 run
Vinay to Pietersen, 1 run
Vinay to Pietersen, no run
Vinay to Patel, 1 run
Jadeja to Pietersen, no run
Jadeja to Pietersen, no run
Jadeja to Pietersen, no run
Jadeja to Patel, 1 run
Jadeja to Patel, no run
Jadeja to Pietersen, 1 run
Vinay to Patel, no run
Vinay to Patel, no run
Vinay to Patel, no run
Vinay to Patel, no run
Vinay to Patel, SIX runs
Vinay to Patel, no run
Praveen to Pietersen, FOUR runs
Praveen to Pietersen, FOUR runs
Praveen to Pietersen, 2 runs
Praveen to Patel, 1 run
Praveen to Pietersen, 1 run
Praveen to Patel, 1 run
Pathan to Pietersen, FOUR runs
Pathan to Pietersen, SIX runs
Pathan to Patel, 1 run
Pathan to Patel, FOUR runs
Pathan to Patel, no run
Pathan to Pietersen, 1 run
Jadeja to Patel, no run
Jadeja to Patel, no run
Jadeja to Patel, no run
Jadeja to Pietersen, 1 run
Jadeja to Patel, 2 wide
Jadeja to Patel, 2 runs
Jadeja to Patel, no run
Pathan to Hales, OUT
Pathan to Pietersen, 1 run
Pathan to Pietersen, SIX runs
Pathan to Pietersen, no run
Pathan to Pietersen, FOUR runs
Pathan to Hales, 1 run
Jadeja to Pietersen, no run
Jadeja to Pietersen, no run
Jadeja to Hales, 1 leg bye
Jadeja to Pietersen, 1 leg bye
Jadeja to Pietersen, no run
Jadeja to Pietersen, no run
Ashwin to Hales, no run
Ashwin to Pietersen, 1 run
Ashwin to Pietersen, no run
Ashwin to Hales, 1 run
Ashwin to Pietersen, 1 run
Ashwin to Hales, 1 run
Jadeja to Pietersen, no run
Jadeja to Hales, 1 run
Jadeja to Hales, no run
Jadeja to Hales, no run
Jadeja to Kieswetter, OUT
Jadeja to Hales, 1 run
Ashwin to Kieswetter, no run
Ashwin to Hales, 1 run
Ashwin to Hales, no run
Ashwin to Kieswetter, 1 leg bye
Ashwin to Kieswetter, no run
Ashwin to Kieswetter, FOUR runs
Pathan to Kieswetter, 1 run
Pathan to Hales, 1 run
Pathan to Hales, no run
Pathan to Hales, 2 runs
Pathan to Kieswetter, 1 run
Pathan to Hales, 1 run
Ashwin to Kieswetter, 2 runs
Ashwin to Kieswetter, FOUR runs
Ashwin to Kieswetter, no run
Ashwin to Kieswetter, 1 wide
Ashwin to Hales, 1 run
Ashwin to Hales, no run
Ashwin to Hales, no run
