Dernbach to Dhoni, OUT
Dernbach to Dhoni, SIX runs
Dernbach to Dhoni, 2 runs
Dernbach to Dhoni, no run
Dernbach to Ashwin, 1 run
Dernbach to Ashwin, FOUR runs
Bopara to Ashwin, 1 run
Bopara to Ashwin, FOUR runs
Bopara to Dhoni, 1 run
Bopara to Ashwin, 1 run
Bopara to Ashwin, 1 wide
Bopara to Ashwin, no run
Bopara to Ashwin, FOUR runs
Dernbach to Ashwin, 1 run
Dernbach to Dhoni, 1 run
Dernbach to Ashwin, 1 run
Dernbach to Ashwin, no run
Dernbach to Dhoni, 1 run
Dernbach to Dhoni, no run
Bopara to Ashwin, no run
Bopara to Praveen, OUT
Bopara to Praveen, no run
Bopara to Pathan, OUT
Bopara to Pathan, no run
Bopara to Pathan, no run
Bresnan to Dhoni, no run
Bresnan to Dhoni, no run
Bresnan to Dhoni, 2 runs
Bresnan to Pathan, 1 run
Bresnan to Dhoni, 1 run
Bresnan to Dhoni, no run
Bopara to Pathan, no run
Bopara to Pathan, 2 runs
Bopara to Dhoni, 1 run
Bopara to Dhoni, no run
Bopara to Pathan, 1 run
Bopara to Pathan, no run
Finn to Dhoni, no run
Finn to Dhoni, no run
Finn to Dhoni, no run
Finn to Dhoni, no run
Finn to Pathan, 1 run
Finn to Dhoni, 1 run
Swann to Dhoni, 1 run
Swann to Pathan, 1 run
Swann to Pathan, FOUR runs
Swann to Pathan, no run
Swann to Dhoni, 1 run
Swann to Dhoni, no run
Finn to Jadeja, OUT
Finn to Raina, OUT
Finn to Raina, no run
Finn to Dhoni, 3 runs
Finn to Raina, 1 run
Finn to Raina, FOUR runs
Patel to Dhoni, no run
Patel to Dhoni, no run
Patel to Tiwary, OUT
Patel to Tiwary, no run
Patel to Raina, 1 run
Patel to Raina, no run
Dernbach to Tiwary, no run
Dernbach to Tiwary, no run
Dernbach to Raina, 1 run
Dernbach to Tiwary, 1 run
Dernbach to Raina, 1 run
Dernbach to Tiwary, 1 run
Patel to Tiwary, 1 run
Patel to Tiwary, 2 runs
Patel to Tiwary, 2 runs
Patel to Tiwary, 2 runs
Patel to Tiwary, no run
Patel to Tiwary, no run
Swann to Raina, 2 runs
Swann to Raina, 2 runs
Swann to Raina, SIX runs
Swann to Tiwary, 1 run
Swann to Raina, 1 run
Swann to Raina, FOUR runs
Patel to Raina, 1 run
Patel to Raina, no run
Patel to Tiwary, 1 run
Patel to Tiwary, 2 runs
Patel to Raina, 1 leg bye
Patel to Tiwary, 1 run
Bresnan to Raina, FOUR runs
Bresnan to Raina, no run
Bresnan to Tiwary, 1 run
Bresnan to Raina, 1 run
Bresnan to Kohli, OUT
Bresnan to Kohli, no run
Dernbach to Raina, no run
Dernbach to Raina, no run
Dernbach to Raina, FOUR runs
Dernbach to Raina, no run
Dernbach to Kohli, 1 run
Dernbach to Kohli, no run
Bresnan to Kohli, 1 run
Bresnan to Kohli, FOUR runs
Bresnan to Kohli, no run
Bresnan to Kohli, no run
Bresnan to Kohli, FOUR runs
Bresnan to Kohli, no run
Finn to Raina, SIX runs
Finn to Raina, no run
Finn to Kohli, 1 run
Finn to Kohli, no run
Finn to Kohli, no run
Finn to Kohli, no run
Bresnan to Raina, no run
Bresnan to Raina, no run
Bresnan to Raina, no run
Bresnan to Raina, no run
Bresnan to Uthappa, OUT
Bresnan to Uthappa, no run
Finn to Kohli, FOUR runs
Finn to Kohli, no run
Finn to Rahane, OUT
Finn to Rahane, no run
Finn to Rahane, no run
Finn to Uthappa, 1 run
