Tait to Nehra, OUT
Tait to Rohit Sharma, 1 run
Tait to Rohit Sharma, 1 wide
Tait to Khan, OUT
Tait to Rohit Sharma, 1 run
Nannes to Rohit Sharma, 1 run
Nannes to Rohit Sharma, no run
Nannes to Rohit Sharma, SIX runs
Nannes to Rohit Sharma, 2 runs
Nannes to Rohit Sharma, FOUR runs
Nannes to Rohit Sharma, 2 runs
Smith to Khan, no run
Smith to Rohit Sharma, 1 run
Smith to Khan, 1 run
Smith to Khan, 2 runs
Smith to Khan, SIX runs
Smith to Khan, no run
Watson to Rohit Sharma, SIX runs
Watson to Rohit Sharma, FOUR runs
Watson to Rohit Sharma, no run
Watson to Harbhajan, OUT
Watson to Harbhajan, SIX runs
Watson to Rohit Sharma, 1 run
Smith to Harbhajan, no run
Smith to Rohit Sharma, 1 run
Smith to Rohit Sharma, SIX runs
Smith to Rohit Sharma, 2 runs
Smith to Rohit Sharma, no run
Smith to Rohit Sharma, SIX runs
Smith to Harbhajan, 2 wide
Johnson to Harbhajan, 1 leg bye
Johnson to Harbhajan, no run
Johnson to Harbhajan, FOUR runs
Johnson to Harbhajan, 2 runs
Johnson to Harbhajan, no run
Johnson to Rohit Sharma, 1 run
Tait to Harbhajan, no run
Tait to Harbhajan, no run
Tait to Rohit Sharma, 1 run
Tait to Rohit Sharma, 2 runs
Tait to Rohit Sharma, 1 wide
Tait to Rohit Sharma, no run
Tait to Harbhajan, 1 run
Watson to Rohit Sharma, FOUR runs
Watson to Rohit Sharma, no run
Watson to Rohit Sharma, SIX runs
Watson to Jadeja, OUT
Watson to Jadeja, 1 wide
Watson to Rohit Sharma, 1 run
Watson to Jadeja, 1 run
Smith to Rohit Sharma, no run
Smith to Jadeja, 1 run
Smith to Rohit Sharma, 1 run
Smith to Jadeja, 1 run
Smith to Rohit Sharma, 1 run
Smith to Jadeja, 1 run
Johnson to Pathan, OUT
Johnson to Rohit Sharma, 1 run
Johnson to Pathan, 1 run
Johnson to Pathan, 1 wide
Johnson to Pathan, no run
Johnson to Pathan, 1 wide
Johnson to Pathan, no run
Johnson to Rohit Sharma, 1 run
Smith to Pathan, no run
Smith to Dhoni, OUT
Smith to Rohit Sharma, 1 run
Smith to Dhoni, 1 run
Smith to Dhoni, no run
Smith to Dhoni, no run
Johnson to Rohit Sharma, SIX runs
Johnson to Dhoni, 1 run
Johnson to Dhoni, 1 wide
Johnson to Dhoni, no run
Johnson to Rohit Sharma, 1 run
Johnson to Rohit Sharma, 2 runs
Johnson to Rohit Sharma, no run
Watson to Dhoni, no run
Watson to Dhoni, no run
Watson to Rohit Sharma, 1 run
Watson to Rohit Sharma, no run
Watson to Rohit Sharma, no run
Watson to Rohit Sharma, no run
Nannes to Yuvraj, OUT
Nannes to Rohit Sharma, 1 run
Nannes to Rohit Sharma, no run
Nannes to Rohit Sharma, FOUR runs
Nannes to Rohit Sharma, no run
Nannes to Yuvraj, 1 run
Tait to Rohit Sharma, no run
Tait to Rohit Sharma, no run
Tait to Raina, OUT
Tait to Raina, FOUR runs
Tait to Raina, no run
Tait to Raina, 1 wide
Tait to Raina, no run
Nannes to Gambhir, OUT
Nannes to Gambhir, no run
Nannes to Gambhir, no run
Nannes to Raina, 1 run
Nannes to Gambhir, 1 run
Nannes to Vijay, OUT
Tait to Gambhir, no run
Tait to Gambhir, no run
Tait to Gambhir, no run
Tait to Gambhir, FOUR runs
Tait to Gambhir, no run
Tait to Gambhir, FOUR runs
Nannes to Vijay, no run
Nannes to Vijay, 2 runs
Nannes to Vijay, no run
Nannes to Vijay, no run
Nannes to Vijay, no run
Nannes to Vijay, no run
