Nehra to Smith, 1 run
Nehra to Hussey, OUT
Nehra to Hussey, no run
Nehra to Hussey, no run
Nehra to Hussey, 2 runs
Nehra to Hussey, 2 runs
Khan to Hussey, 1 run
Khan to Hussey, no run
Khan to White, 1 run
Khan to Hussey, 1 run
Khan to Hussey, 2 runs
Khan to White, 1 run
Nehra to Hussey, no run
Nehra to White, 1 run
Nehra to Hussey, OUT
Nehra to Hussey, FOUR runs
Nehra to White, 1 run
Nehra to White, no run
Yuvraj to Hussey, no run
Yuvraj to Hussey, no run
Yuvraj to White, 1 run
Yuvraj to Haddin, OUT
Yuvraj to Hussey, 1 run
Yuvraj to Hussey, FOUR runs
Khan to Haddin, SIX runs
Khan to Hussey, 1 run
Khan to Hussey, 1 wide
Khan to Hussey, 2 runs
Khan to Haddin, 1 run
Khan to Hussey, 1 run
Khan to Hussey, FOUR runs
Harbhajan to Haddin, no run
Harbhajan to Haddin, no run
Harbhajan to Haddin, no run
Harbhajan to Hussey, 1 run
Harbhajan to Haddin, 1 run
Harbhajan to Hussey, 1 run
Yuvraj to Warner, OUT
Yuvraj to Hussey, 1 run
Yuvraj to Warner, 1 run
Yuvraj to Warner, SIX runs
Yuvraj to Warner, no run
Yuvraj to Warner, SIX runs
Pathan to Warner, 1 run
Pathan to Hussey, 1 run
Pathan to Hussey, no run
Pathan to Hussey, SIX runs
Pathan to Warner, 1 run
Pathan to Warner, SIX runs
Nehra to Hussey, no run
Nehra to Hussey, no run
Nehra to Hussey, no run
Nehra to Hussey, SIX runs
Nehra to Warner, 1 run
Nehra to Hussey, 1 run
Pathan to Hussey, 1 run
Pathan to Watson, OUT
Pathan to Watson, SIX runs
Pathan to Warner, 1 run
Pathan to Watson, 1 run
Pathan to Warner, 1 run
Jadeja to Warner, 1 run
Jadeja to Warner, no run
Jadeja to Warner, no run
Jadeja to Warner, SIX runs
Jadeja to Warner, SIX runs
Jadeja to Warner, SIX runs
Pathan to Watson, 2 runs
Pathan to Warner, 1 run
Pathan to Watson, 1 run
Pathan to Warner, 1 run
Pathan to Warner, no run
Pathan to Warner, no run
Khan to Warner, 1 run
Khan to Watson, 1 run
Khan to Watson, SIX runs
Khan to Warner, 1 run
Khan to Warner, FOUR runs
Khan to Warner, no run
Pathan to Watson, no run
Pathan to Warner, 1 run
Pathan to Watson, 1 run
Pathan to Warner, 1 run
Pathan to Watson, 1 run
Pathan to Warner, 1 run
Khan to Warner, 1 run
Khan to Warner, no run
Khan to Warner, no run
Khan to Warner, SIX runs
Khan to Warner, 2 runs
Khan to Watson, 1 run
Harbhajan to Watson, 1 run
Harbhajan to Warner, 1 run
Harbhajan to Watson, 1 run
Harbhajan to Watson, no run
Harbhajan to Watson, FOUR runs
Harbhajan to Warner, 1 run
Jadeja to Watson, SIX runs
Jadeja to Watson, SIX runs
Jadeja to Watson, SIX runs
Jadeja to Watson, no run
Jadeja to Warner, 1 run
Jadeja to Warner, no run
Harbhajan to Warner, 1 run
Harbhajan to Warner, no run
Harbhajan to Watson, 1 run
Harbhajan to Watson, no run
Harbhajan to Watson, 2 runs
Harbhajan to Watson, no run
Nehra to Watson, 1 run
Nehra to Watson, SIX runs
Nehra to Watson, no run
Nehra to Warner, 1 run
Nehra to Warner, no run
Nehra to Warner, FOUR runs
Harbhajan to Watson, no run
Harbhajan to Watson, no run
Harbhajan to Watson, no run
Harbhajan to Watson, no run
Harbhajan to Watson, no run
Harbhajan to Watson, no run
