Jarvis to Simmons, SIX runs
Mpofu to Simmons, 1 run
Mpofu to Dwayne Bravo, 1 run
Mpofu to Simmons, 1 run
Mpofu to Dwayne Bravo, 1 run
Mpofu to Dwayne Bravo, no run
Mpofu to Dwayne Bravo, 2 runs
Jarvis to Simmons, no run
Jarvis to Simmons, FOUR runs
Jarvis to Dwayne Bravo, 1 run
Jarvis to Simmons, 1 run
Jarvis to Simmons, no run
Jarvis to Dwayne Bravo, 1 run
Utseya to Dwayne Bravo, 1 run
Utseya to Simmons, 1 run
Utseya to Dwayne Bravo, 1 run
Utseya to Dwayne Bravo, SIX runs
Utseya to Simmons, 1 run
Utseya to Simmons, no run
Mushangwe to Dwayne Bravo, FOUR runs
Mushangwe to Simmons, 1 run
Mushangwe to Simmons, SIX runs
Mushangwe to Simmons, no run
Mushangwe to Simmons, SIX runs
Mushangwe to Dwayne Bravo, 1 run
Utseya to Dwayne Bravo, 1 run
Utseya to Dwayne Bravo, no run
Utseya to Dwayne Bravo, 1 wide
Utseya to Simmons, 1 run
Utseya to Dwayne Bravo, 1 run
Utseya to Dwayne Bravo, no run
Utseya to Simmons, 1 run
Mushangwe to Dwayne Bravo, FOUR runs
Mushangwe to Dwayne Bravo, no run
Mushangwe to Dwayne Bravo, no run
Mushangwe to Simmons, 1 run
Mushangwe to Simmons, SIX runs
Mushangwe to Simmons, no run
Utseya to Simmons, 1 run
Utseya to Simmons, no run
Utseya to Dwayne Bravo, 1 run
Utseya to Dwayne Bravo, no run
Utseya to Simmons, 1 run
Utseya to Dwayne Bravo, 1 run
Mushangwe to Simmons, no run
Mushangwe to Simmons, no run
Mushangwe to Dwayne Bravo, 1 run
Mushangwe to Simmons, 1 run
Mushangwe to Dwayne Bravo, 1 run
Mushangwe to Simmons, 1 run
Utseya to Simmons, 1 run
Utseya to Simmons, no run
Utseya to Dwayne Bravo, 1 run
Utseya to Dwayne Bravo, no run
Utseya to Dwayne Bravo, FOUR runs
Utseya to Dwayne Bravo, no run
Mutombodzi to Dwayne Bravo, 1 run
Mutombodzi to Dwayne Bravo, 1 wide
Mutombodzi to Simmons, 1 run
Mutombodzi to Simmons, no run
Mutombodzi to Simmons, no run
Mutombodzi to Dwayne Bravo, 1 run
Mutombodzi to Simmons, 1 run
Mpofu to Dwayne Bravo, 2 runs
Mpofu to Dwayne Bravo, 1 wide
Mpofu to Darren Bravo, OUT
Mpofu to Simmons, 1 run
Mpofu to Simmons, no run
Mpofu to Simmons, no run
Mpofu to Simmons, no run
Mutombodzi to Darren Bravo, no run
Mutombodzi to Darren Bravo, no run
Mutombodzi to Simmons, 1 run
Mutombodzi to Simmons, SIX runs
Mutombodzi to Simmons, 2 runs
Mutombodzi to Simmons, SIX runs
Mpofu to Darren Bravo, no run
Mpofu to Charles, OUT
Mpofu to Simmons, 1 run
Mpofu to Simmons, no run
Mpofu to Simmons, no run
Mpofu to Simmons, no run
Mpofu to Simmons, 1 wide
Jarvis to Charles, FOUR runs
Jarvis to Charles, FOUR runs
Jarvis to Charles, FOUR runs
Jarvis to Charles, FOUR runs
Jarvis to Charles, FOUR runs
Jarvis to Simmons, 1 run
Mpofu to Charles, no run
Mpofu to Charles, no run
Mpofu to Charles, no run
Mpofu to Simmons, 1 run
Mpofu to Simmons, no run
Mpofu to Charles, 1 run
Jarvis to Simmons, no run
Jarvis to Simmons, no run
Jarvis to Charles, 1 run
Jarvis to Charles, no run
Jarvis to Charles, no run
Jarvis to Charles, FOUR runs
