Dwayne Bravo to Mushangwe, FOUR runs
Dwayne Bravo to Mushangwe, no run
Dwayne Bravo to Utseya, OUT
Dwayne Bravo to Mushangwe, 1 run
Dwayne Bravo to Utseya, 1 run
Dwayne Bravo to Mutombodzi, OUT
Best to Mutombodzi, 1 run
Best to Utseya, 1 run
Best to Utseya, no run
Best to Mutombodzi, 1 run
Best to Utseya, 1 leg bye
Best to Utseya, 1 wide
Best to Chibhabha, OUT
Narine to Waller, OUT
Narine to Chibhabha, 1 run
Narine to Chibhabha, FOUR runs
Narine to Waller, 1 run
Narine to Waller, no run
Narine to Waller, FOUR runs
Sammy to Waller, 1 run
Sammy to Waller, 1 wide
Sammy to Chibhabha, 1 run
Sammy to Waller, 1 run
Sammy to Waller, SIX runs
Sammy to Waller, 1 wide
Sammy to Waller, SIX runs
Sammy to Chibhabha, 1 leg bye
Narine to Chibhabha, 1 run
Narine to Waller, 1 run
Narine to Chibhabha, 1 run
Narine to Chibhabha, no run
Narine to Chibhabha, no run
Narine to Ervine, OUT
Pollard to Waller, 2 runs
Pollard to Ervine, 1 run
Pollard to Waller, 1 run
Pollard to Waller, no run
Pollard to Waller, FOUR runs
Pollard to Waller, no run
Russell to Waller, 1 run
Russell to Ervine, 1 run
Russell to Waller, 1 run
Russell to Ervine, 1 run
Russell to Waller, 1 run
Russell to Ervine, 1 run
Dwayne Bravo to Ervine, 1 run
Dwayne Bravo to Ervine, no run
Dwayne Bravo to Ervine, FOUR runs
Dwayne Bravo to Ervine, FOUR runs
Dwayne Bravo to Waller, 1 run
Dwayne Bravo to Waller, no run
Narine to Ervine, no run
Narine to Ervine, no run
Narine to Waller, 1 run
Narine to Ervine, 1 leg bye
Narine to Waller, 1 run
Narine to Waller, no run
Sammy to Waller, 1 run
Sammy to Ervine, 1 run
Sammy to Ervine, no run
Sammy to Waller, 1 run
Sammy to Ervine, 1 run
Sammy to Waller, 1 run
Narine to Ervine, no run
Narine to Ervine, no run
Narine to Ervine, 2 runs
Narine to Ervine, no run
Narine to Ervine, no run
Narine to Ervine, no run
Sammy to Ervine, 1 run
Sammy to Ervine, no run
Sammy to Ervine, FOUR runs
Sammy to Waller, 1 run
Sammy to Waller, no run
Sammy to Ervine, 1 run
Badree to Waller, FOUR runs
Badree to Ervine, 1 run
Badree to Ervine, no run
Badree to Waller, 1 run
Badree to Ervine, 1 run
Badree to Waller, 1 run
Sammy to Ervine, no run
Sammy to Ervine, no run
Sammy to Ervine, no run
Sammy to Ervine, no run
Sammy to Waller, 1 run
Sammy to Waller, FOUR runs
Badree to Ervine, FOUR runs
Badree to Ervine, no run
Badree to Ervine, no run
Badree to Waller, 1 run
Badree to Ervine, 1 run
Badree to Ervine, no run
Best to Waller, no run
Best to Masakadza, OUT
Best to Masakadza, no run
Best to Masakadza, SIX runs
Best to Masakadza, no run
Best to Masakadza, no run
Best to Masakadza, 1 wide
Badree to Ervine, no run
Badree to Ervine, FOUR runs
Badree to Taylor, OUT
Badree to Taylor, no run
Badree to Taylor, no run
Badree to Masakadza, 1 run
Best to Sibanda, OUT
Best to Sibanda, FOUR runs
Best to Masakadza, 1 run
Best to Masakadza, no run
Best to Masakadza, no run
Best to Masakadza, no run
Badree to Sibanda, no run
Badree to Sibanda, FOUR runs
Badree to Sibanda, no run
Badree to Sibanda, no run
Badree to Sibanda, no run
Badree to Sibanda, FOUR runs
Best to Sibanda, 1 run
Best to Sibanda, no run
Best to Sibanda, no run
Best to Masakadza, 1 run
Best to Masakadza, no run
Best to Sibanda, 1 leg bye
