Balaji to Taylor, 1 run
Balaji to Taylor, 2 runs
Balaji to Oram, 1 run
Balaji to Oram, FOUR runs
Balaji to Oram, 2 runs
Balaji to Taylor, 1 run
Khan to Taylor, 1 run
Khan to Taylor, no run
Khan to Oram, 1 run
Khan to Oram, FOUR runs
Khan to Oram, no run
Khan to Oram, FOUR runs
Balaji to Oram, 1 run
Balaji to Taylor, 1 run
Balaji to Oram, 1 run
Balaji to Taylor, 1 run
Balaji to Franklin, OUT
Balaji to Taylor, 1 run
Pathan to Taylor, 1 run
Pathan to Franklin, 1 run
Pathan to McCullum, OUT
Pathan to McCullum, FOUR runs
Pathan to Taylor, 1 run
Pathan to Taylor, SIX runs
Kohli to McCullum, FOUR runs
Kohli to McCullum, FOUR runs
Kohli to Taylor, 1 run
Kohli to Taylor, 2 runs
Kohli to McCullum, 1 run
Kohli to Taylor, 1 run
Ashwin to McCullum, SIX runs
Ashwin to Taylor, 1 run
Ashwin to Taylor, 1 wide
Ashwin to McCullum, 1 run
Ashwin to McCullum, FOUR runs
Ashwin to Taylor, 1 run
Ashwin to McCullum, 1 run
Kohli to McCullum, 1 run
Kohli to Taylor, 1 run
Kohli to McCullum, 1 run
Kohli to Taylor, 1 run
Kohli to McCullum, 1 run
Kohli to McCullum, no run
Pathan to McCullum, 1 run
Pathan to Taylor, 1 run
Pathan to McCullum, 1 run
Pathan to Williamson, OUT
Pathan to McCullum, 1 run
Pathan to McCullum, FOUR runs
Kohli to Williamson, 2 runs
Kohli to McCullum, 1 run
Kohli to Williamson, 1 run
Kohli to Williamson, FOUR runs
Kohli to Williamson, no run
Kohli to McCullum, 1 run
Balaji to McCullum, 1 run
Balaji to Williamson, 1 run
Balaji to McCullum, 1 run
Balaji to McCullum, 2 runs
Balaji to McCullum, no run
Balaji to McCullum, FOUR runs
Ashwin to McCullum, 1 run
Ashwin to McCullum, SIX runs
Ashwin to Williamson, 1 run
Ashwin to McCullum, 1 run
Ashwin to Williamson, 1 run
Ashwin to McCullum, 1 run
Yuvraj to McCullum, 1 run
Yuvraj to McCullum, no run
Yuvraj to Williamson, 1 run
Yuvraj to McCullum, 1 run
Yuvraj to McCullum, SIX runs
Yuvraj to Williamson, 1 run
Ashwin to McCullum, FOUR runs
Ashwin to Williamson, 1 run
Ashwin to Williamson, 2 runs
Ashwin to Williamson, no run
Ashwin to McCullum, 1 run
Ashwin to McCullum, no run
Yuvraj to McCullum, 1 run
Yuvraj to Williamson, 1 run
Yuvraj to McCullum, 1 run
Yuvraj to McCullum, no run
Yuvraj to McCullum, no run
Yuvraj to Williamson, 1 run
Balaji to McCullum, FOUR runs
Balaji to McCullum, no run
Balaji to McCullum, FOUR runs
Balaji to McCullum, no run
Balaji to McCullum, no run
Balaji to McCullum, no run
Khan to McCullum, 1 run
Khan to McCullum, FOUR runs
Khan to McCullum, 2 runs
Khan to Williamson, 1 run
Khan to McCullum, 1 run
Khan to McCullum, FOUR runs
Pathan to Williamson, no run
Pathan to Williamson, no run
Pathan to Williamson, no run
Pathan to McCullum, 1 run
Pathan to Williamson, 1 run
Pathan to Williamson, FOUR runs
Khan to McCullum, no run
Khan to Williamson, 1 run
Khan to Williamson, no run
Khan to McCullum, 1 run
Khan to McCullum, no run
Khan to McCullum, 1 wide
Khan to McCullum, no run
Pathan to Williamson, no run
Pathan to Williamson, no run
Pathan to Williamson, FOUR runs
Pathan to Guptill, OUT
Pathan to Guptill, no run
Pathan to Guptill, no run
Khan to Nicol, OUT
Khan to Guptill, 1 run
Khan to Guptill, no run
Khan to Nicol, 1 leg bye
Khan to Nicol, no run
Khan to Nicol, no run
