Franklin to Rohit Sharma, 2 runs
Franklin to Rohit Sharma, 2 runs
Franklin to Yuvraj, OUT
Franklin to Dhoni, 1 run
Franklin to Dhoni, 1 wide
Franklin to Dhoni, FOUR runs
Franklin to Yuvraj, 1 leg bye
Oram to Yuvraj, 1 leg bye
Oram to Yuvraj, SIX runs
Oram to Dhoni, 1 leg bye
Oram to Yuvraj, 1 run
Oram to Dhoni, 1 run
Oram to Dhoni, 2 runs
Franklin to Yuvraj, no run
Franklin to Yuvraj, 2 runs
Franklin to Yuvraj, no run
Franklin to Dhoni, 1 run
Franklin to Dhoni, FOUR runs
Franklin to Dhoni, no run
Oram to Dhoni, 1 run
Oram to Dhoni, no run
Oram to Dhoni, no run
Oram to Yuvraj, 1 run
Oram to Yuvraj, no run
Oram to Dhoni, 1 run
Franklin to Yuvraj, no run
Franklin to Dhoni, 1 run
Franklin to Yuvraj, 1 run
Franklin to Dhoni, 1 run
Franklin to Dhoni, no run
Franklin to Yuvraj, 1 run
Vettori to Yuvraj, 1 run
Vettori to Dhoni, 1 run
Vettori to Dhoni, no run
Vettori to Dhoni, no run
Vettori to Yuvraj, 2 wide
Vettori to Dhoni, 1 run
Vettori to Dhoni, no run
Franklin to Dhoni, 1 run
Franklin to Dhoni, 2 runs
Franklin to Dhoni, no run
Franklin to Yuvraj, 1 run
Franklin to Kohli, OUT
Franklin to Yuvraj, 1 run
Vettori to Yuvraj, 1 run
Vettori to Kohli, 1 run
Vettori to Kohli, SIX runs
Vettori to Yuvraj, 1 run
Vettori to Yuvraj, SIX runs
Vettori to Kohli, 1 run
Milne to Yuvraj, 2 runs
Milne to Yuvraj, 2 runs
Milne to Yuvraj, FOUR runs
Milne to Yuvraj, 2 runs
Milne to Kohli, 1 run
Milne to Kohli, FOUR runs
Mills to Yuvraj, no run
Mills to Kohli, 1 run
Mills to Yuvraj, 1 run
Mills to Yuvraj, no run
Mills to Raina, OUT
Mills to Raina, no run
Hira to Raina, 1 run
Hira to Raina, SIX runs
Hira to Kohli, 1 run
Hira to Raina, 1 run
Hira to Kohli, 1 run
Hira to Kohli, 2 runs
Vettori to Kohli, 1 run
Vettori to Kohli, FOUR runs
Vettori to Raina, 1 run
Vettori to Kohli, 1 run
Vettori to Raina, 1 run
Vettori to Kohli, 1 run
Hira to Raina, 2 runs
Hira to Kohli, 1 run
Hira to Raina, 1 run
Hira to Raina, 2 runs
Hira to Kohli, 1 run
Hira to Raina, 1 run
Milne to Raina, 1 run
Milne to Kohli, 1 run
Milne to Kohli, no run
Milne to Kohli, FOUR runs
Milne to Kohli, no run
Milne to Kohli, FOUR runs
Oram to Raina, no run
Oram to Raina, FOUR runs
Oram to Raina, no run
Oram to Raina, no run
Oram to Raina, no run
Oram to Raina, no run
Vettori to Kohli, no run
Vettori to Kohli, no run
Vettori to Kohli, 2 runs
Vettori to Kohli, no run
Vettori to Kohli, FOUR runs
Vettori to Raina, 1 run
Oram to Kohli, FOUR runs
Oram to Raina, 1 run
Oram to Raina, FOUR runs
Oram to Raina, no run
Oram to Kohli, 1 run
Oram to Kohli, no run
Mills to Gambhir, OUT
Mills to Kohli, 1 run
Mills to Kohli, FOUR runs
Mills to Gambhir, 1 run
Mills to Gambhir, no run
Mills to Kohli, 1 run
Milne to Kohli, 1 run
Milne to Kohli, FOUR runs
Milne to Gambhir, 1 run
Milne to Gambhir, no run
Milne to Kohli, 1 run
Milne to Kohli, FOUR runs
Mills to Kohli, 1 run
Mills to Kohli, no run
Mills to Kohli, 2 runs
Mills to Kohli, FOUR runs
Mills to Kohli, no run
Mills to Gambhir, 1 run
